text,labels
emmmmm kontol sama lu,percakapan_porno
malu sih kamu sama titit berbicara gtu eh lupa titit kamu kecil wajar hahaha,percakapan_porno
kontol kamu mampus awal pak nanti <links>,percakapan_porno
bisa buat sampoin jembut juga itu solihun,percakapan_porno
bokep korea cerita cewek yang ketagihan mesum <links>,penyebar_konten_porno
eh kontol tidak jelas kamu mencari muka ngentot,percakapan_porno
yaela kamu mengeluh mulu disakiti cowo tidak ada cowok yang serius giliran ada yang serius dan tidak menyakiti kamu mainkan anjing anjing kamu ngentot,percakapan_porno
banci kamu dasar itu salah banget bencong <links>,percakapan_porno
hati hati om om kalau sudah sange bahaya,percakapan_porno
kalo setauku itu berarti bisa jadi kamu merupakan salah satu jalan petunjuknya allah untuknya si psk agar bisa menjadi lebih baik,non_porno_non_prostitusi
gak lah kan gue sudah tege nih no titit,percakapan_porno
lah nah tadi malam minggu tidak ngewe,percakapan_porno
jual alat bantu sex pria wanita tlp wa 0857 7824 9233 pijatplusplus memekbecek expojaksel wpsemarang openbo openvcs vcs vcscolmek hotel sewamobil jualsepeda jualiphone dirumahaja minggupagi obatjerawat obatkuat pembesarpenis alatsex alatbantusex sextoyswanita <links>,non_porno_non_prostitusi
when someone told me to respond aku bilang aku menghargai atas dasar toleransi manusia tapi aku juga tidak memberi celah untuk membenarkan dalam agama lgbt,non_porno_non_prostitusi
jgn mancing anjing kamu mau gue bilang ngentot kan wajah bosan wajah tidak senang,percakapan_porno
hahahahha titit ayam kamu ini ingin benar dikeplak kayak nya,percakapan_porno
maap² nih yang bilang kalo kamu niat betul buat berubah kamu pasti bisa keluar dari lgbt niatnya yang betul coba pasti orientasi kamu berubah coba deh baca kisah kaum nabi luth pasti ada motivasi buat berubah,non_porno_non_prostitusi
eh kamu kontol kemana saja kangen tauk,percakapan_porno
kayak punya yang begitu saja paling kamu maho,percakapan_porno
wkwk ternyata demenannya begituan pantas saja dia tersinggung kamu ejek bencong woy waktu dan tempat dipersilakan <links>,non_porno_non_prostitusi
emang benar tuyul suka nete,percakapan_porno
kemarin ya kemarin saja tahun lalu ya tahun lalu aja menuduh orang umbar aib begini aja itu akal sehat kamu di taro di otak atau di urat setan saja malu umbar aib waktu masa hidupnya ini lagi gue yang masih nyata di dunia masih hidup mau mengumbar aib mau di simpan di bokong itu muka gua wajah terbalik,percakapan_porno
bokep cewek bispak bandung ngentot croot di dalam wajah gembira download full <links> <links>,penyebar_konten_porno
bangsat cepu kamu anjing pantas saja nolep kontol,percakapan_porno
orang yang belum pernah sama sekali menonton bokep menurut gue munafik sih,percakapan_porno
emang suka ribut mau apa kamu kontol jangan sok mantep,percakapan_porno
yang mau booking indonesia network election survey ke no ini ajanya bisa datang ke alamat khusus sumbar sama riau hubungi saja 62823 9111 5459 bispak janda padang riau memek legit,penjaja_seks
cerita dewasa,percakapan_porno
fokus problem lgbt adalah problem sistemis menyangkut banyak faktor yang saling terkait satu sama lain butuh solusi sistemis penulis wiwing <links>,non_porno_non_prostitusi
klo tidak bisa kasih yang terbaik setidaknya mulut kamu bisa diam kan kntl,percakapan_porno
huhu aku jawab iya adalah itu kamu di twit ramai yang gara gara anjay padahal kan anjir tidak kasar kasar banget masih kasar an kontol wajah sedikit tersenyum,percakapan_porno
the one who sayang ya kalau gay jangan nikah sama cewek sih mostly of them also sayang ih kamu tidak ada niatan nikah sama cewek gitu alias bacot anjing salah muluk dahla puki2 kayak kamu diam saja ya bgst dinikahin salah tidak dinikahin nyinyir wajah lega,percakapan_porno
free sampai malam stay di yoyakarta m 19 privacy terjamin bersih good looking wangi good atitude siap menemani bagi yang butuh mmf ataupun ffm no gay bojogja gigolojogja bojogjaarea bojogjacod pasutri3some pasutrijogja bispakjogja bisyarjogja,penjaja_seks
jenggot institut teknologi indonesia fitrah laki2 kl laki laki yang tidak berjeggot itu namanya bencong,percakapan_porno
avail hari ini st lt jantung atau hati cek rr dm 085892152163 bobogoropen availbogor angelbogor bobogor openbobogor bisyarbogor,penjaja_seks
rumah kamu saja sudah kayak rumah bordil mi segala remang remang ya sudah lah lonte on the house,percakapan_porno
si anak itu punyai pilih untuk belajar dari contoh yang tidak baik atau berdendam dan akhirnya secara tidak sengaja mencontohi kesilapan orang² dewasa tersebut gameplay pemain membuat pilihan berdasarkan plot cerita dari pilihan akan membawa kepada penamat yang pelbagai,non_porno_non_prostitusi
bokong chichila memang semok kayak bokong bekuni avv,percakapan_porno
mana bisa tanggal 9 puncak magma muncrat auuuuuuuu,non_porno_non_prostitusi
titit kamu kayak ke sedot vacum cleaner,percakapan_porno
i sayang the kontol sama kamu smwa ngentod,percakapan_porno
emangnya anak anak anggota ada yang kayak kelakuan gerombolan lu gay itu penyakit masyarakt di dunia hina di akhirat apalagi <links>,non_porno_non_prostitusi
masih basah wajah meneteskan air liur sini tante kita basa bareng desahancowo desahancowok moancowok moaningcowok desahanenak desahannikmat sangeberat sange aaaaaaaaaah sange ngentotjilbab ngentod ngentot ngentotmemek crotttttttaahhhhhh <links>,penyebar_konten_porno
enak ya jadi kamu tidak pernah ada masalah enak ya jadi kamu tidak pernah kesepian enak ya jadi kamu bodoh amatan enak ya jadi lu enak ya jadi lu kontol,percakapan_porno
ukwuwah gundul lu prof muka aspal harus usut tuntas haikal hasan beri duit sama maling yang hoby ngoleksi lonte dan kawin cerai memangnya islam ngajari begitu <links>,percakapan_porno
hahhaa mampus kamu rangga cebong pemuja swingers lgbt ༎ຶ ෴ ༎ຶ,percakapan_porno
klarifikasi pihak sctv terkait tudingan alur cerita dewasa di sinetron dari jendela smp <links>,non_porno_non_prostitusi
tahukah anda pasangan heteroseksual straight ada kebarangkalian lebih tinggi untuk dilanda kehamilan tidak terancang berbanding pasangan homoseksual lesbian dan lebih tinggi lagi kadar membuang bayi bagi pasangan heteroseksual berbanding pasangan,non_porno_non_prostitusi
gua juga anjir tetapi nanti gue pikir lg ingin rasakan ngewe nya hehe apa kah aku kawin sj hm,percakapan_porno
buka jendela sudah terang ngewe mulu lo,percakapan_porno
jembut harum,percakapan_porno
ye do ini sgt betul tapi apa dia buat tak appreciate iya emang lu banci anjing <links>,percakapan_porno
emang jik bisa ngaceng apa didu berguling guling di lantai sambil tertawa terbahak bahak berguling guling di lantai sambil tertawa terbahak bahak,percakapan_porno
lah kalau dosa kamu apa ngewe wajah menangis keras atau menangis tersedu sedu wajah menangis keras atau menangis tersedu sedu,percakapan_porno
gilaaaa cowok kayak begitu disia siain dong ngewe saja kamu hidupnya heran mana masih 18 tahun lagi,percakapan_porno
yaelah yang kayak begini adalah tidak tahan lama netijen alam sana itu dulu giliran gue laporkan ke jyp bilangnya maaf kak aku masih labil aku masih kecil kak jangan laporkan aku isinya anak sampai penganut oppa is milikku yang sudah berani memaki perek segala macem,percakapan_porno
kontol percuma terpantau online kalau rto mulu dwonload packet loss sama corupt kontol kamu cs anjink,percakapan_porno
niatnya ingin tidur tapi adik malah asyik mainkan kontol gede koko kalau dimainkan jadi ngaceng kan keenakan kontol koko dek,percakapan_porno
jangn kacau ngentot gila kali kamu ya,percakapan_porno
untung bukan ayam kampus,percakapan_porno
disini bukan membahas hak dia kawin sama anak anak atau gak di sini membicarakan hak dia ngaceng ya kan hak dia mau ngaceng tetapi ya tidak direalisasi kan juga itu lah inti nya hak ngaceng yang secara natural kamu tidak bisa ngatur,percakapan_porno
kalo ada yang bilang cowo kok cantik kayak cewe banci jawab aja lu kok kayak monyet sih jelek amat banyak bacot lagi,percakapan_porno
app buat menonton film lgbt instal kak pi buruuuuu,percakapan_porno
udah lah iyaya masi pagi dah sange ahwhwhahw gblok,percakapan_porno
bukan mau menghina atau apa ya memang 2020 itu kalau berbicara salah kalau tidak berbicara juga gemas anjay emang intinya begini kamu kaum lgbt mau orang lain nerima dirinya apa adanya lah sedangkan dia gak mau nerima dirinya sendiri apa adanya kalau laki ya laki terima aja lah dia tidak mau,non_porno_non_prostitusi
kebiasaan tidak ngaceng,percakapan_porno
mantan kamu memang kontol,percakapan_porno
ngentod akun orang ternyata,percakapan_porno
lagi nongkrong di kamar ayas ayas kak kenapa kamu tidak coba jadi sugar baby aja aku anjing lu menyuruh gue jadi lonte ayas emang kerjanya ngapain nemenin mengobrol doang kan pale kamu botak menemani mengobrol doang memang adik aing wajah senang atau tersenyum,percakapan_porno
enaknya ngentot di siang bolong apaan yang ada keringatan kali yang enak itu pas tengh malam atau earlymorning uhhhh,percakapan_porno
apa perilaku positif dari kaum homo pencinta lubang tai oi selain ngesex dan menonton video porno terus,percakapan_porno
lo yang ada skandal ngewe sama kunti ya,percakapan_porno
gak gitu maaf gue nete sama sapi saja senyum keringat,percakapan_porno
papah bololo mamahh open bo,percakapan_porno
apaaa respek sama lgbt dimana kamu tau gue respek sama pendosa lainnya hancurrr sudah akal sehatt,non_porno_non_prostitusi
atuk ya ngewe opah upil ipil wajah berusaha keras atau ekspresi tidak nyaman,percakapan_porno
kontol kamu busuk <links>,percakapan_porno
alah disodorkan kontol juga kamu sepong wajah lega,percakapan_porno
main ke instagram menemukan beginian di instagram cerita teman aku hadeh it s just straight up ignorant padahal sahabat gue yang gay temannya d,non_porno_non_prostitusi
fake su anjing sakit banget bayangkan saja lo sudah cape cape curhat mengeluarkan unek unek kamu isi hati kamu yang sebenarnya dan dengan tidak ngotaknya ada yang memaki kamu elah fake sub doang haha anjing banget kamu kntl,percakapan_porno
dasar kontol,percakapan_porno
dih dasar lonte,percakapan_porno
ini sange apa bagaimana njir,percakapan_porno
aku juga nder di bully cuma gara gara suka sama artis operasi plastik katanya eh sekarang malah mereka tiap pembaruan igstories tentang drama korea mulu dasar jablay dan banci,percakapan_porno
ngentot kamu gue service lobang chasannya doang yang rusak kenapa jadi lcd nya juga rusak dan sudah dibilang lcd hanya berbayang tapi masih bisa dipakai dan kenaoa jadi lcd nya ikutan kena anjing banget <links>,percakapan_porno
yf gesek gesekan kontol ayo tapi tidak ngewe mau rep kai,percakapan_porno
lagian kamu yang mau ngewe kita yang suruh pikir sedih atau cemberut,percakapan_porno
marai ngaceng tok menjulurkan lidah dan mengedipkan mata,percakapan_porno
titit nya kecil padahal punya bocah,percakapan_porno
maksudnya kenapa tidak bikin cerita yang tukang nyolong itu semacam hantu yang dewasa misalnya hantu jambret kenapa harus anak anak,non_porno_non_prostitusi
udh ditakdirkan lesbi,percakapan_porno
emang kamu pikir gue membicarakan siapa kntl,percakapan_porno
mau nete,percakapan_porno
ingat lalu muncrat ke atap mobil apa apa apa,non_porno_non_prostitusi
beda kasus bambank ini kejahatan rapist bukan dosa ngentot sama pacar sendiri utekke loo,percakapan_porno
sudah gratis banyak menuntut kamu babik kontol anjir anjir anjay,percakapan_porno
yoih artes2 sama influencer lgbt mana ada yang dtg,non_porno_non_prostitusi
film semi bokep ini menceritakan skandal antara pria dengan mantan kekasihnya yang sudah bersuami <links> filmsemi filmsemikorea,penyebar_konten_porno
wkwkwk can’t drink water aduh muncrat,non_porno_non_prostitusi
me anak smp jaman sekarang bandel banget sudah also me in 2006 i sayang the kontol sama kamu semua ngentot ngentot sama kamu semua <links> <links>,percakapan_porno
gue menyumpahi dicium bencong lu,non_porno_non_prostitusi
ayo ngentot sama aku,percakapan_porno
murah amat tidak kayak open bo,percakapan_porno
dsr lonte <links>,percakapan_porno
abdul muiz kamu bilang tokoh agama lu kira cuma modal jadi peneliti agama doang langsung bisa nyandang gelar ulama lu datang sana sama ulama ulama besar level nasional at least tunjukin ke gue siapa ulama yang benar benar mendukung praktik penyimpangan aktivitas seksual dari kaum lgbt i ll wait,non_porno_non_prostitusi
dasar kontol,percakapan_porno
jgn jadi banci dan pengecut kau jgn cumen bisanya koar koar maki maki orang di medsos temuin gw gw bakal gelandang kamu ke polres bogor jgn pengecut dan pecundang,non_porno_non_prostitusi
lama lama gak ada yang mau temenan sama lu jing laga lu kek ratu ngentot,percakapan_porno
sesaat sang dara daratkan bokong di salah satu kursi panjang──pinggiran kolam madya menghela nafas beberapa kali dengan kuasa yang mengacak surai basah sesekali ────,non_porno_non_prostitusi
ga seram cuma ya begitu banyak darah dimana mana sampai muncrat begitu darahnya,non_porno_non_prostitusi
ngentot datang2 kentot aja lu,percakapan_porno
kntl abil lemah skip aja,percakapan_porno
yang bilang nikah muda buat menghindari zina otak kamu isinya ngewe doang,percakapan_porno
giliran gue keluar bt lu giliran kamu keluar gue dikacangin kalo gue tidak boleh keluar ya kamu juga di rumah lah temani gua kontol,percakapan_porno
duit depo kamu berapa banyak pun tidak bisa bayar apa yang orang tua kamu kasih ya kontol udah haram bangga terus ngeremehin ortu anak anjing emang,percakapan_porno
dih oke kali kamu begitu dikata gue perek apa di dekati laki saja gue kabur lah ini dua kali ya bangsattt kamu bilang begini sama gua jahanam anjrit pahit pahit pahit <links>,percakapan_porno
woi bisa enggak sih kalau orang lagi badmood jangan di ganggu atau di cengengin huhhh lama2 mulut kamu gue robek sini jink berisik kontol,percakapan_porno
tapi kalau sudah ngewe gimana,percakapan_porno
lu bisanya memaki fisik orang kayak jerawatan lu dekil lu apa segala macem kamu tak tau kan anjing perjuangan dia skincarean tanpa kamu suruh juga dia tau harus bagaimana anjing memang mulut kayak kamu bagusnya disumpel kontol baru diam ya,percakapan_porno
enggak kamu tidak salah ebang kntl itu mantan kamu biar tau rasa tapi tetap saja sih kamu bakal diteror sama pinjolnya itu karena dia pakai akun lo,percakapan_porno
dear bos aku memberi data untuk diupdate ya based on the data i recevied ya dari sumber itu doang trs kamu bilang data gue salah semua dan gue tidak inisiatif untuk cari tau daripada nyalahin mending kamu kasih tau bagaimana cara benerinnya kntl,percakapan_porno
ini yang bikin gue setuju kalau kamu gay lesbi ya sudah terbuka aja gua tau dosa gue tau tidak boleh tapi dampak kalau yang mengalami penyimpangan seksualitas terus dia diam aja org² dekat tidak ada yang ngerangkul kamu bayangkan bukan orang tua saja yang ditipu bini sama anaknye jugaaakk <links>,percakapan_porno
avail ya masslov pin bulat solo city in out bisa luar kota yuk isi slot serius wa 088239848435 solobirahi solo solonikmat jogjacrot jogjaopenbo pijatpria pijatenak availjogja bobandung bobekasi includemalang includesolo pijatjakarta solonakal pijatsensual <links>,penjaja_seks
heh anjing kalau cowok otak nya selangkangan mah lihat nenek nenek juga sange bangsat tidak usah kamu menyalahkan cewek cowok tidak bisa jaga nafsu ya seenggak nya jaga itu kontol atau perlu gue kebiri biar tidak ngacengan tolol banget kamu goblok otak di pakai buat pikir maknya jangan kamu jadikan pajangn,percakapan_porno
gue sudah menonton full sayang tidak ada jilmeknya katanya lesbi wkwkwk,percakapan_porno
ketemu teman kampus bilang jadi kurus sekarang al kelihaten banget bokong mu tambah kecil anjir kenapa bokong temen ku cowok padahal wajah kepanasan,percakapan_porno
tumben tidak ada yang bahas musik nya,non_porno_non_prostitusi
perbuatan lgbt itu sendiri adalah melampau <links>,non_porno_non_prostitusi
lonte adalah anything for moneyyy kak cuma bilang kontol kamu gede itu orang senang terus memberi duit beres sini balik bekasi ayo jajanin aku wajah sangat marah,percakapan_porno
kesurupan ayam kampus yang sepi bo wajah menangis keras atau menangis tersedu sedu,percakapan_porno
gakmau berdua doang kayak lesbi,percakapan_porno
gw salah satu kaum lgbt sih tapi gue setuju setuju saja sama orang indonesia bilang lgbt itu penyimpangan dan ya memang dilarang agama tapi balik lagi ke diri sendiri kalau kamu mau tobat ya tobat kalau tidak ya udah terima akibatnya berdoa atau dua telapak tangan menempel lgbt oh iya buat kalian yang straight tolong respect ya,non_porno_non_prostitusi
cerita ke cira dan menurut aku cira juga salah satu orang yang menanggapi cerita aku secara dewasa cir ayo kita meet up di nangornia setelah pandemi ini mata,non_porno_non_prostitusi
he bisa begitu anjing titit lo,percakapan_porno
kamu nuang pakai selang apa bagaimana sampai muncrat,non_porno_non_prostitusi
mau ngewe ya lu,percakapan_porno
ngewe yuuuu,percakapan_porno
ayo ngewe cepet,percakapan_porno
aku bacanya jembut wajah berpikir,percakapan_porno
kucing mang bisa merek dkata pecun,percakapan_porno
hadeh jelek gini sok ganteng jelek lu kontol udah jelek ga sadar diri,percakapan_porno
di ngewe nya tidak enak bang wkwkwk kurang mateng,percakapan_porno
kalau aku berbicara kyaa aku lesbi wajah menangis keras atau menangis tersedu sedu,percakapan_porno
nanti malam ya kita nete yang menjulurkan lidah,percakapan_porno
memberi pengarahan sesuai protocol covid tetapi demo dan kerumunan tidak di tindak tegas apa gunanya dibuat 1000 tugu peti matipun tak guna btw peti mati identik salib loh tidak protes loe oya lgbt lomba selpong seharusnya bertanya rocky gerung dkk mana suara mereka anjayyy,non_porno_non_prostitusi
suara kamu sudah mulai jaksel titit kuda,percakapan_porno
dia lagi menanti ada kontol yang mau memasukkan memeknya yang gatal <links>,penyebar_konten_porno
jaka sembung bawa golok ga menyambung goblok kontol lu,percakapan_porno
gausah kegantengan kamu make apapun tidak cocok wkwk lagi pula kamu juga tidak keren kayak kita kita anjir wkwk sorry bro canda alah wkwk ngentot tidak teman begini,percakapan_porno
gk usah ngeles memberi pendidikan buat next generation dasar banci kita semua sudah tahu kok kalau kamu itu mau panjat sosial berguling guling di lantai sambil tertawa terbahak bahak berguling guling di lantai sambil tertawa terbahak bahak,non_porno_non_prostitusi
jika dulu seks bebas boleh dikawal dengan peraturan dan undang2 jadi budaya baru seperti lgbt juga boleh dilaksanakan satu mekanisme yang sesuai bagi mengawalnya kita boleh mengelakkan perkara yang tidak diinginkan berlaku tanpa pembelaan yang sewajarnya,non_porno_non_prostitusi
kerjanya provokasi umat terus nih menag lebih bagus kamu urusi kaum radikal dalam urusan seksual lgbt yang tidak hanya merusak gerasi muda tetapi juga mengundang datangnya azab tuhan,non_porno_non_prostitusi
dulu hampir temanku nikah sama gay tapi dia bimbang katanya gay bisa balik normal lagi setelah nikah gt ya aku jelaskan lah kalau gay ya tetap gay meskipun nikah iya tiap hari bisa tidur sama lu tau tau suamimu jajan saja sama cowok lain <links>,percakapan_porno
wan jembut yaman dari dulu otak terbalik bro,percakapan_porno
kampang sama asu,non_porno_non_prostitusi
tapi titit kamu kecil,percakapan_porno
keren tidak kamu kontol,percakapan_porno
dikupas juga dong bang sih bencong biar jadi tahu bulat nanti gue bantu goreng deh berdoa atau dua telapak tangan menempel berdoa atau dua telapak tangan menempel,percakapan_porno
chiang khan story cerita tentang persahabatan kedua anak kecil tukkae dan pang karena ayahnya pindah tugas ke bangkok mereka harus berpisah ketika dewasa mereka tidak sengaja bertemu dengan cara yang tidak baik ceritanya bagus alurnya juga bikin sesak banget bos berguling guling di lantai sambil tertawa terbahak bahak wajah menangis keras atau menangis tersedu sedu <links>,non_porno_non_prostitusi
tokoh lgbt paling berpengaruh di ind yang dihina jokowi adalah salah satu tokoh muslim paling berpengaruh di dunia lucu wajah tersenyum lebar dan mata tertutup wajah tersenyum lebar dan mata tertutup gelandangan p0litik yang tidak waras menghina tokoh kaliber dunia rocky rocky pakek otak lu <links>,non_porno_non_prostitusi
selamat nete anda terjamin halal,percakapan_porno
temani indonesia network election survey malam ini dong bang indonesia network election survey sange berat yang mau hubung indonesia network election survey ya 62823 9111 5459 di jamin puas bispak janda meme,penjaja_seks
ga ada yang bisa mengambil repair dari gue alias kontol kamu babi <links>,percakapan_porno
tdk saya tidak paham yang saya lihat banci lari pakai daster tapi merasa jagoan,percakapan_porno
pegel anjir ngaceng terus wajah menangis keras atau menangis tersedu sedu,percakapan_porno
gue juga bahas lgbt nya kata kata kamu itu ambigu pedang main pedang maen bekal dikamar maksud kata kamu apa,non_porno_non_prostitusi
gitu saja lah tidak usah memuter memuter wkwk lu boleh tidak setuju sama lgbt karena agama bebas tapi kamu tidak boleh sok sokan kaitin itu sama ilmiah yang sudah sepakat sebaliknya,non_porno_non_prostitusi
elu gay ya lu kira perintah menutup aurat wanita di al quran bukan karena kecenderungan fitrahnya lelaki yang bisa terpancing syahwatnya karena lihat aurat lekuk tubuh wanita,percakapan_porno
karena gue suka cerita yang lebih dewasa dan berbau perkuliahan ini menyambung sih di gue walaupun gue bacanya karena di rekomendasikan dengan banyak orang dulu gue juga tipe orang yang tidak suka cerita yang banyak dibicarakan orang tapi baca ini ternyata ceritanya memang selera gue jadi gue baca lol,non_porno_non_prostitusi
aku anaknya anti galau in cowok di rl bahkan dicurigai lesbi jempol ke bawah berkulit putih kuning langsat sekalinya galau bukan lo banget anying,percakapan_porno
promo khusus malam ini yg mau bo vcs bisa order sekarang wa 089501340105 di tunggu via wa say evailboking liveboking becekrasa jilmexsek vcslive rasapacar bokingledies <links>,penjaja_seks
woii sudah pada malam jumat belom diam diam bae ngentot oi ngentott <links>,penyebar_konten_porno
ngentot kamu dap bangsat,percakapan_porno
mau unduh video igo vcs dan video bokep lainnya semua ada di aplikasi simontok satu ini <links>,penyebar_konten_porno
lu mengajak ngewe mulu,percakapan_porno
dasar ngentot,percakapan_porno
open bo open video call sex incorporate room puas serius wajah memeluk wa 087717679297 incloud ekslude bisa ayam wariabandung shemalebandung openbobandung availbandung bobandung expobandung pijitbandung bispakbandung bisyarbandung bandungbasah bandungnakal vcsbugil vcscroot <links>,penjaja_seks
bintang porno tetapi sekarang suka bikin video ginian,non_porno_non_prostitusi
ikut memang jembut ta wajah menangis keras atau menangis tersedu sedu,percakapan_porno
ngentot iya kamu cai anjing sedih atau cemberut wajah memeluk wajah memberikan ciuman dengan mata tertutup dan pipi memerah,percakapan_porno
apa dikira mucikari kali aku ya,non_porno_non_prostitusi
ngentot lo anjing kok jadi ngomongin itu,percakapan_porno
duh sedihnya lihat adik ini kehabisan statment lah kita debat dari tadi twitmu itu lah dek isinya ejekan tanpa bukti semua sosoan adu statement orang ngebacotin homo doang kerjalu bahkan tanpa memastikan orang yang diejek cowok atau cewek sudah bacot kontol kamu bau tai,percakapan_porno
apa kamu mengurus hidup dia mau jadi bencong atau apaan juga tidak berpengaruh ke kamu kan,non_porno_non_prostitusi
<links> < gambar bugil abg bispak mintak dientot xxx bugil bokep,penyebar_konten_porno
jual bathmate hydromax whatsapp 6285320557457 alat pembesar penisterbaru media air lebih cepat dan permanen rekomendasi dokter sangat aman panjang besar maksimal capai ukuran tabung awet kokoh anti pecah desain media air bagi yang sangat mendambakan penis besar <links>,non_porno_non_prostitusi
lu yang lonte,percakapan_porno
polisi menggerebek pesta gay di salah satu apartemen di kuningan jakarta selatan disebutkan salah satu peserta pesta gay mengidap human immunodeficiency virus atau hiv nah kan kamu pada tidak ada akhlaq ya sama saja kayak suetan anjayy <links>,percakapan_porno
ngaceng pagi kamu bang v jangan keseringan buang bibit anak rugi bro v,percakapan_porno
cewe sd smp sma kuliah ibu2 janda binor jilbab yuk ngewe sama aku aku umur 15 tahun kalau mau langsung aja dm bisa ngewe di rumah aku depok tangsel yuk dm kita ngewe sepuasnya <links>,penjaja_seks
berasa apa begitu kontol gue baru kamu bilang gini,percakapan_porno
bisabisanya muncrat kemana2 wajah menangis keras atau menangis tersedu sedu,non_porno_non_prostitusi
cowo banyak cewek nya fuckboy cewek banyak cowok nya lonte,percakapan_porno
itu lo kontol,percakapan_porno
halah bacotlah kamu kntl,percakapan_porno
gue suka girgroup korea pop sama akb48 wah kamu lesbi ya fucekkkkkkkkkk <links>,percakapan_porno
wtf cerita tv3 ni kenapa budak kecil yang ada rasa kasihan berbanding orang dewasa fak,non_porno_non_prostitusi
gimana gue mau merespons lu mulut kamu saja kayak bencong jijaaaay wajah menangis keras atau menangis tersedu sedu wajah menangis keras atau menangis tersedu sedu,percakapan_porno
cari mama ae biar bisa nete,percakapan_porno
mau dong dientot juga wajah meneteskan air liur wajah memberikan ciuman dengan mata bahagia fullnya langsung kesini saja sayang → <links> ← forum bagikan koleksi 18 grati,penyebar_konten_porno
bego banget sih generasi patriarki semua maunya punya anak laki tidak mau punya anak perempuan habis itu bingung di sekolah laki semua di tempat kerja laki semua terus anak laki kamu mau dikawinin sama siape sama anak laki teman lo walopun bagus sih biar gay jadi legal,percakapan_porno
jangan malu punya bokong gede ingat iklan kiko makin gede makin enak tau,percakapan_porno
boong titit kamu tumbuh ke belakang ya,percakapan_porno
gus open slot nih lonte yang ini habis gajian kan lu,percakapan_porno
open yang serius bo malam ini aja berdoa atau dua telapak tangan menempel rr via dm availsolo bispaksolo angelsolo bisyarsolo bosolo wpsolo kimcilsolo readysolo realbosolo openbosolo bokingansolo solobisyar solobirahi solobispak tersipu atau tersenyum dengan mata bahagia <links>,penjaja_seks
film bokep hot <links> video bokep om downlond porno pedio bokeb watch online bokep video jav g,penyebar_konten_porno
kampang opoto,non_porno_non_prostitusi
kan aku juga mau eniperseri masa kamu doang sama maho aku iri,percakapan_porno
kntl lo semua tuh ngapain anjing ribut sama teknik hah ngapain kntl begitu tidak sih kak wkwkwk,percakapan_porno
avail video call sex real no tipu tipu slot kosong ini jantung atau hati 300k dolar 1jam 200k dolar 30mnit 100k dolar 15mnit minat inbox saja panggilan masuk atau telepon masuk 089515562402 vcscolmek vcsbugil vcs vcscrot vcsreal vcsberbayar vcsyuk vcshot vcsindonesia vcstrusted angeljogja jakartakeras bandungbo vcscolmek vcstrusted <links>,penjaja_seks
eue terus otak kamu kak wajah menangis keras atau menangis tersedu sedu,percakapan_porno
pagi lihat tulisan orang sakit hoiyyyy tengku zul kamu sudah baca tulisan ulama asli dari nu aussie tempat ngantornya nadirsyah hosen namanya menurut dia ada 3 orang khilafah yang lgbt baca ya jadi bacot kamu tidak koar di pagi hari,non_porno_non_prostitusi
biasa di ngewe ya,percakapan_porno
kampang,non_porno_non_prostitusi
amit2 ya savia jangan sampai ketemu cowok begini terus diejek anak lonte dasar titit kecil,percakapan_porno
hak cipta terdaftar atau registered avail today semarang 13 jogja 14 15 surabaya 16 include exclude must dp rr by dm <links>,penjaja_seks
kok aku wocone jembut yo,percakapan_porno
sange doang tidak berani ngewe saja kamu pada,percakapan_porno
penulisnya dalam kemasan cerita dewasa itu mainnya sudah tidak soal baper baperan lagi tapi lebih mencari ke masuk akal atau nggknya mngkn karena itu dulu baca cerita ini kok bisa bawa perasaan banget eh sekarang baca lagi kok biasa aja aku kenapa sih nggk ada yang kenapa napa cont,non_porno_non_prostitusi
dua tiga tutup botol muka kamu kayak kontol <links>,percakapan_porno
apa benar memberikan semuanya untuk orang tersayang selalu dibenarkan apa begitu cara menyayangi bekerja buku cerita anak yang bisa banget dibaca orang dewasa thegivingtree hati hijau <links>,non_porno_non_prostitusi
tinggal di skip dasar bencong,non_porno_non_prostitusi
sebelum aku tidur aku mau mengucap kan bacot lu kontol,percakapan_porno
lu ngantri gidah w tunggu sini w tijus lemon sm krupuk jablay ya,percakapan_porno
ya sudah gue bakal pakai kampang sekarang kita barter,non_porno_non_prostitusi
ya allah kangen neriakin anak anak kelas yang makan mi jablay ayam geprek di kelas,non_porno_non_prostitusi
pakai celana selutut saja gue sudah dijulidin lonte sekelas hmmmm,percakapan_porno
cowo kalau lagi ngentot kok ganteng banget ya haha,percakapan_porno
uhhh kontol ku ngaceng langsung mas jantung atau hati,percakapan_porno
niikmat banget duo cowok ganteng habis lagi ngentot wajah tersenyum lebar bermata hati wajah tersenyum lebar bermata hati wajah tersenyum lebar bermata hati menyentuh hati atau memberikan ciuman hati menyentuh hati atau memberikan ciuman hati menyentuh hati atau memberikan ciuman hati tetesan keringat tetesan keringat tetesan keringat <links>,penyebar_konten_porno
avail ya sayang buat hari ini incldroom excldroom vcs info dm wa cek profil iya beb tanda cium cod jempol ke atas jantung atau hati bomedan bisyarmedan cewekmedan expomedan bispakmedan openbomedan availbomedan realaccount panggilanhotel,penjaja_seks
kan dd pernah bilang kalau dd maho wajah memerah,percakapan_porno
lo bayangkan ngentot pakai balsem bro seger titit kamu kayak habis dikerok,percakapan_porno
lebih baik tidak usah nikah bro itu lebih baik hadapi lah kalau memang pilihan hidup kamu itu jadi gay hadapi kayak millen dkk orang bisa saja tidak suka dengan pilihan lu tapi tentu lama kelamaan mereka bisa menghargai pilihan lu ga usah ngeluhin pemerintah dan orang indonesia mulu,percakapan_porno
ngakak yeah anak gw semakin jablay lu ada saran kaga,percakapan_porno
pgn nete,percakapan_porno
pc jaehyun yang masih avail yang mana saja ya,non_porno_non_prostitusi
having sex itu enggak dosa dodol kalau km lakukan dengan pasangan halalmu pasangan halalmu wanita bukan sesama laki laki beda in antara laki laki dan perempuan saja enggak bisa dasar gay pembawa sial <links>,percakapan_porno
‘kok cowok di rumah saja sih gapernh keluar rumah’ basing gua kontol hidup gua ajg lo siapa ngasih makan aja enggak,percakapan_porno
kamu tau apa tentang dosa orang orang lgbt membicarakan dosa membicarakan agama memang dosa kamu lebih sedikit dari yang lgbt memang agama kamu sudah sejauh apa sampai kamu memaksa orang orang berubah ibadah kamu sudah sejauh mana sampai bisa mengomentari agama dan ibadah orang lain tuhan orang lain,non_porno_non_prostitusi
ngewe sana kamu sama gedebong pisang jari tengah <links>,percakapan_porno
dasar anak anak ngentot,percakapan_porno
sama tetangga video ngentot mama ngentot ngentot istri teman cerita bersambung cerita ngentot foto mahasiswi no,penyebar_konten_porno
kontol bawa bawa miskin tidak bisa kuliah dll udah miskin bahasanya kayak tai jaman sekarang kalau kamu niat ikut sbm masuk negeri bayarnya sesuai kemampuan orang tua kamu cuk goblok banget heran,percakapan_porno
ga tau nih di rumah saja malah bawaan nya sange mulu huhuhu,percakapan_porno
ewa ngewe ewa ngewe ae kon tidak wedi dunia ini murko a,non_porno_non_prostitusi
jadi jangan heran kalau nanti akhirnya ya sama saja kayak penggebrekan2 pesta gay sebelumnya yakni tidak masuk ke persidangan dan semua pulang ke rumah masing masing karena memang tindakan polisi tidak punya dasar hukum kuat ujung2nya ya cuma buat konsumsi media aja,non_porno_non_prostitusi
kata temanku aku mengingatkan dia sama karekter utama di film lupa judulnya tentang pekerja seks komersial dari sisi psk nya filmnya bagus aku sudah nonton dari situ aku tau cowok kalau senang habis sex bisa cerita apa saja baik tentang masalahnya atau pamer hal hal yang bikin dia bangga,non_porno_non_prostitusi
kalo memang gay harusnya berani akui ke keluarga dan jangan nikah sama lawan jenis buat menutupi itu lebih jahat dari mulut mulut kotor netyjen yang bully atau menistakan lu saja tidak yakin keluarga kamu nerima tp koar orang lain harus terima sapa eluuuuu,non_porno_non_prostitusi
lah tau arti kata jembut lu punya kamu kan belum numbuh,percakapan_porno
dikiranya nikah isinya cuma ngewe doang kali ya nikah butuh kesiapan finansial mental dan emosional masing masing pasangan kalik nikah tidak seindah drama korea atau dongeng2 lu ntar nikah tidak makmur yang ada bertengkar mulu ujung ujungnya cere menyalahkan laki lu padahal kamu yang ngebet nikah goblog,percakapan_porno
haahahahhaa ayo ayo sini kasih tau dong ke kita semua kalau dia benaran mucikari jangan cuma bacot doang wkwkw,non_porno_non_prostitusi
jujur pas scene ini pas tine teriak susu gue langsung ngaceng alias tertawa kencang anjir tidak kuat akhjskdnmsmdmds ยังคั่,percakapan_porno
kali saja kamu mau nete ke kucing gue tidak melarang lis,non_porno_non_prostitusi
kamu siapa ngentot baru pacar nyuruh2,percakapan_porno
gegara tidak sarapan ini badan lemas ngaceng pun malas wajah berusaha keras atau ekspresi tidak nyaman,percakapan_porno
pet peeves itu suatu hal yang bikin hana gedek muak enek kesal gt pasti ada kan contohnya tidak suka lihat bencong alay begitu deh 53 emangnya kamu bisa dan segala kata kata yang mremehkan dan mnginjak injak,non_porno_non_prostitusi
tergantung ceritamu sih nder seleranya orang juga beda2 kalau aku lebih prefer semi baku soalnya kan cerita dewasa,non_porno_non_prostitusi
bukan maksud apa apa juga kalau tidak suka tolong di skip tidak menyuruh kamu baca juga gay atau nggaknya member juga bukan kapasitas kamu buat menilai <links>,percakapan_porno
jaga mulutmu mucikari,percakapan_porno
pengen ngewe wajah memelas,percakapan_porno
pngen banget duduki kontol kayak begini menusuk nusuk perut siapa yang mau jadi kudanya didudukin bokepgratis memek ngentot <links>,penyebar_konten_porno
itu kontol yang gede banget wajah menangis keras atau menangis tersedu sedu,percakapan_porno
bukan masalah perhitungan tapi kamu juga sadar diri lah gue sudah bantu kamu tapi gue menitip belikan ayam saja segala malas gerak lo emg kontol,percakapan_porno
coba baca lirik dengan seksama dan video klipnya kata gue lagu lesbi,non_porno_non_prostitusi
woy tadi malam gue bercandai teman gue woy jangan pulang dulu bego bapak emak kamu lagi ngewe gue di lihat bapak bapak anjim terus di teriaki woy sama bapak bapak nya bagaimana dong,percakapan_porno
walaupun gue cowok tetap saja gue risih mau di kirim foto ngew kayak atau apa kek masalahnya kamu cowok juga dan baru kenal please menutupi aib kalian para lgbt apa dengan bangga nya mengumbar mengumbar hal yang mereka buat punya otak tidak sih seram di begitukan sama cowok lagi selesai,non_porno_non_prostitusi
ngaceng tertawa kencang wkwkw,percakapan_porno
semoga tetap istikamah dalam misi membongkar para pecun sampah demokrasi kamibersamaopposite6891,percakapan_porno
main senggol saja kamu kira lagi balap karung nanti disengol balik mengakuinya tidak slahh u kntl,percakapan_porno
cowok kurus kontol lumayan tetesan keringat <links>,penyebar_konten_porno
me my friend bnjirrr parah tuh calon chicken university ha chicken university ahh elahh maksudnya ayam kampus,percakapan_porno
avail solo saja beb rate perjam bebas crot loh daan spesial cim cif rr di biio wajah tersenyum dengan tiga hati availsolo bispaksolo angelsolo bisyarsolo bosolo wpsolo kimcilsolo readysolo realbosolo openbosolo bokingansolo solobisyar solobirahi solobispak <links>,penjaja_seks
lo siapa ganggu mereka iri lo sirik ngapain bilang dia jablay bisa mirror punya kaca nggk apa perlu gue belikan kaca,percakapan_porno
pandang agama dan kamu masih melakukan dosa dosa tersebut dan terus koar koar lgbt penyebab kiamat cpet kamu lebih baik intropeksi dlu mengurusi dosa dosa kamu drpda sibuk mengurus dosa orang lain santai dan senyum,non_porno_non_prostitusi
yang tidak suka lgbt mending blok gue gua tau beberapa mutual gue ada yang benci lgbt sampai rt2 hal yang menentang keras lgbt gua sakit hati baca rt an lo,non_porno_non_prostitusi
dan kamu bilang enak wehh imajinasi apa lagi yang bisa bikin enak kalau tidak ngewe berguling guling di lantai sambil tertawa terbahak bahak,percakapan_porno
baik lah banci lain kali jangan diulang kalau kisah mbak terjadi sama anda anda belum tentu kuat dibully sama orang lain mungkin anda bisa gila atau nanti anak anda yang diposisi dia saya hanya bisa tertawa,percakapan_porno
eue sekali sisanya nongrong,percakapan_porno
temen menawari jualanya bukanya kamu kasih uang lebih buat menambah modal ini kamu malah tawar sampai kringetan itu yang jual emang yang namanya teman itu pada be e be ge o go kontol,percakapan_porno
lo pernah tidak diejek kontol sama orang tua kamu sendiri,percakapan_porno
itu kenapa gue tidak setuju kalau lgbt itu tidak menular menurut gue kaum mereka kayak sengaja cari mangsa buat di pengaruhi ya terserah kamu mau memaki gue homopobic juga <links>,non_porno_non_prostitusi
belajar kok ngentot wajah menangis keras atau menangis tersedu sedu,percakapan_porno
lu ada di mana mana om kayak perek,percakapan_porno
buat video porno,percakapan_porno
ngewe lo,percakapan_porno
wearing expensive berpikir is oke yang tidak oke itu sengaja sengaja buat orang lain iri alias kontol banyak gaya duit bapak kamu doang juga,percakapan_porno
mending kamu makan tai sekalian pakai nasi minumnya minum asi air susu para banci <links>,percakapan_porno
lo sebagai pembaca kalau tidak merasa kamu lonte lo jablay atau kamu kelalawar hitam buat apa kamu kesindir padahal jelas itu tidak ada nama lo yah tapi kan gue memang lonte yah suruh siapa kamu jadi lonte ajg hak gue buat bacot lonte ga usah atur lo atur saja kenapa kamu jadi lonte,percakapan_porno
chaser top jogja mana saja nih gay grindr growlr gayboy gaychaser gayindo gayindonesia lokalhot gaylokal gaytop chubbyguy gaybear gaybottom kontol sange aaaaaaaaaah gayjogja gayasia gayfitness gayyogyakarta gayasia,percakapan_porno
ngentot lo bedua wkwkwkwkw,percakapan_porno
tidak juga sangat wajar kok hs pertama sakit tetapi tiap vagina itu beda beda experienceya kan penis yang memasukkan juga beda tapi vagina dimasuki pas awal sakit banget itu lazim kok,non_porno_non_prostitusi
mau ke tahap sex ya harus siap dari segala sisi sex bukan cerita enak aja sex bisa juga jadi malapetaka yang tidak bisa km tebak lagian klupun terkena malapetaka tsbt jangan jual cerita sedih enth karena hamil disiksa dll itu semua yang biss mengendaliin ya kmdan dia melalui komunikasi,non_porno_non_prostitusi
pernah mengukur kontol sendiri nggak kira kira seberapa panjang,percakapan_porno
mau bertanya ke cewe cewe yang bilang semua cowok sama aja bapa lu banci,non_porno_non_prostitusi
halo say menyentuh hati atau memberikan ciuman hati avail include di mahana daerah renon menyentuh hati atau memberikan ciuman hati yuk sayang yang mau bo desi menyentuh hati atau memberikan ciuman hati rr wa dm 081549732960 availbali bali denpasar bobali bobaliarea bodenpasar angelbali wpbali openbodenpasar openbobali availbal bispakbali balibirah,penjaja_seks
tua tiga tutup botol muka kamu kayak kontol,percakapan_porno
begini nder kamu belum saja menemukan lawan jenis yang bikin kamu nyaman gue tidak larang soal lgbt sih ya itu dosa dan kelakuan kamu tidak merugikan gw cuma kamu itu kelihatannya belum eksplore dunia lebih dalam jadi masih mentok hidupnya begitu begitu aja try something new and find new friends too,non_porno_non_prostitusi
banyak sekali tawaran pinjaman judi jasa psk chat mesum hadiah undian dll komplit deh nomorku yang telkomsel,percakapan_porno
masalah kalau gue bencong,non_porno_non_prostitusi
minta wa terus bagikan loc aku grepein sampai muncrat itu memek,percakapan_porno
pacarnya bowie cece sih banci salon dan banci tampiln berguling guling di lantai sambil tertawa terbahak bahak <links>,percakapan_porno
tapi dia sudah bisa ngewe halal kak iri banget ingin tau bagaimana sih rasanya eue wajah bersin wajah bersin wajah bersin wajah bersin,percakapan_porno
ngomong apa sih lo kalau tak tau mending tidak usah sotau lebih baik bertanya ada apa bukan asal njeplak baik jembut,percakapan_porno
tapi tetap aku makan ayam katsu 10 rebu di belakang kampus yang isinya tepung semua,non_porno_non_prostitusi
kesurupan hantu jablay lu,non_porno_non_prostitusi
jangan deres deres nanti muncrat kemuka aku menangis,non_porno_non_prostitusi
dah lah anjing apa sih kamu enggak usah soasik kntl,percakapan_porno
buat orang orang yang dichatt dimana terus tidak dibalas padahal online kontol kamu semua,percakapan_porno
mbuh radong koe semua koyo bredelan jembut kudanil,percakapan_porno
cewe sangee yuk video call sex aman pokoknya sangeberat ceweksange morningseex tantekesepian tantesangek colmekjilbab colmeksange colibareng,penjaja_seks
ajakin ngewe di hotel dong,percakapan_porno
kucing di atas pager kamu bencong gue jeger budak cibodas 2020,percakapan_porno
sdh jangan banyak bicara sebentar malam open bo yh biar ada pmasukan lg,percakapan_porno
kembang sepatu avail bo kota jepara ready slot beb menyentuh hati atau memberikan ciuman hati tetesan keringat info rr dm orang wa panggilan masuk atau telepon masuk 087832905815 surat cinta openbojepara bokinganjepara availjepara bispakjepara bisyarjepara angeljepara wpjepara includeroom premiumangel lendirland realangels recommendedbo bojepara vcstrusted <links>,penjaja_seks
lu punya kntl,percakapan_porno
oooo bencong toh,non_porno_non_prostitusi
alay dari mananya kampang,non_porno_non_prostitusi
hahahahahha ya terus kenapa tidak kamu scroll saja kenapa kamu harus komen bencong tolol ya kalau pakai main acc tidak apa apa sie kamu sok soan anon pakai memaki bencong yang kelakuannya lebih bencong adalah kamu dasar bodoh,percakapan_porno
yang pacaran lu yang zina lu yang aborsi lu yang lgbt lu tapi pacaran zina aborsi dan lgbt itu maksiat tolol kalo di negeri ini sudah banyak maksiatnya allah pasti marah ujung ujungnya yang mampus enggak cuma lu doang cebong <links>,non_porno_non_prostitusi
haha pengecut kamu kontol membicarakan di belakang kalau kamu memang cowok adalah boy tengahan saja kita,percakapan_porno
nonton berita pagi ini isinya kasus pencabulan dan pemerkosaan semua generasi kebanyakan menonton video porno miris termenung atau wajah merenung atau wajah menyesal termenung atau wajah merenung atau wajah menyesal,non_porno_non_prostitusi
gw cewek lo mengajak nya anal gw mengenalkan sama cowok gay biar anal lo bersyair pantat nya pun pakai skincare jadi glowing mau <links>,percakapan_porno
bsk besok mungkin biar tidak tersinggung dipanggilnya jablay pelacur begitu kali ya kak,percakapan_porno
lemas amat lambe lu tidak disekolahkan ye masih jaman body shaming bilangnya sih tidak ngebully wkwkwkwkwk kontol,percakapan_porno
muncrat makanan aku,non_porno_non_prostitusi
jemi kenapa banget muncrat atuh wajah menangis keras atau menangis tersedu sedu wajah menangis keras atau menangis tersedu sedu <links>,non_porno_non_prostitusi
udh ngatain d kandang giliran di datengin bawa bawa polisi halah cupu lu ngentot dasar anak tua,percakapan_porno
open bo dan vcs untuk area bandung include silahkan dm wa vcscolmek vcsreal notipu vcsbugil infobisyar realangels availbandung bobandung <links>,penjaja_seks
open lagi say spesial malam minggu 100 avail vcs dan bo surabaya pelangi info rr dm surat cinta availsurabaya codsurabaya angelsurabaya bispaksur,penjaja_seks
tolol kamu hartoyo lgbt itu merugikan semua orang otak mesum loe,percakapan_porno
kenapa sih gay banget,percakapan_porno
bandung cikutra open bo dan vcs 6281911496963 fantasi waria top bisa jadi panter threesome pasangan suami istri wariabandung shemale binor wariajakarta ladyboy stw pasutri3some kontolgede jilmek tantesange gayjakarta kulinerlendir pemuasnafsu gigoloindonesia <links>,penjaja_seks
nnti jembut mas,percakapan_porno
2beer yang gue heran kenapa pakai menyanyikan indonesia raya begitu lho mau orientasi kamu gay kayak straight kek masa mau orgy nyanyi lagu kebangsaan dulu <links>,percakapan_porno
hai kizzy open ps dan vcs price testi dll langsung dm ya tanda cium tetesan keringat,penjaja_seks
mulut kamu bau kontol,percakapan_porno
klo presiden sekarang yang selesaikan berarti kerjanya bgmna ko tra usah kebanyakan ngeles kok lonte nya kelompok oposisi kapa sampai sebegitunya kok tra akui klo andaikan tidak selesai jalan trans ini pasti kok juga nyinyir kok punya mulut itu sush bcara sama lonte oposisi,percakapan_porno
gila benar benar fan sejati pasangan gue thankyou komak btw jangan lupa twit ini ya gay nanti gue kasih permen kiss ciuman <links>,non_porno_non_prostitusi
malas mainnya bokong mlu,non_porno_non_prostitusi
muka kamu ky jembut,percakapan_porno
diem kamu pernah mengirim stiker ayo ngewe pas dman sama depan ya jing,percakapan_porno
betumbuk eue,percakapan_porno
yukk masih open bo dan vcs real say wajah tersenyum lebar bermata hati panggilan masuk atau telepon masuk info rr <links> availjakpus cewekbo cewekbookingan bojakart,penjaja_seks
tinggal jawab memang kalau jawab kontol kamu belok apa,percakapan_porno
apasih korea2an lo suka bts sadar bego pada kayak banci gitu lo gaakan paham bro jangan samakan standar bahagia kamu sama semua orang,non_porno_non_prostitusi
add poppowonjinie4 10 yang mana yang avail sudah lupa gue wajah gembira berurai air mata,non_porno_non_prostitusi
iya bu silahkan eh ternyata sih suami gay pantas saja dia izinin selingkuh,percakapan_porno
awas diteror kamu sama yang punya titit,percakapan_porno
kamu ngentot sama,percakapan_porno
dua tiga tutup botol kuker kamu kontol,percakapan_porno
a1 kontol burik ditantang ke lokasi a1 malah ke taman kodok berguling guling di lantai sambil tertawa terbahak bahak dasar bencong berguling guling di lantai sambil tertawa terbahak bahak,percakapan_porno
avail sayang 4 slot pertama apartemen center point bekasi wa 082124636672 openbooking openbobekasi openvcs avai,penjaja_seks
bengek anjg are kamu lost baby boy ngahahaha ngaceng gua,percakapan_porno
mas dari daerah mana ya kita sparing yu e ngentod gue bilang sama kamu ya gua ga sebodoh itu meng iya kan apa lagi lu ada di bidang olahraga lain ujung ujungnya pemain gua kamu iming imingin bangsad,percakapan_porno
62 823 9111 5459 cewek bokingan daerah payakumbuh bisa datang ke alamat bispak padang bookingan tantegirang janda jablay,penjaja_seks
haus mau nete hubungi asi alami dari alam testi cek likes,penjaja_seks
kayak kamu tidak pernah ngewe muda aaja,percakapan_porno
selamat pagi open video call sex open member video gagang telepon wa mami 082284151941 <links>,penjaja_seks
ter gantung sih kontol panjang situasi kondisi tolenransi pandangan dan jangkauan wajah memberikan ciuman wajah memberikan ciuman,percakapan_porno
yf siapapun ngewe yok sebal banget gua,percakapan_porno
lu saja gila bayangkan anak kamu lagi pesta gay yang risiko bawa penyakit hiv terus nular ke istri kamu ajg,percakapan_porno
enak itu ngentot sama straight,percakapan_porno
korban pedo tidak anda dukung korban pelecehan seksual yang dilakukan kaum lgbt ke orang normal apa anda diam saja korban pelecehan wanita yang memakai cadar anda kok diam saja bahkan anda diam korban anak anak pesantren yang dituduh teroris oleh deny siregar <links>,non_porno_non_prostitusi
pen jawab tetapi belum pernah ngewe sama perawan,percakapan_porno
jablay gue masih melekat saja perasaan,percakapan_porno
open bo video call sex request visio wjib dp mesin atm panggilan masuk atau telepon masuk wa 085934368389 shemalejakarta wariajakarta realvcs shemaletop openbo riming availjakarta readyvcs shemalejatinegara availjakpus vcs berbayar vcstrusted membersonly membervideo recomendedbo <links>,penjaja_seks
ngentot gue kira kamu tau nama tempatnya aowkwowk,percakapan_porno
banci kaleng kadrun haha kasian banget sih kamu drun wajah gembira wajah gembira,percakapan_porno
vespa cbr tinggi anjrot pegal pantat gue lagian siapa yang mau ngajakkin,non_porno_non_prostitusi
gedeg banget sudah gue lihat video mergokin orang coli ngewe di tempat umum kalau niat kamu baik kamu bakal memberi tau baik baik bukan kamu memvideo terus kamu unggah ke sosmed tidak bisa bikin bercandaan jadi aib orang di jadikan bahan bercanda,percakapan_porno
kalau suka kamu jadi lesbi,percakapan_porno
saya yakin mereka yang pro lgbt pasti berjuang membela kaum nya yang digerebek di kuningan dan ujungnya akan berusaha melegalkan lgbt sudah jelas lgbt itu penyakit hina dan dilaknat oleh semua agama jangan atas dasar mengatasnamakan hak asasi manusia jadi bodoh gara gara lgbt,percakapan_porno
jawab lah nder lu bisa kasih gue apa kontol sampai gue harus ikut sama lu ngelahirin gue lu,percakapan_porno
tidak kok aku juga tidak mendukung secara agama haram dan secara sosial kurang baik tapi kalau ada yang lgbt di sekitar aku akunya juga tidak ngejauh apalagi kalau itu temen cukup tau kalau bisa sih dirangkul biar pelan pelan bisa normal lagi,non_porno_non_prostitusi
ga belajar dari kejadian sebelum piala asia u 19 myanmar 2014 padahal indra sjafri yang merasakan dampaknya masih ada di tim nasional emang dasar pengurus pssi banci tampil <links>,non_porno_non_prostitusi
cerita sex terbaru dengar desahan tanteku bikin aku croot <links>,penyebar_konten_porno
tum jitni marzi chaplosi kar kamu hindus ki milna kuch bhi nhi gbulam your ghulam hi raho gay,non_porno_non_prostitusi
namanya juga mengingatkan sesama muslim yang jelas jelas lgbt itu dilarang dalam agama justru orang orang tidak dikenal itu tetap dianggep saudara se iman yang boleh diingatkan dinasihati wajah dengan mata berputar dan ini konteksnya lagi membahas lgbt kenapa kamu jadi sibuk bahas dosa yang laen kocak,percakapan_porno
lihat kpopers apaansi plastik banci gay anj liat orang pacaran dugem b k p langgeng ya gas sampai mmpus bro akhirnya c lagi gw cuman mau bilang kamu terlalu bego buat kita yang berkelas bye,percakapan_porno
open vcs ready slot promo member g is video and foto kalau ikutan member berbayar ya wa 083132786349 line dm aku no php no bo real dijamin bokepviral vcsbugil bokepsma vcs vcsreal ceweksange sangeberat bispakhot bugilhot memektembem realaccount bokep <links>,penjaja_seks
ngimpi boga mobil terus leungit gara gara nolongan jablay jadi bingung balik wajah berusaha keras atau ekspresi tidak nyaman,percakapan_porno
gue direct message selepgrem saja tidak sombong lah kamu jejeyi sombongnya ketinggian kontol <links>,percakapan_porno
konon katanya karena ada ketegangan di otot vagina jadi menjepit sih penis mungkin kayak kram begitu kali ya vaginanya menyeringai,percakapan_porno
avail vcs berbayar tetesan keringat menyentuh hati atau memberikan ciuman hati surat cinta wa 083160163683 panah kanan line tetesiana noribet bunga sakura dijamin real angel trusted ornamen tanda seru hati yang berat malamminggu vcsyuk bugilhot vcs vcscolmek vcsberbayar vcsreal indobugil desahanenak bahancoli crotttt <links> <links>,penjaja_seks
hih dasar loeh jablay yhhhh,percakapan_porno
hsksldkdjddngakak ya kamu bayangkan saja anak kecil gemas bau minyal telon begini mengobrol sama titit iblis,percakapan_porno
alah kintil lo jadi exol dari tahun 2012 gw ga urus ya tot klo lo exol apa kamu menjelekkan nama fandom sendiri klo kamu malu jadi exol ya tinggalkan sekarang juga fandom ini gitu saja ribet banget anjenggss klo lo ngaku jadi senior tu kudunya nasehatin baik2 bukannya kompor mulu kntl,percakapan_porno
terus kalau anjir sama anjrit dipermasalahkan gue chattingan sama teman bagaimana anjg ya masa kaku kaku bgt apa mau pakai kontol memek puki gitu wajah dengan mata berbentuk bintang panjat sosial doang anjing hidup lo mending berbicara anjay anjir anjrit daripada situ ih binatang wajah memberikan ciuman dua jari membentuk v atau isyarat kemenangan atau isyarat damai berkulit putih kuning langsat,percakapan_porno
ready vcs berbayar info tarif langusung dm wa 081368365155 vcsberbayar vcskuy vcsready vcsbugil vcswhatsapp vcstrusted <links>,penjaja_seks
enak kali ya kalau misal ada teman gay yang langsung siap sedia di sampingku ketika aku butuh pelukan atau belaian enak saja sih physical contact sama gay jadi tidak akan bawa perasaan soal feeling gak perlu merasakan patah hati yang teramat dalam who s gay shout out now wkwkwk wajah berkacamata hitam,percakapan_porno
gua ngmg sange gini tar ada yg dm gua minta vcs ue ue,percakapan_porno
iri saja kamu kntl dasar jomblo belajar move on sana,percakapan_porno
hai loe nih kamu sudah buka pesakitan lgbt nyatanya pemerintah punya kebijakan yang menunjang perkembangan nafsu abnormal entar kamu boleh digorok para lgbt lho <links>,percakapan_porno
saran gua nih buat lu semua kontol yang suka brand local tapi jangan gila juga anjing biasa aja gausah disembah anjing suka ya suka sewajarnya aja bangsat 2020,percakapan_porno
transfer ya banyak itu transfer apa lu kasih foto tidak jelas itu apa datanya kontol kamu,percakapan_porno
otak kamu isinya cuma ngewe doang,percakapan_porno
video lokal yang bisa bukan kalian ngaceng yuk order harga murah kok tidak pakai mahal <links>,penyebar_konten_porno
cuy buruan bereskan tidak enak sama sih a tapi kenapa kamu malah seenaknya sama gue anjing kan teman kamu itu gue bukan sih a kontol,percakapan_porno
wajah terbalik wajah terbalik wajah terbalik jangaaan gye menonton sendiri saja berasa dipergokin setan menonton bokep mana itu netflix gue sharing sama abang guesedih atau cemberut,percakapan_porno
jadi mucikari nya a,percakapan_porno
anglemakassar kembang sepatu hari ini aku ready ya kembang sepatu yang mau bo vcs silakan dm tersipu atau tersenyum dengan mata bahagia buruan isi slotnya ya beb menyentuh hati atau memberikan ciuman hati rr via dm hati yang berputar wa 082282663835 openbomakassar expomakassar availmakassar wpmakassar bisyarmakassar bokinganmakassar bispakmakassar lendirmakassar includemakassar vcscrott <links>,penjaja_seks
memek kalau sudah basah begini enak banget keluar masuk pakai jari jadi licin,percakapan_porno
yiren juga punya sisi dewasa yiren bisa jadi auto mamah dedeh dibalik sisi yiren yang gemas dan lucu ini tersimpan sisi dewasa yiren yiren suka memahami cerita orang dan buat itu jadi pengalaman yiren juga,non_porno_non_prostitusi
ini memang dasar nya sudah gay terus mencari komunitas apa gimna kok lunak banget jari nya mengetik beginian dan bisa²nya mau di bagikan di base kamu know nggilani,percakapan_porno
bikin ngaceng tidak nih kalo bisa bikin ngaceng aku reply nih soalnya aku suka jadikan lelaki sebagai objek seksualqu,percakapan_porno
gue enggak mengerti sama kontol kamu rak demi wkwk oke gue akuin kamu tahan lama diawal2 gue sama kamu meet tetapi yang kedua ini tak tau deh malas banget gue bahasnya,percakapan_porno
dm di memek maksudnya ndok,percakapan_porno
heh istipar kamu ehsan mau pindah saja meminta bokep kamu muk pindah ke neraka ya bercanda neraka kata sih ipin botak tidak ada akhlak vamosmakrab <links>,percakapan_porno
mockbuster film yang dibuat dengan tujuan mengecoh calon penonton kesamaan bisa terjadi di cerita karakter sampai poster biasanya didistribusikan secara vod kalau b movie biasanya ceritanya mengeksploitasi salah satu unsur cerita no sekian bisa action sex dan lain lain dengan budget rendah,non_porno_non_prostitusi
mucikari syantik,percakapan_porno
mau nete dong,percakapan_porno
nanya adalah normal tapi kalau bertanya detil ini dipencet tidak ini di teken ngga tolol kontol kamu anjing,percakapan_porno
ngintip saudara sepupu ngintip bokep bokepsma bokepjav bokepsmp bokepindonesia bispak bispakjogja bispakjakarta bispakbumil bispaksolo bisyar bisyarjogja bisyarsolo <links>,penyebar_konten_porno
realaccount open video call sex berbayar hati yang berputar yuk yang mau order tarif 1jam 200rb full body kembang sepatu no basa basi kenalan rr surat cinta dm panggilan masuk atau telepon masuk wa 0853 8245 5931 terjamin dan trusted nataliaavail membersonly memekperawan vcsreal readyvcs vcscolmek crottsayang vcsbugil vcsberbayar vcscrot availvcs <links>,penjaja_seks
lanang pecun bro gae akun asli nek wani ojok nak base jere bojone orang semangatmu haha,percakapan_porno
a paling tua soft bisa ngontrol anak anak b maknae main vocal sifatnya dewasa tidak banyak mau c aslinya uwu tapi kalau di stage lain cerita e rapper suaranya berat anaknya ceria percaya diri d gemas tapi dia juga sexy perfomance begitu di tim nya,non_porno_non_prostitusi
mekar tanda cium open tanda cium booking tanda cium elidah menjulur keluar nakal ceria atau mengejek dengan mata tertutupo tanda cium tasikmalaya tanda cium realaccount tanda cium info bisa langsung direct message sayang isi keep slot nya buat pagih ini avail sayang tanda cium availtasikmalaya tanda cium bispaktasik tanda cium bisyartasik tanda cium lendirtasik tanda cium realangels tanda cium elidah menjulur keluar nakal ceria atau mengejek dengan mata tertutupotasik tanda cium openbotasik tanda cium rekomended07,penjaja_seks
gembel arab kebanyakan ngewe diciaarua,percakapan_porno
ready sepsial lebaran promo bo 1 jam free 30 menit avail b o palembang hati yang berputar yukkk yang minat st lt keep slot nya beb menyentuh hati atau memberikan ciuman hati wajah tersenyum dengan tiga hati rr dm hati ya sayy tanda cium 088245745788 ornamen tanda seru hati yang berat openbopalembang ornamen tanda seru hati yang berat bopalembang ornamen tanda seru hati yang berat realangel ornamen tanda seru hati yang berat cewebopalembang jantung atau hati cewepanggilanpalembang <links>,penjaja_seks
mucikari e aku,percakapan_porno
yo jelas menghindari daripada dikiro lesbi wajah bosan wajah tidak senang,percakapan_porno
tdk saya tidak modusin siapa saya hanya kasihan lihat wanita kalian bully ramai ramai macam banci kelaparan kalian ini tenang bro mba saya bukan seperti anda,non_porno_non_prostitusi
klo kamu mengajak dia memilih makan tapi jawabannya terserah fix dia bukan gay,percakapan_porno
kontol kamu,percakapan_porno
tanda cium tangerang dan sekitar nya open vcs bo 100 real angel keepslot ya sayang availserpong availbsd availtangsel availtangerang availtanggerang openboserpong openbobsd openbotanggerang boserpong bobsd botangsel botangerang botanggerang wajibtfdp <links>,penjaja_seks
udah bang percuma dia itu kayak cebong cebong yang dulu serang pak agamanya goblok me,non_porno_non_prostitusi
lu diejek anak lonte itu lo woy anjir kalau gue sih sudah gue santet cowok macam begini biar pas dia berak keluarnya paku bukan tai,percakapan_porno
katanya kalau waktu ngewe ceweknya juga merasakan sakit dulu bang ya sudah kamu enggak usah ngewe sama cewek seumur hidup bang semoga amanah wajah senang atau tersenyum,percakapan_porno
pacaran ingin ngewe nya doang mending sana kamu sewa lonte,percakapan_porno
makasih sis itu perek mode,percakapan_porno
kenapa memegang titit sih kamu tad,percakapan_porno
hallo say udah ready lagi nih tanda cium open bo apa emen kemang view jantung atau hati wajib kondom dan no anal no pap bugil dilarang cek rr dm wa 085779214512 openbekasi bobekasi availbekasi cewekbookingan bispakbekasi ceweksange realangels crottsayang sangeberat bekasibo includebekasi <links>,penjaja_seks
eh tai anjing lu pikir kamu sape ngatain adek gue kamu mending kamu sekolah sana yang benar memaki orang lonta lonte otak kamu benar benar harus di benarkan banyak sarap yang putus di otak kamu,percakapan_porno
lebay kamu kontol,percakapan_porno
mau unduh video igo vcs dan video bokep lainnya semua ada di aplikasi simontok satu ini <links>,penyebar_konten_porno
mau menstruasi begini banget sange nya tidak ada duasedih atau cemberut,percakapan_porno
ih percaya diri kamu kontol,percakapan_porno
lu kontol anak,percakapan_porno
banci pecundang diam diam menyuruh bang untuk cari gua bang popin sudah gue kasih nomernya dan sudah watsapan ah kamu banci,percakapan_porno
kasihan sama pasangannya yang straight dan yang sudah punya anak mending kamu cari orang lesbi juga terus kamu berdua nikah mau main sama laki kamu ya terserah tega bener yang bisek cari yang orang bisek juga nah nikah kamu berdua jangan paksa orang straight buat mengalah sama lu muka anjing muka anjing,percakapan_porno
lo bilang teman kamu gay kamu biasa aja tapi gue lihat kamu bilang pencinta bool mania lo apaan sih homophobic itu bilang saja begitu lo tidak usah sok sokan tidak apa apa tidak apa apa tapi di belakang ngatain,percakapan_porno
tak mau kontol kamu kecil,percakapan_porno
kuntul ya cuk kewan kar kamu batire blekok udu kontol monyet,percakapan_porno
layanin kan kamu open bo,percakapan_porno
haduh kenyang bgt jd ingin ngewe,percakapan_porno
laporan kronologi terkait lumpur muncrat hari ini beks tangan terkepal ke depan api <links> <links>,non_porno_non_prostitusi
ga kerja di komen kerja di komen mau kamu apa kontol,percakapan_porno
lo itu anjing ngntot babi kontol mmk plr tai setan <links>,percakapan_porno
kalo aku dapat lesbi nih memang mampus ah babi sial kamu nih <links>,penyebar_konten_porno
aku setiap ada bokep yang lewat di lini masa dengan caption selebgram <links>,penyebar_konten_porno
kalo memang kamu insecure sama diri kamu sindiri jangan bawa kasus orang lain kntl,percakapan_porno
ogah gue pilih pilih lesbi juga kwin,percakapan_porno
kurus banget kamu kayak lidi tengkorak berjalan gak dikasih makan ya kamu makanya bisa kurus alias kamu yang bilang begitu ke gue kontol,percakapan_porno
kamu lacur dek bikin kontol ngaceng,percakapan_porno
sudah jawab saja dulu apa normal kalau penis dicolok ke anus laki laki untuk mencari kepuasan seksual,percakapan_porno
terbuat dari jembut pilihan air mata bahagia,percakapan_porno
lesbian itu dimana mana sampe teman sendiri saja lesbi,non_porno_non_prostitusi
anjing sender kamu yang lonte tolol,percakapan_porno
gue berteman sangat amat baik sama mereka mereka untuk yang lesbi kadang gue bilang iyaa sekarang gue tau kamu begini gue gaakan ngejauh gue gaakan gimana gimana kita saling menghargai ya gue straight mau apapun hal baik yang gue lakukan ke lo itu karena kamu teman gue jangan pikir aneh2,non_porno_non_prostitusi
omongan cowok mencla mencle jadi bencong saja kamu sana,percakapan_porno
cuma meluruskan doang dia bilang lgbt ditentang semua agama padahal nyatanya enggak lagian diakan naro correct me if i am wrong correct me if i m wrong,non_porno_non_prostitusi
ai banget ngentot anjing <links>,percakapan_porno
rington handphone mainan jadul memang lirik nya begini ya aiyaiya bang joni suka jablay,percakapan_porno
pingin tusuk rasa iya memek tembem itu sama kontol aku,percakapan_porno
puluhan tahun lalu di antv ada berita gay dibunuh tmnnya namanya yudistira ternyara sama <links> juga kaki lu abis bahasa kamu bahasa salon bahasa gay tidak beradab pasti grup sekolam ga berakhlak likusan sekolah dasar sampai <links>,non_porno_non_prostitusi
gak merugikan ndasmu dsitu banyak yang sudah beristri lu gamikir kondisi keluarganya taunya keluar cari nafkah eh malah kegep lagi pesta gay asal kamu tau kalau turun azab enggak cuma lgbt yang kena tapi semua lu pikir dulu istri nabi lut pelaku lgbt gak tetapi karena dia mendukung akhir kena azab jg,percakapan_porno
alhamdulillah tidak pernah tapi kalau sama mama astagfirullah hal adzim ga tanggung tanggung dulu pas kecil keta1 menonton bokep dipukuli pakai alat penggaruk sampai patah that s kenapa sampai sekarang aku tidak berani menonton bokep hikd,percakapan_porno
oke bos memang ngentot banget omongan kamu tetapi ada benernya juga,percakapan_porno
lagi menonton video porno lgbt kayaknya makkkk astaghfirullah wajah dengan mulut tertutup rapat atau bungkam wajah dengan tangan menutupi mulut,percakapan_porno
wassu benaran dibuka sitik muncrat dibuka pol kayo damkar,non_porno_non_prostitusi
diotak kamu cuma ada kata nikah doang kali ya emang tidak mau membangun usaha bersama begitu dari sekarang sebelum menikah nanti alasannya kan bisa memulai usaha setelah nikah halah mmk kntl,percakapan_porno
avail ya say tetesan keringat info bisa dm wa panggilan masuk atau telepon masuk 085883567164 availjaksel openbo bispakjakarta availjakarta availjaksel cewekmesum availjakarta bisyarjaksel bojakarta bisyarjakarta realbo bispakjakarta bojaksel bojakarta openbojaksel availjaksel openbooking bokepviral <links>,penjaja_seks
apaan sih kamu anak pecun mbacot ae,percakapan_porno
sedih td kena cucuk penis dia keluarkan air kencing dia keluar darah sekali tetapi tak ada batu so tak sure sekarang sakit apa wajah menangis keras atau menangis tersedu sedu wajah menangis keras atau menangis tersedu sedu kasihan dari malam tadi dia weak,non_porno_non_prostitusi
rizky ngentod,percakapan_porno
yakin kalau butuh kemistri adalah harus hasilin anak wajah gembira berurai air mata kalau cuma ngewe doang mungkin cuma penasaran sama rasanya ngentot doang,percakapan_porno
pagi bebb avail vcs berbayar promo 150k 1jam full body full face info chat by wa 089661078040 <links>,penjaja_seks
papi jyp ini bukan babi sembarang babi nne ini babinya bisa joget haw yu lek det geol geol pantat bada bing bada bung,percakapan_porno
yuk isi slot aku hari ini jam 1 open bo vcs sampai crot tetesan keringat age 17thn rr dm callme panggilan masuk atau telepon masuk wa 082124577588 availjakarta availjaktim availpondokkelapa cewebo cewebokingan openbojakarta vcsbugil vcsccolmek elidah menjulur keluar nakal ceria atau mengejek dengan mata tertutupojakarta bisyarjakarta angeljakarta ayamkampus abgngewe abgbugil <links>,penjaja_seks
kamu bisa ngaceng tidak,percakapan_porno
aku juga hari ini baca menfesss tidak jelas semua yang cerita tentang sex nya lah yang takut hamil sampai mau bunuh diri lah duh wajah menangis keras atau menangis tersedu sedu,percakapan_porno
ntar jelek lo mengambek ngentot <links>,percakapan_porno
gerombolan homo lagi menutup menutupi kasus lgbt segambreng bentar lagi bangsat itu teriak seperti teriaknya bossnya bubarkanmui <links>,percakapan_porno
cerita lucu dewasa duduk diatas perut <links> via,penyebar_konten_porno
dlm pandangan orang dewasa memilih jodoh bukan saja melulu soal fisik tapi lebih jauh harus menilai kecocokan karakter karena setelah menikah yang dicari bukan sekadar sensasi hidup tapi teman hidup yang se frekuensi untuk berbagi cerita dan keluh kesah sepanjang hari,non_porno_non_prostitusi
pacaran hanya untuk anak kecil untuk orang dewasa ya ngentod,percakapan_porno
ramee banget tentang perbekalan ini hufftt aku jadi ingat pas semester berapa begitu aku selalu bawa bekal ke kampus sederhana saja isinya nasi tempe goreng yang dikasih serbuk telur nugget ayam kalau lagi ada kadang juga cumi terus kangkung suka banget,non_porno_non_prostitusi
gue juga tidak menutup kemungkinan kalau misalnya suatu saat gue akan menikah but don t speak it too loud terlebih kalau kamu punya pasangan gay saat ini terkecuali kalau kamu beranggapan menjadi gay adalah sebuah kelainan dan perlu disembuhkan,percakapan_porno
emg ngewe harus punya pasangan dulu berguling guling di lantai sambil tertawa terbahak bahak,percakapan_porno
woiiii plsss yang benar sumpah ini penyedia tidak becus anjing 58703501 putus mulu setiap 2 jam mati kontol ah gue tidak bisa sekolah kontol kamu sudah bikin gue diskonek waktu ujian 0 kan kontol jangan pakai penyedia ini,percakapan_porno
anak laki laki yu beli martabak pria dengan mulut membentuk o yu mke jaket celana pendek sepaha kayak perek taunya gue dibawa ke lembang buat cari angin alias tiris aisia anjing,percakapan_porno
carrd gform riddle tweet kirim base bikin akun bucin artyard video bucin atau kamu mau gampabg ajak ngewe waktu cum kamu bilang be mine,percakapan_porno
dasar anak kontol tapi aku sayang,percakapan_porno
heh lu lonte mending lu urusin skincare lu pake yang buat anti aging soalnya boros banget tu muka kan cantik segalanya buat hew eh manusia kayak lu,percakapan_porno
ngemut kontol sebesar itu terus crot di mulut weh kenikmatan duniawi ya gays gay coli bahan coli,percakapan_porno
satu titit dua kontol lo semua tolol,percakapan_porno
waria open bo jakarta selatan kalibata wa 085892000190 wariachantik wariahot shemalejakarta jagongisep jagogoyang kuyyllah <links>,penjaja_seks
dasar bencong bangsatt kaum lu itu kalau tidak ada pelampiasan condong nya jadi predator dan targetin anak anak yang masih polos,non_porno_non_prostitusi
whaattt jembut,percakapan_porno
yang minat open video call sex adik pagi nih sudah open sayang vcs real 100 no modusdanno basa basi minat info rr panah kanan dm orang wa panggilan masuk atau telepon masuk 085259025399 vcsbugil vcsjilbab vcsreal vcstrusted vcswhatsap vcscolmek vcscroot vcshot availvcs <links> <links> <links>,penjaja_seks
ada saja orang jualan lulur pakai kata kata ni a aduh racist amat kamu kontol,percakapan_porno
kenapa kamu manusia homo wajah menangis keras atau menangis tersedu sedu wajah gembira berurai air mata berguling guling di lantai sambil tertawa terbahak bahak,percakapan_porno
pas gue jadi diri gue sendiri dibilangnya apaan sih kamu kayak banci cewek itu manis dikit pas gue mencoba jadi cewek manis anjir jijik lah iya sih anjing,percakapan_porno
ngewe yang enak seperti apa sih,percakapan_porno
avail serang yuk merapat aku tunggu ya dm ny pengen sensasi sex berbeda bgitu indahnya hari ini andai kamu ada availserang openboserang bisyarserang kimcilserang expolserang bispakserang availserang <links>,penjaja_seks
kan kamu gay ja,percakapan_porno
jikalau kamu ingin memaki orang dengan kata sopan dan jauh dari hukum tatap mukanya tarik nafas ngentot lu,non_porno_non_prostitusi
hlah ngentot selera bright juga tidak kayak lo,percakapan_porno
karena sekarang banci juga merokok,non_porno_non_prostitusi
tny ibadah juga tidak boleh perek lu sanger sesat said tipa,percakapan_porno
selo amat sudah mengecek handphone satu cuma buat ada video porno apa kagak,non_porno_non_prostitusi
selamat hari senin buat kamu semua ngentot,percakapan_porno
kran wudhu nak sekolah sudah bukannya alot pas keluar jros muncrat semua bangsat teles semua rokku,non_porno_non_prostitusi
mmpus kamu kntl,percakapan_porno
ngentot yu yang rl nya sangean,percakapan_porno
kenapa juga suka banget memaki orang sok religius kamu bukan anang hermansyah kurang kurangi ngejudge ya kontol,percakapan_porno
regular kei kamu kei kamu kei kamu dengan zuko gay kamu nonbinary kei kamu they kamu toxic masculinity kei kamu kei bro thirst trap kei kamu kei hoe,non_porno_non_prostitusi
avail medan yuk isi slot ku sayang rasakan sensasi making love menyentuh hati atau memberikan ciuman hati menyentuh hati atau memberikan ciuman hati openbomedan bomedan bisyarmedan includemedan lendirmedan medanbisyar abgmedan availmedan codmedan angelmedan bispakmedan excludemedan expomedan wpmedan realaccount trustedbisyar <links>,penjaja_seks
nanti baru di sepongin kontolnya sudah muncrat lagi menyeringai menyeringai menyeringai <links>,percakapan_porno
kayaknya berondong ini ya kontol gay coli bahancoli <links>,penyebar_konten_porno
koe orang loro sudah kenal bertahun tahun tetapi nembe meet up padahal perek,non_porno_non_prostitusi
jan coli mulu ngentot saja langsung biar tidak tanggung,percakapan_porno
memek kamu kebuka selebar apa lo cowo titit kamu ganteng,percakapan_porno
eh kontol kalo mau ngejatuhin orang bukan kek gini caranya lo yang ngejebak lo yang nanya ngapain gangguin pacar orang tolol,percakapan_porno
emang itu manusia anjir anjing luh bangke sapa kamu memang banyak gaul sama banci siii,percakapan_porno
aku sange nih orang berlari orang berlari orang berlari orang berlari,percakapan_porno
beneran tanya lo kalau sama orang lgbt enggak risih terus kalau pada akhirnya karena dibiarkan mereka tumbuh tambah banyak enggak takut sama generasi kedepannya kita nih koar koar biar mereka enggak menambah kita enggak ngejudge tapi memang melontarkan hal hal yang memang enggak pantas,non_porno_non_prostitusi
kalo kata gue sih kasta terendah ya gay kaum lgbt bukan golongan kadrun atau cebong malu sama ktp yang ada keterangan agama nya mas yoga wajah senang atau tersenyum mau kamu kadrun atau cebong iman seseorang bukan kamu yang tau tp allah kecuali lgbt jelas kada ada apa² nya saran lidah menjulur keluar nakal ceria atau mengejekelajar lagi agama nya,percakapan_porno
gue tidak suka bgt kalau ada laki laki yang sifat sikapnya ky cewe banci bgt apa lagi sampai secara tidak langsung dia mempernalukan perempuan yang pernah sama dia di depan pacarnya sekarang atau teman teman nya sumpah woi kamu banci banget tot,percakapan_porno
ada bekicot jalan lewat tol bacot kamu kontol,percakapan_porno
gue yang dari tadi tidak kamu facebook ngentod,percakapan_porno
minta dong foto body memek tembem,percakapan_porno
ada kapten hook dia sosok yang selalu jadi musuh di cerita peter pan tetapi wendy malah merasakan kesepian dan luka dalam diri hook menurut opiniku hook itu surat pemberitahuan tahunan pengingat bagi pan dan darlings kalau akan ada saatnya kita tumbuh dewasa dan merasakan apa yang dia rasakan,non_porno_non_prostitusi
iya ngekost pas ditanya bawa pengaman ga cengar cengir saja sambil jawab ngga hehehe lah terus mksdnya kamu mau ngewe tetapi modal titit doang wajah menangis keras atau menangis tersedu sedu,percakapan_porno
oh tentu saja pernah nangisnya karena disuruh mati diejek jablay terus lonte putus lalu tidak bisa pindah on dua taun ya banyak dah kalo bahagianya paling begitu begitu aja <links>,percakapan_porno
yang ngetwt lebih jablay,percakapan_porno
memang tidak ada tapi kalimat itukan melanggar norma seolah olah kamu tujuin sama yang lgbt doang padahal kalau secara norma agama memang semuanya bisa melanggar norma tetapi gue sih tim tidak mengurus selangkangan orang kehidupan seks ya urusan orang orang itu sendiri selama tidak merugikan orang lain,non_porno_non_prostitusi
makan siang yuk pantat kan memang bolong tau,non_porno_non_prostitusi
harusnya kamu sudah tau kalau kamu sudah meminta dibentuknya suatu hubungan kamu harus pikir tujuannya hubungan itu di bentuk buat apa bukan buat ngewe doang kan jadi stop lah sedikit sedikit overthingking sama pasangan terus putus ajg,percakapan_porno
avail hotel grand zuri jogja minat info direct message saja wanita dan pria berciuman <links>,penjaja_seks
perek dibayar 500 1jt per crot sedangkan abg abg baru kenal crot malah mau gratis sama pacarnya yang bensin saja susah ka,percakapan_porno
anjay diributin dasar kontol tidak ada pekerjaan ya,percakapan_porno
enak lagi kalau sambil ngewe,percakapan_porno
open bo khusus jakarta cod sayang no uang muka panah kanan wa 089513267576 isi slot yuk sekarang menyentuh hati atau memberikan ciuman hati bokingjakabar availjakarta availjakut availjaksel availjakbar availjakpus bojakbar bojaksel bojakpus bojakarta bispakhot bisyarjakbar recomended4bo recomended cewekbo include <links>,penjaja_seks
ciyeeee meminta orang lain buat ngehajar banci kamu ya wajah dengan tangan menutupi mulut wajah dengan tangan menutupi mulut wajah dengan tangan menutupi mulut wajah dengan tangan menutupi mulut,non_porno_non_prostitusi
menurut kesimpulanku dari debat sama mereka pemikiran mereka itu feminis ateis menjauh dari tuhan negaranya ingin dijajah pro lgbt pro sex bebas tidak menyambung banget kan wajah terbalik,non_porno_non_prostitusi
anjing cebong yang suka jilat pantat kodokwi katak katak katak katak menunjuk ke kiri menunjuk ke kiri wajah gembira wajah gembira wajah gembira berguling guling di lantai sambil tertawa terbahak bahak pudel pudel,percakapan_porno
kaum banci,percakapan_porno
drajatmu i luweh rendah sama wedokan seng open bo ibarat ameh numpaki wedokan open bo ndadak mbayar 500 ewu lah koe gur di tumbaske maem isoh di tumpak i pria mengangkat bahu berkulit putih kuning langsat,percakapan_porno
eh kontol rakyat macam apa sih kamu menyalahkan pemerintah terus otak mu dimana apakau sengaja membutakan mata melihat rakyat indonesia yang susah dibilangi dengan banyak nya kasus surat pemberitahuan tahunan ngumpul kemana mana tidak pakai masker tidak mengikuti protokol kesehatan yang ada muhasabah diri anda,percakapan_porno
<links> < german teen pornstar sexy cora gangbang bispak porn bokep,penyebar_konten_porno
jembut itu mh,percakapan_porno
pasti dia pencinta memek pecun bu senyum keringat senyum keringat,percakapan_porno
ngalihin saja kamu titit,percakapan_porno
kontol memang gue makin less simpatik kamu baca tidak sih orang yang tadi menulis soal itu dia juga ngelist kasus kasus yang tidak banget juga hhhhh tai lah kamu mau orang simpatik tetapi racist juga sama poc lain hoek cuih,percakapan_porno
pendapat kamu tentang lgbt — sudah dewasa seharusnya bisa pikir arah kehidupannya kemana kebahagiaannya dimana iyakan yaudah lanjutkan <links>,non_porno_non_prostitusi
bak kata bunkface lgbt boleh pergi mampus,non_porno_non_prostitusi
gue pkir kamu bilang titit asuk,percakapan_porno
stikernya tulisan ‘iyain saja kamu kontol soalnya’ wajah menangis keras atau menangis tersedu sedu wajah menangis keras atau menangis tersedu sedu wajah menangis keras atau menangis tersedu sedu wajah menangis keras atau menangis tersedu sedu wajah menangis keras atau menangis tersedu sedu,percakapan_porno
ada di saat masanya golongan kadal gurun muncul laki laki mengakui feyemfuan di saat itu juga akan ada azab bagi kaum lgbt atau kadal gurun tunggu waktunya saja wkwk,percakapan_porno
yaiya semua orang bebas berpendapat tapi revina kamu bisa diam tidak ngentot,percakapan_porno
giliran ramai begini takut lu banci saja berani bertindak tidak kayak lu siapa pun bisa nilai kalau opini kamu sebelumnya itu tidak setuju sama yang yaoi ewh,non_porno_non_prostitusi
bapa gue kayak tetapi gue tidak ingin itu banyak album kayak kamu kontol,percakapan_porno
kata kontol tidak kamu permasalahin lut,percakapan_porno
kan sudah dibilang lgbt itu penyakit gak percaya jadinya begini kan wajah menangis keras atau menangis tersedu sedu mudah mudahan dapat hidayah dari allah,non_porno_non_prostitusi
pegi kamu jablay hahaha,percakapan_porno
mentri goblok itu yang pesta gay di kuningan kamu enggak bilang pancasilais,percakapan_porno
ngentot kamu awas aja,percakapan_porno
yupzz cuma deep tone voicenya aja yang bikin temanku temanku klepek klepek wkkwkw sampai meminta di telepon berjam2 dan finally ketemuan dan di traktir selepas itu paling masuk kamar dan ngewe dasar wkwk maaf aku kesal wkkw,percakapan_porno
lah msih pakai bertanya dlu ngk jelas info lo klo buzzer istana itu rombongan abu tolol eko kuntet desi banci dan kroni kroninya masih bnyk klo kroconya model kayak kamu wkkwk,percakapan_porno
lebay banget ngentot jangan jangan kamu ingin berak juga izin dulu,percakapan_porno
thaitea mau ngeracunin kalian semua sama i stories ini kisah lgbt ada semua yang main juga tidak kaleng kaleng bisa ditont,penyebar_konten_porno
ya pintar pintar saja kamu nya intinya kalau misalnya sudah merasa dekat tapi minimal diajak fc saja tidak mau ya fix fucker sih atau tidak dia suka meminta foto titit apalagi sampai meminta yang pakai muka harus hati hati kalau menemukan yang gitu,percakapan_porno
ni orang sudah paling suci memang sudah mulutnya pas nongkrong pakai eyd kali ya nyari engagement begini amat kamu kontol <links>,percakapan_porno
rindu itu kata lain sange,percakapan_porno
lu bertanya kita kita bertanya sape lagian kalau homo tidak mau sama lu udeh enggak usah halu deh bencong,percakapan_porno
pecun ku <links>,penyebar_konten_porno
bacot komposer terkenal kamu lonte sampai bisa memaki basic jaga alat sepong kamu ya,percakapan_porno
baru pertama kalau kulum kontol nih kayaknya <links>,penyebar_konten_porno
gada yang lebih menyakiti daripada dipanggil perek dengan nada yang tajem wajah sedikit tersenyum,percakapan_porno
vcsready yuk santai dan senyum vcs sama vikky 2 slot yuk menyentuh hati atau memberikan ciuman hati vcspagi ini menyentuh hati atau memberikan ciuman hati save wa line baca fr cek vcsbogor menyentuh hati atau memberikan ciuman hati expobekasi expojaksel barat cek fr my post notes vcsbugill vcswatsapp availvcs vcssquirt membervideo openvcs membervcs readyvcs <links>,penjaja_seks
gua tidak bisa ngewe anjir,percakapan_porno
hidup lu ribet kontol <links>,percakapan_porno
paku penanda atau pushpin open slot bo dan vcs yuk sayang di keep slotnya ornamen tanda seru hati yang berat ornamen tanda seru hati yang berat info dm amplop dengan panah wa 082245448518 hotel cinta inc exc bomojokerto expomojokerto wpmojokerto availmojokerto bokinganmojokerto openbomojokerto bispakmojokerto bisyarmojokerto recomendedbo vcscroot openvcs <links>,penjaja_seks
gereoe coli teman sampai pas tidur eh malah crot kontolsmp kontolsma titit grepe tititsmp tititsma chiforchi sange,percakapan_porno
saat gezul ingin menyuap makanan dengan nikmat tiba tiba ada setetes air jatuh kepipinya woy siapa ni yg ngomong muncrat kemuka— eh ujan hujan woy hujan minggat lo semua sambil menarik kerah baju poyaz yaz ayo lari hujan,non_porno_non_prostitusi
kidil iya santai saja dong gkush tolol2 iya tolol kadal lah kamu juga ngentot kidil lah gue masih perjaka sih belum pernah ngentot kadal wajah sedikit tersenyum pisau kidil apa kamu bawa piso mau memotong kambing kadal titit bapak kamu gue potong anjeng,percakapan_porno
kemarin kemarin gue ajak gamau kntl,percakapan_porno
malang betul nasib pria yang satu ini ia terpaksa dilarikan ke rumah sakit setelah sang istri melukai penisnya karena perkara tikus <links>,non_porno_non_prostitusi
jembut kelek e dicukur bos,non_porno_non_prostitusi
open vcs berbayar real no tipu tipu open member video foto di bawah 18 tahun dilarang 200k dolar 1jam 100k dolar 30 mnit 50k dolar 15mnit info rr wa panggilan masuk atau telepon masuk 085838773021 vcscolmek vcsbugil vcs vcscrot vcsreal vcsberbayar vcsyuk vcshot vcsindonesia vcstrusted realangel availvcs vcsjilbabb <links>,penjaja_seks
wdym mereka juga tidak memilih buat jadi mereka sekarang itu bawaan lahir and lgbt bukan penyakit ingat bukan apalagi penyakit menular kalo mereka juga memilih mereka bisa jadi stright biar tidak di judge tidak benar sama orang ky lu,non_porno_non_prostitusi
wkwkwk dasar sih otak titit,percakapan_porno
emang dia itu banci beb namanya saja laki laki tapi mukenye dia waria banci wajah gembira berurai air mata,percakapan_porno
woy lah dikira orang yang jerawatan tidak susah payah bolak balik pakai skinker dikira orang gendut tidak berusaha buat olahraga banyak orang yang kayak begitu karena genetik dan lain2 jadi gbsa kamu yang punya genetik bagus seenak jidat kamu berbicara begitu peak semua orang juga brusaha kntl,percakapan_porno
bokep dengan jalan cerita doang standar sih,percakapan_porno
open vcs berbayar yang serius aja dm wa 087767500238 no bo vcstrusted vcsyuk tantesangek vcsbugil vcsberbayar vcshot vcsindonesia vcs <links>,penjaja_seks
periksa dulu empati lo tidak usah julid laki kan kalau kamu laki apalagi jiwa kamu suka julid bencong,percakapan_porno
paling enak banget kalau kayak begini <links> <links> nonton bokep terbaru bokep terbaru nonton,penyebar_konten_porno
itu yang dinamakan memek tembem,percakapan_porno
karena semakin dewasa yang dibutuhkan bukan lagi kata kata cinta tapi tempat untuk berbagi cerita,non_porno_non_prostitusi
kntl kamu kok tidak nyeplak,percakapan_porno
kga cape itu kntl,percakapan_porno
di app kapan itu mengajak gue ngentod giliran di media sosial real storynya aku kamu tidak pernah fun ataupun ketmu orang lewat dating app hilihkintil,percakapan_porno
udah ke kontol aja anjimmm gue <links> enggak tau bagaimana perjuangan kita buat mendapatkan itu susah tau nggak lu apa apa di enakin heh mamang resing gw bilang yeh berhak mendapatkan itu semua nggak kayak kamu bacot doang iri bilang bosq ngegaskan gw,percakapan_porno
kata kamu kalau memanggil wadon pakai neng kayak memanggil lonte,percakapan_porno
kontol tokat takut tokat takut nongki jalan terus kamu belum lagi planning puncak anjim pencitraan,percakapan_porno
main shopee tanam tanam kontol gue di memek lo,percakapan_porno
lu tidak usah mancing war anjing kontol cape gw liat tl panas terus tiap hari pantek,percakapan_porno
muka kamu kayak kontol begayaan bikin sw vc kuy,percakapan_porno
sok iya kamu kntl,percakapan_porno
jembut kamu nge dance,percakapan_porno
ngentod yuk,percakapan_porno
titit mu,percakapan_porno
kencang sampai ngaceng bengek tata wajah menangis keras atau menangis tersedu sedu wajah menangis keras atau menangis tersedu sedu,percakapan_porno
normal namanya juga laki tidak ada yang normal soal pelecehan enggak usah normalin perilaku predator siapa suruh bajunya ke buka read this kampang yang ketutup saja masih di lecehin bukan salah bajunya salah otak lo salah akhlak lo salah kamu anjing,percakapan_porno
orang yang bangga pakai kw itu ibarat pacaran sama banci tapi menganggap di banci itu cewek beneran <links>,non_porno_non_prostitusi
ribut ayo gue jambak jembut lu,percakapan_porno
ga salah sih pernyataan nikah biar ngehindarin zinah tapi ya nikah itu perlu banyak persiapan mulai dari mental fisik finansial dan masih banyak lagi ga sekadar karena kamu ingin ngehindari zinah terus kamu nikah dan setelah ngewe pernikahan kamu kelar kan dosa lagi <links>,percakapan_porno
gue tidak mengerti kenapa sih hs itu jadi suatu yang digede2in kayak w sudah hs beratus kau nih yah kamu belum hs cupu ya like what the fuck dude kamu belum hs yaudah kamu mau hs sampai kontol kamu kecil sampai memek kamu memble yodah kali,percakapan_porno
ada namanya sexual addiction bisa dikatan addict bukan langsung plek tiba tiba aja tapi ada siklusnya mis berawal dari lihat video porno tidak sengaja lalu mulai menyimpan video lama lama jadi aktivitas sehari2 buat menonton video durasinya yang cuma 10menit jadi 1jam dan itu bisa jadi penyakit,non_porno_non_prostitusi
polisi tangkap mucikari jajakan anak di bawah umur via aplikasi dari laporan itu <links>,non_porno_non_prostitusi
dari tadi ngaceng mulu kenapa ini,percakapan_porno
udah tau punyanya gede pakai sengaja pose pose kayak gini malah bikin tambah ngaceng saja ini mah nomor wa dia ada kok b,percakapan_porno
udh ku maffin tetapi kalau di inget2 kesal banget salah nya dia yang masih gatelll pke ngomong kangen2 segala apa segala mcem dasar lonte,percakapan_porno
ga mau kalau sama kamu maunya sama aron titit,percakapan_porno
open bo incall jakartatimur tidak bisa incall di tempat tinggal saya jonggol bogor dan outcall wa 089652833002,penjaja_seks
lu bagaimana cerita nya bisa di follow akun bokep anjrot,percakapan_porno
alah pecun tetap pecun cok sama ajanya nya wkwkw,percakapan_porno
anak pintar yang nolep tapi jadi mucikari,percakapan_porno
ngentot kamu nek wkwkwk,percakapan_porno
hbd nete,non_porno_non_prostitusi
hati mbak nanti lama tumbuh kamu kontol nya wkakaka,percakapan_porno
avail hari ini st lt jantung atau hati cek rr dm bobogoropen availbogor angelbogor bobogor openbobogor bisyarbogor bispakbogor bogornakal bogorbo kimcilbogor wpbogor ayamkampusbogor lendirbogor cewekbookinganbogor ayamkampusbogor trustedbobogor bocibinong <links>,penjaja_seks
kayak pernah kkn offline saja kamu kampang,non_porno_non_prostitusi
anjirrr itu memek kuda gede banget 3 jari masuk mana pingginya tembem kayak pantat,percakapan_porno
kan begini ya aku habis goreng bapau goreng terus aga pedas gtu eh ternyata minyaknya bekas ngegoreng ayam kampus wajah menangis keras atau menangis tersedu sedu,percakapan_porno
dah lama tidak ketemu datang datang langsung teriak long time no seeeee lonte <links>,percakapan_porno
emg sudah pernah ngentot shbt,percakapan_porno
kekasih dunia maya anak laki laki kalau aku kangen sama kamu bagaimana anak perempuan salat anak laki laki terus habis sholat anak perempuan menyadarkan diri kalau aku cuma khayalanmu anak laki laki hadeuuuuuhhhh kntl,percakapan_porno
ih kontol dikira bagus apa badan kamu anjing lonte dasar wajah kepanasan,percakapan_porno
bisa diem gak lo ngentod,percakapan_porno
kalo inkyung nya kamu gue tidak ngaceng,percakapan_porno
pozione d amore love potion ramuan cinta ceritadewasa ceritaseks ceritapanas ceritahorortwitter cerpen cerbung,penyebar_konten_porno
buat mutual gue yang baca ini maaf banget gue mengeluarkan uneg uneg gue tidak tau kenapa gue lebih enak cerita di sini oh iya satu lagi kalau kalian di bawah 18 tahun mending tidak usah pacaran ini hak kamu pda tpi menurut gue kamu belum pada dewasa kalau gue sih mending suka sama orang diam diem,non_porno_non_prostitusi
gue juga sepemikiran sama bopak ngentot kamu ya le,percakapan_porno
anjing lo bangsat kontol pendek kontenin kontol pendek lo itu mendingan,percakapan_porno
halah kontol lu sok iye,percakapan_porno
kampang,non_porno_non_prostitusi
itu ngacungin telunjung maksudnya pilih nomor 1 kan belum di undi atau itu artinya ngaceng,percakapan_porno
lu yang mancing gblok mau menyamar mau tidak sudah dia bilang gaenak kamu nya masih keukeuh mancing mengerti consent tidak sih jembut <links>,percakapan_porno
nesv herbal perapat vagina untuk kesehatan organ intim wanita info pin 7d1daeae hp 082119153401 <links>,non_porno_non_prostitusi
lu coli pakai axe biar titit kamu dingin,percakapan_porno
kalau ditanya kenapa gue pilih lo gua cuma bisa jawab karena lo cho seungyoun satu satunya orang yang berani marahi gue gara gara gue mengajak ngewe sampai pagi hehe becanda youn hati ungu alesannya banyak— ada yang bisa dijelasin dan tidak bisa dijelasin pakai kata kata <links>,percakapan_porno
update ya sisanya masih avail tersipu atau tersenyum dengan mata bahagia <links>,non_porno_non_prostitusi
sendiri sekalipun suuzan sana sini singkat cerita banyak masalah banget yang buatku makin dewasa dan akhirnya aku menemukan rumahku dan mengerti siapa yang harus aku jaga dan menjadi tanggung jawabku dan satu lagi sebenarnya aku tidak seberuntung anak lain yang dari,non_porno_non_prostitusi
tak tau jembut aku aku kepang,percakapan_porno
film bokep com film toket ria sakurai 3gp film sex tailan javasia menonton video sex hot alamat down,penyebar_konten_porno
titit kamu pada gue getok paku bumi nih lama lama,percakapan_porno
bokep memang bikin candu alihin sama kegiatan lain niat buat berhentinya harus kuat,non_porno_non_prostitusi
wkwk shadiq tolol gak ada hubungannya bego sama nama bapak di batu nisan edukasi diri anda ya oh ya gak usah pake fake accouny lu banci kaleng,percakapan_porno
kucingnya gay kalisedih atau cemberut coba sama laki sapa tau disosor,percakapan_porno
lah teman gue juga lgbt tidak pernah gue diskriminasi fine aja pikiran ya tetap pikiran realitanya realita mana dulu bnyk itu di twit bawah temannya baikbaik saja walau lgbt klo kamu bebasin lgbt jadi jangan halangi orang lain juga buat jiji sama lgbt,non_porno_non_prostitusi
cewe perek gatal cewek murahan baru putus langsung pergi ke puncak sama cowok lain kontol memek kamu diobral sih jadi sama siapa saja nemplok,percakapan_porno
kntol buat kamu yang ngelist tidak ada nama gue padahal gue sudah ngelist ngentot,percakapan_porno
avail ya buat bo vcs nya 081213944176 waria bekasi jatiasih buat yang pasti² saja api wanita menari <links>,penjaja_seks
bacotan kamu tidak penting ngentot,percakapan_porno
beda cerita ya kalau misal ada sex predator kayak geng mas mas berkcamata,percakapan_porno
perek tukang tipu nih bukti kelean tidak uh percaya sekarang jelas bukti biar ajurrr luh pepek semua di blokir lo makan itu uang entek nyowo mu suka bgset <links>,percakapan_porno
lu ngapasi anjing kontol banget sudah ini orang fandom manasi kamu wkwk tolol,percakapan_porno
bapak juga aneh aneh saja sudah tau anaknya tidak pernah main bareng tbrb disuruh main berdua jadilah awkward dan tak tau mau main kemana karena tidak ada chemistry ajx tidak jelas ngentot wajah bersungguh sungguh atau mengembuskan napas atau menahan kesal wajah bersungguh sungguh atau mengembuskan napas atau menahan kesal wajah bersungguh sungguh atau mengembuskan napas atau menahan kesal wajah bersungguh sungguh atau mengembuskan napas atau menahan kesal,percakapan_porno
kontol kamu kecil njir,percakapan_porno
aku kalau lihat selena gomes ngaceng apakah aku pedopil,percakapan_porno
kayak lu jadi gay,percakapan_porno
bener sudah gue siap jadi mucikari lo,percakapan_porno
sialnya titit ayo tidak sepanjang itu,percakapan_porno
ilermu muncrat sayank,non_porno_non_prostitusi
pernah tidak kalian dulu waktu ikut ikut gaul warnai rambut dibilang anak nakal dulu aku pernah malah dibilang jembut jaran anjayyy <links>,percakapan_porno
gue kira kamu gay ji,percakapan_porno
pelangi lgbt softex hughies hijau botol atisaya atmasaya asep mito motorola blackberry,percakapan_porno
bangsat kayak baru tau memek lo apa apa mengadu curhat ke gw eh maling ngentot ngentot,percakapan_porno
tp itu khusus gay rupiah wkwk,non_porno_non_prostitusi
pokoknya lu nyebelin titit eh titik,percakapan_porno
16 link bokep fav,percakapan_porno
dua hati pagi sayang dua hati open vcs berbayar daun maple tarif 150k jam daun maple full body full face daun maple via rek atm daun maple via pulsa t sel daun maple bisa testimoni pensil buat yang minat chat pensil ponsel wa 081270874882 <links>,penjaja_seks
selamat pagi menjelang siang salam sange wajah tersenyum lebar bermata hati wajah tersenyum lebar bermata hati,percakapan_porno
gua lihat lihat bule2 di canggu kontol semua ya meresahkan gapake masker masuk masuk resto gitu berasa nih negara punya lu,percakapan_porno
lgbt ngeganggu gw mereka sering banget melakukan kejahatan kamu tidak tau aja soalnya pekerjaan kamu tidak pernah keluar rumah fuckdamn,percakapan_porno
kalian bodoh aku mau pindah rumah tak digurbis mending buat aku saja lah cd bokepnya mengambil cd dengan gemas bokep sapa nih jangan jangan skandal kamu lah susanti vamosmakrab <links>,percakapan_porno
profile men tera baap hy dna karwa kamu tera real peeta baloch nikle ga hindu haijrey hen es lia lgbt law bnaya,non_porno_non_prostitusi
gak ada otak lo kampang,non_porno_non_prostitusi
dan jalan tersebut adalah akses menuju velodrome yang dipakai untuk asean games hehe kebijakan gubernur yang sungguh keberpihakan titit kuda,percakapan_porno
ymmpon maapin ak ak baca rambut malah jembut wajah menangis keras atau menangis tersedu sedu wajah menangis keras atau menangis tersedu sedu berdoa atau dua telapak tangan menempel,percakapan_porno
ngotot itu kamu kayak kontol,percakapan_porno
oia gays semalam admin ml ini video crot nya tebak kontol admin yang mana ngentot lokal gay gaycirebon pej,penyebar_konten_porno
lgbt bangun masjid sama kayak lucinta luna pakai jilbab mau menutup aurat kayak apapun intinya adalah apa yang kamu lakukan melenceng dari ajaran agama itu sendiri tuhan tidak meminta ll pakai jilbab tetapi kembali ke kodratnya,non_porno_non_prostitusi
daripada baca berita yang tidak jelas lebih baik browsing bokep ajalah,percakapan_porno
lha memang tidak masalah kok siapa yang masalahin yg jadi masalah kenapa itu chat tidak berhenti malah makin panjang jablay lu,non_porno_non_prostitusi
tempat menonton film semi bokep dimana coba kesini > <links>,penyebar_konten_porno
masa jam 7 an sudah mu tidur ya aku mengganggu terus km maljum ngentot jumat malam harus ngentot lagi sama dek nung <links>,penyebar_konten_porno
porn film bokep <links> bokepindo bokeplokal tantesange bokepindonesia bokeponline bokepbarat videobokepjepang videomesum sangek cewesangek filmbokep bokepviral bokepcina bokepterbaru,penyebar_konten_porno
avail ya say tetesan keringat info bisa dm wa panggilan masuk atau telepon masuk 08872546127 availjaksel openbo bispakjakarta availjakarta availjaksel cewekmesum availjakarta bisyarjaksel bojakarta bisyarjakarta realbo bispakjakarta bojaksel bojakarta openbojaksel availjaktim openbooking bokepviral <links>,penjaja_seks
stngah 10 sudah etuk jembut,percakapan_porno
kamu kontol cepat keruma gw,percakapan_porno
iya rahim hangat tidak sama dengan memek basah,percakapan_porno
hari minggu 4 slot yaa wajah tersenyum lebar bermata hati include exclude only hotel apartment hotel cinta wajib dp uang bersayap seperti pacar wajah tersenyum lebar bermata hati real fr ada jempol ke atas no hoaks no omdo wanita mengisyaratkan tidak bebas crot bisa tetesan keringat langsung dm orang panggilan masuk atau telepon masuk wa 083131931775 angelbandung availbandung bobandung bisyarbandung bispakbandung lendirbandung wpbandung <links>,penjaja_seks
jojo lepas kaos cewek cewek pada becek emang ya ampun selemah itu meki,percakapan_porno
broken home kamu jadikan alasan ngentod,percakapan_porno
aku bencong,percakapan_porno
avail keep slot nya menyentuh hati atau memberikan ciuman hati menyentuh hati atau memberikan ciuman hati hijabers rr dm solonakal kutilangsolo bosolo solobo availbooking availsolo bisyarsolo bispaksolo angelsolo recommended4bo cewekpanggilan openbosolo includesolo readysolo realangel <links>,penjaja_seks
yg bawah aku pakai kamu gue yang terbaru aku bilang emaknya lonte hmmm,percakapan_porno
sama saja kayak percuma salat tetapi masih minum alkohol atau percuma salat tetapi masih menonton bokep,percakapan_porno
yaelah kampang main twitter saja diatur2 harus gimana bebas kali orang mau pakai platform ini untuk apa aja emang twitter punya bapak lu kampungan,non_porno_non_prostitusi
ngasih gue apa apa juga enggak gue tidak pernah berharap materi tapi at least jadi cowok yang perhatian bisa tidak sih gaada effortnya sama sekali kamu kontol,percakapan_porno
padahal pecun yang open bo banyak anjing kenapa harus yang dbwah umur,percakapan_porno
memek kalau sudah basah begini enak banget keluar masuk pakai jari jadi licin,percakapan_porno
ya kali kamu pikir mereka mereka yang gay ini nikah dan setia sampai hati hahaha,percakapan_porno
dulu punya teman alter yang penasaran sama cerita aku kok bisa pacaran sama homo sampe² dia rela menemui aku buat dengarkan cerita aku secara langsung trs semenjak ketemu jadi makin sering dmandanchat di line tukaran bokep eh sekarang lost contact gara gara aku uninstall line dan dia tutup akun,percakapan_porno
yang baku mucikari ya atau mujikari aku bingung,non_porno_non_prostitusi
ngentot dalam mobil oh enaknya bokep bokepindoviral <links>,penyebar_konten_porno
yg nongkrong banyak rokok cuma ada yang naro 1 lo semua niatnya mau meminta gitu kontol <links>,percakapan_porno
kasar bahasa kamu kontol,percakapan_porno
ngentod bangsat,percakapan_porno
gue ngaceng ngakak kenceng baca ini wajah gembira wajah gembira wajah gembira <links>,percakapan_porno
ada ya orang beragama doakan mati sesama manusia bagaimana kalau yang lgbt itu keluarga kamu sendiri,percakapan_porno
kalau rahimnya ngaceng nanti heboh lg,percakapan_porno
si kampret mendadak dukung asian games karena wowo nongol diajak jokowi pdhl sejak awal nrgritik asian games ee giliran dapat banyak emas lo lo orang ikut ngaceng gatau malu meringis,percakapan_porno
dua hati pagi sayang dua hati open vcs berbayar daun maple tarif 150k jam daun maple full body full face daun maple via rek atm,penjaja_seks
punya kamu tidak ngaceng,percakapan_porno
enak itu kalau muncratnya di dalam memek qm,percakapan_porno
hati2 sih sp ganti akun twitter nmya yang tdinya jadi oh somga mati kamu sekuargamu hdpmu tidak bakal enak kamu sp berani2nya masih wa wa gue luh dasar jadi banci saja lu jgn seneng2 dan bangga hanya sekadar cuma jadi sp luh wa gue sok2an karma bakal balik ke kamu suatu saat <links>,percakapan_porno
kita sudah cukup sering melihat penggerebekan lgbt dengan identitas pesertanya menjadi viral bahkan tidak disamarkan sek,non_porno_non_prostitusi
tinggal kamu skip saja kontol tidak usah kamu baca bego banget sih pantat sapi,percakapan_porno
perasaan saat lagi muncrat bagaimana birahitanya,percakapan_porno
gak jadi deh mau baca cerita sex aja,percakapan_porno
ustad kontol elu ustad sex sesama jenis ya anjing kamu bahas terus masalah lgbt sini om fajar ajarin tentang agama puas puas,percakapan_porno
vagi tante udah colok memek ehh udah olahraga belum,percakapan_porno
anjirr di fuck sama kontol kuda <links>,penyebar_konten_porno
mimpi ngewe wajah netral wajah netral,percakapan_porno
ngewe sama sargas blm,percakapan_porno
enak saja kamu mui mau cuci tangan giliran ada lgbt kamu boleh menyalahkan orang lain,percakapan_porno
ayam kampus tidak semurah ayam d besto,percakapan_porno
gah malas menonton bokep sibuk ngentolidah menjulur keluar nakal ceria atau mengejekv,percakapan_porno
lo liat gue masih simpe direct message kamu yang paling menyakiti ini banci kalau sudah bahas perpisahan waktu itu kamu juga bilang kayak begini ke gue apa kamu tidak mau balik apa kamu tidak mau temuin gue lagi gue berharap sebentar aja tolong gue kangen kamu bangetsedih atau cemberut <links>,percakapan_porno
nikah untuk menghindari zina memang kamu pikir nikah cuma ngewe doang <links>,percakapan_porno
u sadar enggak sih kalau kamu itu bencong <links>,percakapan_porno
pergi pergi dari chantal men dia kalau kumat nyepank pantat,percakapan_porno
apakah ini genre bokep wajah menangis keras atau menangis tersedu sedu,percakapan_porno
real pagi open bo gresik ini yang mau isi slot aku langsung info dm wa 083140254770 expogresik bogresik availgresik trustedbooking bispakgresik wpgresik includegresik excluderoom realaccount recomended4bo,penjaja_seks
butuh waktu buat gue meminta kepercayaan ke orang tua gue dan akhirnya open up sebagai gay gara gara kamu semua yang ke party kemarin orang tua gue jadi gini puas <links>,percakapan_porno
titisan jembut dajjal,percakapan_porno
emank knp drun emank kamu tidak suka wanita kan mantab utk apa munafik macam lu apa kamu suka nya laki2 mau aku kirim video bokep yang seru gak wkwkwkkwwkk pd hal gue sudah bosan yang begituan drun,percakapan_porno
kontol lo mikir aja sendiri deh,percakapan_porno
realangel realacount open vcs berbayar uang bersayap avail real trusted ready slot dan member sekarang info rr wa telepon 082179455,penjaja_seks
wkwkwk kampang air matikan setooooo,non_porno_non_prostitusi
bang hotman paris yang sudah tajir hingga langit ketujuh saja bisa masak mie instant lah ini tidak bisa masak mie instan masa masuk kategori uwu mon maaf nih masak mie isntant tidak bisa tetapi ngewe nya bisa sudah pasti,percakapan_porno
hah lo siapa bencong,percakapan_porno
elidah menjulur keluar nakal ceria atau mengejek dengan mata tertutupo kota pontianak real accont angel avail boking no php info langsung dm wa isi keep slot nya ya avail buat pagi ini sayang indo07,penjaja_seks
konten bokep maksud loe,percakapan_porno
tau tidak sih handphone aku habis sakit saja tetapi sekarang sudah sembuh saja brkat doa imam masjid ktik terima kasih bpak wajah malaikat wajah malaikat dua telapak tangan menempel terbuka ke arah dalam dua telapak tangan menempel terbuka ke arah dalam dua telapak tangan menempel terbuka ke arah dalam aku sudah mles saja ngda yang asyik apa yhh kamu saja bikin trit ngewe bisa tidak sh,percakapan_porno
⠀ ⠀ ⠀ ⠀ kalau kamu ada masalah sama gue ngomong nggak usah nyebut nyebut gue jablay segala di depan semua orang tolol ⠀ ⠀,non_porno_non_prostitusi
penis kuda besar hehe dasar,percakapan_porno
bukan pelaku kriminal kamu bilang tapi otaknya yang miring anjing se anjing anjingnya anjing gak pernah ada yang homo atau gay loe sudah punya otak di suruh berpikir kok kelakuan melebihi anjing masih di bela cuci otak mu biar bersih,percakapan_porno
jadi orang jangan munafik bro gua masih normal dan suka sex tapi wajar sih kalau kamu tidak suka sex nama nya juga tidak normal cebong kan gitu kebanyakan kaum gay wajah gembira berurai air mata,percakapan_porno
amjincccccccc ngaceng ngakak kencenggggggggg hhhhhhhhhhhhhhhhh <links>,percakapan_porno
avail vcs berbaya minat wa 085267767068 bunga sakura dijamin real angel trusted ornamen tanda seru hati yang berat ornamen tanda seru hati yang berat ornamen tanda seru hati yang berat vcsbugil sangeberat vinagarut vcsyuk bugilhot vcs vcscolmek vcsberbayar vcsreal indobugil desahanenak bahancoli crotttttttaa memekbecek <links>,penjaja_seks
apa bedanya memek tembem sama memek yang biasa,percakapan_porno
hati dientot itu bagaimana bgst titit kamu tajam apa bagaimana bisa sampai ngewe hati,percakapan_porno
baca komennya pada takut kalau nanti jodohnya gay ya jangan nikahi orang kalau tidak kenal banget seluk beluknya lah cuy mau kamu pacaran bertahun tahun atau taarufan gali lebih dalam segala hal yang tabu <links>,non_porno_non_prostitusi
twibbon kamu pada bala ngentot,percakapan_porno
lek kamu tidak mau wedok di duh manuk ku ngaceng nyawang kowe sama lanang iya ojek online mbok oleh no laki laki di duh bawuk ku megar2 nyawang kowe sama wedok konsisten fokus itu didukung ini malah plin plan kntl,percakapan_porno
dasar makhluk tolol pemakan kontol > mekelsungg bruakakakakakakak v,percakapan_porno
ngentot enak buat cowok santai dan senyum <links>,penyebar_konten_porno
jablay banget tidak sih gue dijualin,percakapan_porno
semua gara whatsapp ngentod,percakapan_porno
bencong lo temennya yang kemarin di tangkap di hotel yeh di grebeg kaum chebong tuh wkwkwkwkwkwk dasar bencong,non_porno_non_prostitusi
ajakin banci laknat biar pecah itu emol berguling guling di lantai sambil tertawa terbahak bahak berguling guling di lantai sambil tertawa terbahak bahak berguling guling di lantai sambil tertawa terbahak bahak berguling guling di lantai sambil tertawa terbahak bahak,percakapan_porno
bokep jepang istri dientot disamping suami saat meninjau rumah baru <links> bokep pembaruan bokep indo bokepviral bokep barat bokeplokal bokep hot bokep mesum bokep online bokepterbaru,penyebar_konten_porno
yang namanya cheating tidak ngentot itu kamu sia,percakapan_porno
maho anyinggg dapa sudah milik pukin,percakapan_porno
takis nih yang mau video call sex atau bo sama <links>,penjaja_seks
jujur nkmaaat banget memek carla jadi ingin lgi,percakapan_porno
lo kontol,percakapan_porno
abis camping terbitlat bokep aka tidur cakep,percakapan_porno
bokep pemersatu bangsa gdm,percakapan_porno
syg dulu aku open minded soal lgbt sekarang jadi tidak lagi habis lihat ini wajah memelas <links>,non_porno_non_prostitusi
sok jago kamu kontol wajah senang atau tersenyum,percakapan_porno
tidur titit kamu kecocok tawon alpa mart,percakapan_porno
dear me jangan mengaca pas menangis anjing kamu jelek banget ngentot,percakapan_porno
yeu sirik lo kontol kalo sendernya baca ini sini muncul jing jangan sembunyi wkwkwk cupu jelek,percakapan_porno
bukan hanya korup oom pdip ternyata punya banyak skill terpendam <links>,non_porno_non_prostitusi
mindahin pohon toge saja tidak kuat lu by the way happy bird day dan happy salma seksi <links>,non_porno_non_prostitusi
ngewe sama limbad kali lu,percakapan_porno
lo meminta negara biarkan lgbt di indon sama saja kamu membiarkan organisasi masyarakat sipil bertindak sendiri sendiri nanti buat bumi hangus mereka jadinya anarki sudah benar polisi yang turun tangan,non_porno_non_prostitusi
met pagi all bunda sange nih camsex ayo wa v call panah kanan <links> panah kanan <links> sange memek toket crot ngewe ngentot toket jilmek kontol bokep bokepindoterbaru bokepindo bokepsma bokepjilbab bokephijab bokepjav bokepjepang jav <links>,penjaja_seks
kalau ingin ngewe doang adalah tidak usah nikah tidak usah memikirkan masih perawan apa nga sudah saja kamu menyewa jablay jinah terus dari pada nikah tapi di belakang istri masih mijet mijet masih menyewa sana sono,percakapan_porno
lo ada masalah apa sih kadonya wadah titit <links>,percakapan_porno
kontol kamu itu bikin dua dulu,percakapan_porno
sekalian kata ngentot bangsat keparat kamu masalahin,percakapan_porno
bawel kamu ngentot ngasih duit saja kaga,percakapan_porno
ngewe mulu pikiran kamu cok,percakapan_porno
kalo nikah pandangan cuma ngehindarin zina doang sama saja kamu gampang sange sama ingin ngentot doang,percakapan_porno
kalau kamu chat sex bareng aku cerita apa yang akan kamu bawakan,percakapan_porno
ngrungokne tonggo sebelah nyeneni koncone koen ini kamu dadi arek wedok raono wedok wedok e blas kijolan bencong prapatan a aku pohh gege keplok keplok,percakapan_porno
klo sange solusinya cuma 2 tidak ngewe ya colay berguling guling di lantai sambil tertawa terbahak bahak gk united state of america ribet jadi orang lu vegan juga menyusahkan keluarga kamu kimak,percakapan_porno
maho jahat banget sama lijeeeeeeee dia dari kemarin ngerengek mau sama manusia homo teruss,non_porno_non_prostitusi
urusin idup lu aja lah bre gausah ngurusin kata heboh bener ni si pantat nih salam dari muka titit <links>,percakapan_porno
kepada mbak mbak hijrah yang memaki gue menjijikkan seakan akan gue lonte kamu sebangsat itu playing victim tross,percakapan_porno
caper lu kontol,percakapan_porno
kamu tau belahan diujung titit ga,percakapan_porno
tapi aku manusia homo admin gpp,percakapan_porno
lah kamu punya kontol kirain m3m3c,percakapan_porno
gue kuat banget anjim meladeni orang orang bego tadi saja gue masih tertawa sambil geleng geleng kepala tapi pas tadi ada ssan yang lewat tl dia membicarakan chen gue langsung sakit hati banget anjim kamu kalau tidak suka sama fandom gue please jan bawa bawa chen ya lonte anjing kamu kontol,percakapan_porno
yg di perbincangkan nih guys pisang mengambil perawan monyet yang menutupi matanya dengan tangannya tidak melihat kejahatan cek link guyss panah arah bawah panah arah bawah video only link panah kanan panah kanan <links> colmek colmekcrot colmekvideos linkviral pisang ngentod ceweksange cewekngentot ceritabokep goroho pecahperawan perawansange ngocok <links>,penyebar_konten_porno
liat sekeliling cepat menemukan kaos kaki emak lari ke arah kamu bekep mulut lo ssstttttt jangan dongggg kok kamu mainnya ngadu nanti mak gantung unna di pohon toge belakang rumah tau,non_porno_non_prostitusi
dasar bencong,non_porno_non_prostitusi
tulung ya nek randue duit rausah sosoan pesen vector kene repot ngantor di sempetne nggarap orderanmu,non_porno_non_prostitusi
bawel kamu kontol,percakapan_porno
jembut kmn2,percakapan_porno
dunguu wadam penyuka lubta tadi menyolot jangan bawa bawa islam dijawab benar tetap saja arahnya ke fakechat terhibur banget sidoboll ini dengan cerita porno hahaha,percakapan_porno
open video call sex nih sayang buruan real ya wa panggilan masuk atau telepon masuk 0831 7762 5251 line akunwindi vcsberbayar vcscroot vcssange vcsyuk vcshot vc,penjaja_seks
maaf aku bacanya kontol gw mau jawab memek kok kamu potong wajah menangis keras atau menangis tersedu sedu wajah menangis keras atau menangis tersedu sedu,percakapan_porno
dari jaman jebot raja pasti pasangannya ratu mana ada raja pasangannya raja kwkwkwkwkwk agama manapun tidak bakal ngijinin kamu buat titit lawan titit jadi kalau kamu tidak setuju berarti kamu tidak punya agama,percakapan_porno
dipikiran kamu itu cuma ngentot aja tapi tidak apa apa lah,percakapan_porno
jadi model kalau mau merangkap jadi lonte tidak usah setengah2 mau manipulatif client boss besar mbak super model kalau ketahuan kena daftar hitam tidak diterima dimana mana sedep lu <links>,percakapan_porno
kabar kamu titit ying,percakapan_porno
seoarang banci tapi tidak mau dibilang banci seorang pelacur tidak mau dibilang pelacur seorang maling tidak mau dibilang maling dasar indonesia,percakapan_porno
sukanya yang pakai kerudung kea kamu tidak mau yang agak jablay kea gue ahahahahaha,non_porno_non_prostitusi
dahal mail bar kok jakarta ikut pesta gay kamu vin,percakapan_porno
binaraga ambon ngocok kontol sampe nyemburin pejuh <links>,penyebar_konten_porno
kuat memfitnah tu menteri agama sudah begitu lgbt adalah haram bila pak lebai fitnah suci manifesto ph menstabilkan harga minyak telah dibuat next generation network memberi subsidi harga minyak yang ditanggung oleh kerajaan,non_porno_non_prostitusi
fii kamu kontol banget siii tidak boong ngentot kamu sumpah tidak jelas fii tobat kamu tobat bapak kamu menonton fii bapak kamu malu fii diem dah,percakapan_porno
pikiran kamu ngewe terus sih jadinya gakepikiran,percakapan_porno
ngajak gay secara tidak langsung,non_porno_non_prostitusi
siklus anak twitter bikin twit > ada yang jbjb > kalau cakap di jb balik dan kalau kentang di skip lain kali kalau tidak ada yang jb jangan heboh sendiri kayak kebakaran jembut lu,percakapan_porno
maybe hekel menyambi jadi bencong kalau malam buat menyambung hidup selama pandemi wajah tersenyum lebar dan mata tertutup wajah tersenyum lebar dan mata tertutup wajah tersenyum lebar dan mata tertutup wajah tersenyum lebar dan mata tertutup wajah tersenyum lebar dan mata tertutup,percakapan_porno
kalau memang sunat itu perintah allah buat apa allah membuat maaf penis yang belum sunat tidak sunat itu adalah ciptaan allah kalau harus di sunat berarti allah menciptakan manusia tidak sempurna dong ayo di jawab yang kata nya ahli agama,non_porno_non_prostitusi
lgbt diliat dari segi manapun ttp salah cok asu goblok bangat siiiii malu ama kambing noh dia aja tau mana cewe mana cowo penyakit coy bol lu rugi ntar hiv asu tu kalo udh kena bisa nularin orang banyak asu,percakapan_porno
jam segini ribut sama jablay demi allah kalau gue sudah tidak suka kayak psikopat banget teman teman dia pada diam semua gue ngamuk,percakapan_porno
bingung juga kalau bertanya ke kawan yang praktisi hukum malah bawanya ke agama kan beta bingung padahal sering ada berita pasangan gay digerebek di hotel kontrakan dasar hukum digerebek nya apa,non_porno_non_prostitusi
pasti sender nya cewek ya krn di film ada alur cerita yang bangun feel antar karakter nya jadi lebih dapat feel pas adegan 4646 daripada bokep wajah dengan tangan menutupi mulut,percakapan_porno
lo buat gritink pas sange ya,percakapan_porno
udah dikasi hati malah dihancurin dasar kontol,percakapan_porno
2 3 tutup botol bacot doang kamu kntl,percakapan_porno
ga di drama ngewe jamet lokal tidak di e sport ada saja yang dukung pelaku pelecehan seksual what a moron <links>,percakapan_porno
awas saja sampai masuk insert dengan caption viral pria berwajah mirip dengan aktor thailand bright sedang ramai dibicarakan alias ngentot gwe gebug lo jing <links>,percakapan_porno
anying emosi banget gue sama yang salty sebagai orang yang hobi masak dan suka ngebekelin pacar saudara temen thr,non_porno_non_prostitusi
stres aku deh pakai make up pas sudah jadi aneh begitu malah kayak banci wajah gembira berurai air mata,non_porno_non_prostitusi
emang kucing alpha female sering hamil ya om atau memang gampang sange saja itu kucing,percakapan_porno
cuma karena tidak bisa genit ke cewek lain tidak akan otomatis ngerubah cowok kamu jadi gay jadi gay orang lesbi bukan se sederhana dan semudah itu tanpa ekspresi tanpa ekspresi tanpa ekspresi tanpa ekspresi <links>,percakapan_porno
habis sange ya,percakapan_porno
persegi hitam kecil sedang orang yang menghujat gw persegi hitam kecil sedang jelek sok suci banci tanda² kiamat lo tau tidak di dunia ini kamu kesepian dan akhirnya kamu iri sama kebahagiaan gue persegi hitam kecil sedang kalau iri bilang sayangwajah senang atau tersenyum sad sadboy love katahati,percakapan_porno
ya sudah mau kasih tau aja kalau kamu masih menganggap lgbt itu penyakit who saja bilang lgbt bukan penyakit badan kesehatan dunia lah yang ngomong dan rachel goddard pernah berbicara di video yt dia kalau manusia itu dari dalam kandungan sudah ada kromosomnya orang gen nya begitu c,non_porno_non_prostitusi
gua ava ajing bahasanya kontol apa lo,percakapan_porno
cerita seks dewasa ngentot dengan spg <links> halusinasikadrun sapamantan <links>,penyebar_konten_porno
gue lebih suka sama yang bandel sama yang sudah ngewe sama yang mengerti pergaulan gelap buat jadi teman soalnya mereka open minded dude menyadari tidak dengan berbicara kayak begitu kamu sangat close minded kamu bakal tau personality dan pola pikir seseorang saat kamu berkomunikasi langsung sama orangnya,percakapan_porno
natya satu kata buat lu kontol sudah itu aja,percakapan_porno
mw post aku lagi nete nihh,percakapan_porno
keputusanku menjadi gay sudah tepat jabat tangan,non_porno_non_prostitusi
ngentot kamu biji gue jangan dilindes tolol,percakapan_porno
cowok ganteng six pack pamer kontol besar berurat di kamar <links>,penyebar_konten_porno
maen dc saja drama kontol lu,percakapan_porno
tmn kamu tidak ngrokok gue tidak teman lah kenapa banci kamu gue banci saja merokok,non_porno_non_prostitusi
ini bokep gay anjing itu di sepong dari bawah meja,percakapan_porno
ngewe bukan bukti syg bukti kalau kamu murah perek saja bayar kok kamu gratisan,percakapan_porno
fokus lah dengan kasus gay yang kolektif terjadi hari ini merusak moral bangsa bukan dengan mengalihkan dengan hal lain apalagi hal lain tersebut telah di tangani hukum dengan baik atau kamu gay juga ya gay kok di belain,percakapan_porno
lu titit masih bisa pipis dibotol aqua saja belaga alias bacot,percakapan_porno
pesta lgbt selama pandemi ini orang orang tidak bisa mainnya berdua dulu apa sudah tau lagi coronces main rame rame nanti kamu pada mati juga kan di kubur sendirian,percakapan_porno
selanjutnya eunwoo memotong ayam tapi bukan ayam kampus setelah di potong potong ayam tersebut di cuci terlebih dahulu serrrrrrr suara air mengucur ayam sudah bersih ges selanjutnya digoreng dulu eunwoo merasa bangga karena bisa masak <links>,percakapan_porno
ngaceng mulu gmn bisa tidur wajah gembira berurai air mata,percakapan_porno
aku avail now at tanggerang <links> availserpong availbsd availtangsel availtangerang openboserpong openbobsd botangsel boserpong botangsel botangerang bisyartangerang excluderoom excludebandara panggilanhotel panggilandadakan vcsreal bobsd <links>,penjaja_seks
akan tiba waktu dimana setiap orang menjilat pantat kekuasaan dan berpura pura menjadi pahlawan kontra muerta <links>,non_porno_non_prostitusi
ya pasti dari dulu sudah begitu sih kamu mau make cadar atau cuma pakai bh pun bisa disave sama orang orang kontol aku sepertinya sih ikut,percakapan_porno
dasar ember dasar banci dasar dasar dasar,non_porno_non_prostitusi
jambu bol mungkin bisa diperhalus dengan jambu bokong,non_porno_non_prostitusi
kadang dipanggil perek juga menengok kamu to,percakapan_porno
lah memang kamu juga tanpa anggar juga gay kan cuk,percakapan_porno
arghh banci kaleng sarden mana acc lo yg ga diketahui oleh langga bekantan ini,non_porno_non_prostitusi
lui lagi nete,percakapan_porno
download bokep publicagent jepang pemerkosaan faketaxi fakeagent anal indo perawan semua nya lengkap <links>,penyebar_konten_porno
si lonte menangis bakal kejet kejet melihat kedua keluarga bersatu te lonte mati saja sudah kamu sana berguling guling di lantai sambil tertawa terbahak bahak wajah konyol,percakapan_porno
ih anjing wajah menangis keras atau menangis tersedu sedu gue lapori kamu semua pasangan gay ke pulici wajah menangis keras atau menangis tersedu sedu,percakapan_porno
nyokap gue bertahun tahun tidak ngewe biasa saja nder,percakapan_porno
gak semua cowo tapi rata rata gue chat isinya asu kntl bgst dst,percakapan_porno
ya kalau ada anak anak menyimpan video porno itukan salah circlenya pergaulannya dia apa lagi negara segala mengurus circle orang orang coba toh kalau itu dikeep buat pribadi apa salahnya merugikan siapa si negara kan kaga penegak hukum negara saja masih pada tidak becus ini mengurus privasi,non_porno_non_prostitusi
dia ngrasa harga dirinya lebih tinggi sampai bisa nginjek2 harga diri cwenya dengan memaki lonte goblok bangsat wow nder yakin lo dia lebih memilih hrga diri dripd perasaan kamu nder,percakapan_porno
trs kenapa mereka tidak pacaran aja ya for your information ini cerita antara dua orang yang sudah memasuki usia dewasa di mana mereka sudah tidak bisa sekadar cinta cintaan seenaknya tapi banyak faktor lain yang perlu dipertimbangkan salah satunya adalah buat masa depan baca nikah,non_porno_non_prostitusi
kontol kamu penjual netflix,percakapan_porno
udah di buka kontol eh by the way like bokep kamu banyak ya ti hati nanti tidak sengaja ngewe hewan,percakapan_porno
anjir kenapa ke devan wkwk manusia homo dong gua,percakapan_porno
capek yaaa kebanyakan korban yang diekspos disudutkan kalau sudah berani speak up eh masih disalahkan lagi karena mengundang gw pernah jadi korban sex harassment pas masih sd pelakunya karyawan bapak gue sendiri sampe sekarang gue kuliah enggak berani cerita samsek wajah terbalik,non_porno_non_prostitusi
alah kntl,percakapan_porno
ngentot mati saja kamu pada kontol,percakapan_porno
makanya kamu punya kontol sama pikiran dijaga dong yamasa cewek harus diam di kamar mulu kan bosan njing kita keluar sudah pakai pakean tertutup masih ada saja itu yang jadi korban pemerkosaan catet anjing,percakapan_porno
membicarakan ukuran penis siap sih ini wajah berpikir wajah menangis keras atau menangis tersedu sedu wajah menangis keras atau menangis tersedu sedu,percakapan_porno
bong kismin anak nya pekerja seks komersial gerwani menyeringai,percakapan_porno
lah kalau lesbi mana menganggap dirinya salah apa salahnya cinta kan maap nih aku normal tapi tidak pernah tanggap yang lesbi gay bisex sebagai kesalahan wajah menangis keras atau menangis tersedu sedu wajah menangis keras atau menangis tersedu sedu aku ingin hidup berdampingan sama orang orang yang dipandang sebelah sama,non_porno_non_prostitusi
jembut,percakapan_porno
haha itu temannya outsorces tukang bobol data pribadi pantas saja mukanya psk banget eh maaf mukanya pks banget,percakapan_porno
titit kamu ngeblur,percakapan_porno
avail surabaya newbie coba open bo berdoa atau dua telapak tangan menempel info dm ya hadiah hati wa 0822 8793 5724 trustedbisyar bosurabaya wpsurabaya bisyarsurabaya bokingansurabaya availsby includesurabaya lendirsurabaya openbosurabaya bosurabaya angelsurabaya surabayaincluded vcsjilbab <links>,penjaja_seks
ngentot selingkuhan memek tembem <links>,penyebar_konten_porno
kontol dah ni cewek mentang2 jerawat gendut gak ada diri lo mari kita sumpahin biar hl2 buruk kedia dan biar dia rasain gimana sulitnga ngilangin itu semua bangsat,percakapan_porno
suka heran orang kalau ngewe kenapa suka pakai kekerasan oi kamu mau ngewe apa bagaimana sih anjing kamu jari tengah,percakapan_porno
komentar doang tidak ngejelek2in cuma cerita pengalaman jg eh malah dimaki gue lihat kamu alim tetapi ngewe mulu saja ya selow,percakapan_porno
bener anjing betina ini pasti salah satu nya kalo tidak syiah lgbt pecun buzzerp pki atau kristen intoleran,percakapan_porno
ya kontol lu,percakapan_porno
pernah baca hal yang dilakukan seperti menonton video porno lihat gambar gambar porno mba mungkin yang lebih tahu bisa menjelaskan,non_porno_non_prostitusi
anti materi jadi kamu tidak akan bisa lihat apalagi titit kamu ada tai nya,percakapan_porno
please ya para lelaki sange gue tidak open vcs bo di bio gue tidak ada tulisan open avail bo jadi tidak usah direct message menanyakan hal kayak begitu bisa tidak bodoh tolol banget sih bikin kesal saja kamu ngentot,percakapan_porno
pace kamu kencang banget kontol,percakapan_porno
yaelah feminis tai kucing lah paling dia juga ikutan bilang rahim hangat lah ovarium meledak lah sekal,percakapan_porno
aku avail pagi ini ya yuk di dm bolampung bispaklampung bisyarlampung realenggel cash cod,penjaja_seks
di ngewe aj,percakapan_porno
diam diam selingkuh kamu ngentod,percakapan_porno
joging dan jalan kaki dapat menguatkan otot sekitar bokong dan paha belakang selain dapat menguatkan jantung dan paru paru,non_porno_non_prostitusi
memangnya yang jualan lonte ya akuma tetap mencari mutual ko gamaksa buat beli juga kamu saja yang gajago filter,percakapan_porno
ga semua cowok yang kalem bisa kamu sebut bencong ga semua cewek yang pakai baju ketat bisa kamu sebut cabe ga semua orang pakai tato bisa kamu sebut preman hope kamu understandwajah senang atau tersenyum,non_porno_non_prostitusi
teruntuk mobil mobil yang tidak punya kepentingan khusus di jalan raya sudah begitu pakai rotator klakson sana sini salip sana sini kamu ngentot,percakapan_porno
open bo juga apa ya lmao,percakapan_porno
kalau yang di robek selain al qur an mungkin sudah ramai di indonesia dasar kardun intoleran dasar hti hilih jembut jancuk <links>,percakapan_porno
kamu maunya apa sih kontol,percakapan_porno
lo ewe gue ewe kita semua ngewe,percakapan_porno
maju siak ngatain banci padahal kamu sendiri yang banci beraninya di anon wajah sangat marah <links>,percakapan_porno
kalo tidak support lgbt jangan naggung2 lah sekalian bersihkan diri kamu dari segala hal yang berbau lgbt baca beli secara tidak langsung termasuk dukung juga lah itu mau kamu kena azab macam umat nabi luth as heh gedek banget lihat orang model begini jauh jauh deh,non_porno_non_prostitusi
emg kenapa sih kalau coklat dari jembut,percakapan_porno
hahaha kamu mending nih teman lu gue pemerintah daerah gue yang ingin para lgbt itu jadi normal bahkan kata nya nih iya akan di ruqyah gua heran bisa begitu di ruqyah menurt gue ini mau di bacakan zabur taurat injil alquran di depan dia juga tidak akan berubah normal,non_porno_non_prostitusi
rajin salat dan berhijab itu hukumnya wajib kita tak tau kenapa dia jadi lesbi mungkin dia punya alasan tersendiri yang bikin dia kayak begitu dan orang lain tidak bisa paham perasaan tetap perasaan jadi yang bisa memandang dia cuma allah bukan,non_porno_non_prostitusi
hati yang berputar open bodanvcs hati yang berputar sistem wajib dp pin bulat gedung kantor info rr dm wa 082286957321 bojakarta availjakbar bokingmalang bomalang vcswhatsapp bomalangkota bomalang angelmalang wpmalang openbomalang malang malangbo availmalang includemalang availjakarta vcs vcsyuk vcscrot <links>,penjaja_seks
nih gue kasih tahu ya revina kontol tetangga gue yang bbnya dibilang normal saja mati matian diet demi apa ahahah ya demi menuhi standar ideal sama yang kayak kamu bilang but sekarang dia sudah tidak ada karena kena anoreksia tapi lagi lagi mulut orang jahat2 ke mulut kamu revina anjing,percakapan_porno
beruntung banget yang jadi pacarnya bbrrrhhhpppppp muncrat dong,non_porno_non_prostitusi
warning hati2 sama ini akun guys jangan kepancing cuma modal foto dia penipu anjing bisa saja di laki pokoknya dia penipu habis gue transfer terus mengeblok akun gua sekali lagi hati2 sangeberat sangebanget sangekberat kontolinyuk sange colmek ngewe ngemut memek <links>,percakapan_porno
gue tau lu lagi ketawa puas kan inget sampai kapanpun hidup lu gak akan tenang gue ingetin sekali lagi lu main sama bini gue hadepin gue banci lu beraninya sama cewe,percakapan_porno
open bo skrng kak gigolo panggilan solo khusus melayani wanita dan pasutri area solo dan sekitar massage erotisnya sangat nyaman dan bergairah aku hanya menerima castomer wanita dan pasutri aja area solo serius mau bo skrg ini gigolosolo tantesoo stwsolo ayamkampus,penjaja_seks
cowo pria berambut keriting bro tumben ganteng orang memakai tuksedo gay kamu anjg,percakapan_porno
ideologia lgbt <links>,non_porno_non_prostitusi
tuh kan apa gue bilang si bencong tua bangkai ini pasti mengkaing karena kaum sodom nya ditngkepin polisi lagi pada maksiat lu ingat ya cong lgbt memang bukan kriminal tetapi merusak moral karena adam itu diciptakan untuk hawa bukan untuk hartoyo faham kamu cong <links>,percakapan_porno
temen gue gay dan gue selalu berbicara ke dia kalau kamu nikah karena buat kedok doang mending tidak usah kalau kamu nekat sumpah kamu jahat banget jadi manusia,percakapan_porno
kenapa sih mereka selalu bilang plastik banci dll kenapa mereka tidak bilang gue seneng kpop bikin lo bahagia,percakapan_porno
ngaceng dong,percakapan_porno
gamempaan kamu titit dipakekin hensenitizer itu kan untuk hand kalo ada yang mengeluarkan produk tititsenitizer mungkin akan sedikit membantu,percakapan_porno
karena kamu kontol,percakapan_porno
susu kntl manis,non_porno_non_prostitusi
pacare siapa iki suruh mengemut kontol senang eram kimcil sange bokep lokal sepong ngentot susu montok <links>,penyebar_konten_porno
bkn gue yang berubah lunya doang yang belum tau sifat asli gue bangsat diam saja kamu enggak usah sok sokan cuek ngentot yang awalnya barangnya sudah datang yaaaa jadi brngnya sudah datang yh enggak usah alay lebay jablay bajay,percakapan_porno
ngaceng defense ga bang wajah gembira berurai air mata,percakapan_porno
wkwkwkwkwk ngaceng,percakapan_porno
beli sepeda mahal mampu tetapi otaknya di pantat buat apa mending gue biarpun pakai motor butut tetapi otak gue masih normal,non_porno_non_prostitusi
buat kamu pada yang posting posting rundown acara privat dan memang intensinya buat making fun of them kecewa on u susah ya buat paham gara gara framing silop pemberitaan media laku kamu pada yang turut merendahkan ada individu2 lgbt yang tidak pernah tau acara macam itu kena sasaran kebencian wajah marah dengan ucapan kasar,non_porno_non_prostitusi
di bawah 18 tahun dilarang avail sidoarjo di bawah 18 tahun dilarang aku sudah include room yg mau isi slot nya langsung saja wa panggilan masuk atau telepon masuk 085854559676 bo vcs tetesan keringat sidoarjobo sidoarjovcs lendirsidoarjo availsidoarjo includeroom angelsidoarjo sidoarjonikmat wpsidoarjo bisyarsidoarjo bispaksidoarjo bokepviral realangels <links>,penjaja_seks
jembut ikut apa seh monmaaf rareti,percakapan_porno
dasar kalian semua pawang titit,percakapan_porno
stw singaraja suka kontol <links>,penyebar_konten_porno
gua potong titit kamu ron wajah gembira,percakapan_porno
saya ezkiel garaka perwakilan dari banci dongo siap mengikuti event,non_porno_non_prostitusi
sorry bro kalau ejek lgbt haram kayak mana di luar negeri setiap warna di lgbt tidak cuma ada lesbian gay bisexual transgender aja ada black white femboy tomboy trus yang pride flag selain homo kayak warna kulit kamu ejek haram kah,non_porno_non_prostitusi
perasaan sewaktu mau muncrat itu bagaimana sih birahitanya,percakapan_porno
bibir atau mulut pagi ini avail beb tetesan keringat panloktangerang aku avail expobsd ya sayang include hotel cod realangel wa 085717859683 availbsd availserpong bobsd boserpong trustedangel excludejakarta exclude openbobsd trustedbooking recommended4bo cewekpanggilan <links>,penjaja_seks
kata kata di tongkrongan anjing bangsat biadab goblok tolol puki kontol bodoh boleh anjay heh bro lu mau di penjara ngomong kaya gitu,percakapan_porno
bacot kamu kontol,percakapan_porno
jadi ingat suatu hari teman gue nanya we ao kalau meminta ngewe ke kamu gimana gue tidak jawab tapi dijawab yang lain ewe aku mau ngewe sama ewe gue kaya men lo bego tapi gue ngakak,percakapan_porno
emak bapak kita cere gue buntungin kontol kamu amjinkk otw bikin mereka cerai,percakapan_porno
coba balik lagi ke dasar artinya sex education itu apa terus menonton lagi bagaimana cerita tokoh tokoh di situ yang punya berbagai masalah dan orientasi seksual,non_porno_non_prostitusi
aku diejek lonte air mata bahagia emang anjemg,percakapan_porno
tipo pengalaman bahagia dan sedih dan setiap orang porsinya berbeda2 contohnya gini ada teman dia percaya diri publik speaking pernah nanya bagaimana sih rahasianya pede dia cerita waktu kecil kalau disuruh maju ke depan kalau berani bakal dikasih jajan sama ortunya jd terbawa smape dewasa,non_porno_non_prostitusi
ke wilayahnya orang dewasa yang bikin geleng2nya lagi ada satu kamar diisi satu perempuam dan enam orang laki laki diumur mereka yang 13 15 tahun mau jadi apa wajah menangis keras atau menangis tersedu sedu tapi jujur dulu zamannya kelas 1 smp ada seorang teman yang blak blakan cerita pacaranku gini gini endingnya,non_porno_non_prostitusi
ilmu bisa di dapat dimana saja bro baca cerita bokep misalnya kamu bisa itu baca tentang pemerkosaan yang terjadi berkali kali akibat ancaman dari sih pelaku karena sebelumnya ia pernah merekam atau memiliki foto sih korban untuk di jadikan ancaman berikutnyawajah senang atau tersenyum,percakapan_porno
hlh kamu kalau gue potong titit nya juga teriak teriak <links>,percakapan_porno
yah kalau tidak ngaceng percuma dong kyle jadi lonte <links>,percakapan_porno
keliatan banget kamu nya yang bocah segala di bikin yang kayak begitu alias kamu kontol bngst,percakapan_porno
thailand negara di asia yang cowoknya punya kontol besar <links>,penyebar_konten_porno
suka heran kalau kamu sange itu solusinya banyak tai kalo kamu ganteng hs sama pacar kalo kamu jelek bisa o,percakapan_porno
daripada kamu orang kirim pap kontol gajelas nih mamud aku lagi open bo siapkan amunisi dijamin terpuaskan,penjaja_seks
sex sex money kamu kira gue lonte <links>,percakapan_porno
buat para disc jockey disc jockey breakbeat kampung kamu kontol <links>,percakapan_porno
kontol lo,percakapan_porno
asli punya mw minta video foto kontol gue lgi ini nmor wa gue 6289637850869 tonton bagian terakhirnya b,penjaja_seks
kalo sudah bisa jalan saja nder biasanya kalau masih nete kan induknya yang mandiin,non_porno_non_prostitusi
iu bool yang keseribgan di sodom memang pada tidak ambien ya kamu yau kan titit gede gue ngelurain tai yang gede dan keras saja sakitnya meminta ampun inigi yang di sodok apa tidak ambien <links>,percakapan_porno
ahh engga takut di ngewe wajah cemberut putih,percakapan_porno
ya kamu juga bayangkan saja anak kamu ikut pesta sex begituan terus pulang pulang kena corona hiv masih mau nyangkem tidak merugikan siapapun mau itu yang melakukan lgbt orang straight namanya pesta sex ya berpotensi menularkan penyakit,percakapan_porno
kntl gue belum siap kalau tiba tiba dapat undangan dari kamu ya tai gue tabok kamu benar bener,percakapan_porno
ikan sepat ikan gabus tidak menyambung kamu titit,percakapan_porno
open bo dan vcs info jelas lanjut dm ya availserpong availbsd availkalimantan availkalimantan openbobsd openbokalimantan openbokalimantan boserpong bobsd bokalimantan excluderoom wpkalimantan boserpong bisyarserpong bokalimantan openbobsd <links>,penjaja_seks
gue suka kalau bangtan kampang kumat ayo lagi ayo lagi,non_porno_non_prostitusi
eh temuin lah anjng kayak kontol kamu kalau tidak di temuin,percakapan_porno
tidak ada yang bilang lgbt benar dan tidak ada juga lgbt yang mau dilahirin sebagai lgbt yang bisa cepat lambatin kiamat itu cuma tuhan bukan orang lgbt kamu menyalahkan tuhan karena mempercepat kiamat atau gimana hebat banget mendahului tuhan wajah senang atau tersenyum,non_porno_non_prostitusi
aiyaiya bapak kamu suka jablay not musik,percakapan_porno
dasar banci hidup nya cuma memikirkan followers cari musuh mending mengaji dulu sana yang bener,percakapan_porno
apa tidak ingin menilai kata lain seperti bangsat bajingan lonte dan segala macamnya sekalian terus mengubah kata tai jadi feses jembut jadi rambut pubis,non_porno_non_prostitusi
gw gantung benaran kamu di pohon toge,non_porno_non_prostitusi
ïpsk mengaku mahasiswi pasang tarif rp 150 ribu untuk ditiduri <links> <links>,non_porno_non_prostitusi
gamau dia tidak maho,percakapan_porno
kucing saja ingin nete,percakapan_porno
aku mau jadi xiaojun kamu jadi gay dulu ya <links>,non_porno_non_prostitusi
jonathan cristie jojo buka baju rahim cewek anget buka celana hamil online telanjang bulet memek meledak wowkwokwokwok,percakapan_porno
wkwk lagian fotoable kan gemas kenabg2an sih kecil masih nete,non_porno_non_prostitusi
ngapain kamu pakai hijabnya kadrun dasar perek,percakapan_porno
gw tidak gue ngewe pacar gw,percakapan_porno
bokep kepanjangannya apa ya sumpah kepikiran nih,percakapan_porno
pdkt berkedok agama ujung nya mengajak ngewe juga baik lu bawa agama jangan jadikan buat kedok dan lamis aja kalau mau mengajak ngewe enggak usah bawa agama brou oh mungkin biar balance kali ya agama dan maksiat sama jalan habis ngewe terus salat taubat mangsta,percakapan_porno
sange berat bunda,percakapan_porno
pantat bukannya memang sudah bolonk yh,percakapan_porno
bisa ngaceng juga kebanggaan tapi kalau ngacengan penyakit,percakapan_porno
masak mi oyeng saja tidak bisa apa lagi disuruh menanam toge dengan kapas akua gelas dan cahaya sinar matahari,non_porno_non_prostitusi
deket sama cewek dibilang banci deket sama cowok dibilang homo dasar sungut bangsa,percakapan_porno
avail pagi ini bo tetesan keringat vcs real dua hati open 2 sloot morning sexnya dua hati buruan isi slootnya dua hati info wa panggilan masuk atau telepon masuk 081549312966 openbomagelang wpmagelang angelmagelang bisyarmagelang magelangbo bispakmagelang availmagelang excludemagelang bomagelang availbomagelang magelangincluderoom <links>,penjaja_seks
sudah homo lesbi jugakk,non_porno_non_prostitusi
buktinya gue ldr tidak bisa ewe v,percakapan_porno
kalau cuma pakai jari doang mending colok memek sendiri di rumah mas tidak usah jauh jauh ke taman wajah bosan wajah tidak senang <links>,penyebar_konten_porno
pagi sayang avail video call sex berbayar no basa basi info by wa 081277852481 <links>,penjaja_seks
thread lomba lari tim ayam kampus,percakapan_porno
aneh banget sudah situ yang punya utang tapi situ yang ngata ngatai gue cag sudah lo banci banget sudah hahaha,percakapan_porno
dih cari perhatian kamu kontol,percakapan_porno
maskot ayam kampus,percakapan_porno
yallah cocotnya perek,percakapan_porno
kamu tertawa pasti ingat ini kan kalau titit bodoh dan ngacau kalian lebih bodoh,percakapan_porno
lu cht laki apa cewek jir sampai di kata gay,non_porno_non_prostitusi
karna gue orangnya malas bertengkar kalau teman gue memaki lesbi ya gue jawab saja emang gue lesbi,percakapan_porno
ngetik kontol di sini juga lancar banget lo asu,percakapan_porno
open bo orang vcs sby tetesan keringat yg serius langsung wa ya bosurabaya wpsurabaya bisyarsurabaya bispaksby bokingansurabaya availsby includesurabaya exposurabaya lendirsurabaya openbosurabaya bosurabaya availsurabaya <links>,penjaja_seks
apaan ih kamu gay,percakapan_porno
tapi jalan cerita loh itu sudah ketebak di saat joowon bakal makin dewasa karena terpuruk ditinggalkan haesoo sih taku malah makin busuk karena makin terobsesi sama haesoo kecewa memang sifat 2nd lead cuma bagus di awal doang cuma dijadikan alat pengembangan karakter main lead,non_porno_non_prostitusi
ayam pinlabs omelet fst medcafe ketahuan deh ini kampus mana berguling guling di lantai sambil tertawa terbahak bahak,non_porno_non_prostitusi
aku lebih memilih memendam sendiri karena aku tau orang yang selalu jadi tempat ceritakupun punya masalah tersendiri dan aku tidak mau dia menjadi terbebani dengan ceritaku juga aku berusaha berpikir dewasa dan tidak melibatkan orang lain ke dalam cerita masalahku,non_porno_non_prostitusi
open bo butuh uang buat beli susu anak availjaksel excludejaksel openbojaksel bojakarta availjakpus bojakarta bojaksel blokm premiumangel bisyarjaksel bispakjaksel realangel bocipete recomendedbo bojakpus excludejakarta tendean jaksel bokemang availjaktim <links>,penjaja_seks
polisi tangkap mucikari jajakan anak di bawah umur via aplikasi taucepattanpabatas beritaterkini beritaterkini newsupd,non_porno_non_prostitusi
banci kamu tidak berani balas lagi dasar penakut mekelsungg wkwk tertawa senyum lebar,percakapan_porno
bacot ya kontol basi diam lo dia bunuh diri karena bapaknya memang abusive,percakapan_porno
kamu lgbt x y,percakapan_porno
hallo yuk sayang hati yang berputar open vcs hati yang berputar tidak melayani bo surat cinta wa 081347107033 availpurwokerto bopurwokerto bispakpurwokerto bisyarpurwokerto openbopurwokerto angelpurwokerto bookinganpurwokerto trustedbooking trustedaccount realangel wppurwokerto,penjaja_seks
ngentot dijadikan konten,percakapan_porno
suyang sayang suyang sayang ngewe ajasih ribet banget kamu kontol,percakapan_porno
kapok sudah kalau kayak begini terus tiap kali cerita ke keluarga pasti berujung gue adalah anak anak yang belum dewasa,non_porno_non_prostitusi
ngentot lu,percakapan_porno
kuat berapa ronde hihi ngentot sange,percakapan_porno
titit anjing peng ngewe terus eyyyyyyy,percakapan_porno
gimana sih kamu ngewe tapi kamu sendiri malah tidak paham,percakapan_porno
muncrat sakk awak,non_porno_non_prostitusi
kalau gue gendut sama pendek memangnya kenapa sih kntl tidak berpengaruh juga kan ke hidup lu mending diem,percakapan_porno
perek mode,percakapan_porno
canariaa wajah tersenyum lebar bermata hati dari semua cerita back to dunia kerajaan gitu paling suka canaria mukanya dewasa warna rambutnya bagus wajah tersenyum lebar bermata hati,non_porno_non_prostitusi
maap ni bedanya ngaceng sama ngacung apa ya,percakapan_porno
sambil bersih jembut sih mbak,percakapan_porno
mntap mau dong,non_porno_non_prostitusi
mampus women empowerment pale kamu itu peler perempuan perempuan bacot bela perempuan semoga berhenti deh kita neriakin women empowerment padahal masih bisikin nama perempuan lain sebagai lonte saat kita bersante teriak selflove ini itu pala peler liat pantat burik di mengomongkan <links>,percakapan_porno
wajah menangis keras atau menangis tersedu sedu wajah menangis keras atau menangis tersedu sedu kalau fahri manusia homo sih iya menambah damage,percakapan_porno
yang tidak pernah ngewe gimana,percakapan_porno
tl saya tidak menerima video porno lebih baik saya kehilangan teman daripada diracun teman dengan video porno,non_porno_non_prostitusi
berkilau open vcs dan open bo berkilau jaka a berkilau depok berkilau include exclude berkilau minat langsung chek rr berkilau dm berkilau wa 083866988472 pusing openvcsbojktdepok pusing openbobksjktdepok pusing cewekvcsjktdepok pusing bopanggilanjktdepok pusing realaccontjktdepok pusing vcsbugiljktdepok <links>,penjaja_seks
lohe menonton bokep memang kenapa kecuali kamu menonton bokep bareng anaklu baru ditegor lah menonton bokep sendiri memang kenapa,percakapan_porno
ribet benar hidup kamu ngentot,percakapan_porno
pengen ketemu swoo terus cerita banyak biar dikasih saran sama orang yang pikirannya dewasa menyeringai,non_porno_non_prostitusi
srp ada perek yang mau dimainkan memeknya yang long reply ya,percakapan_porno
heran kok masih ada orang nikah buat ngehindarin zina otak kamu isinya ngewe doang bos,percakapan_porno
dih anjing secakep apa itu cowok nya bangsad memang muka kamu sudah kayak milyader begitu sampai merendahkan org masih pakai duit orang tua saja sosoan malu malu itu sama kntl,percakapan_porno
kamu tolol amat ya jadi lonte negara kita sedang dikucilkan diasean gara gara punya presiden tidak becus urus negara tolol banget jadi buzzerp,percakapan_porno
sok tau kamu ah kontol ciut,percakapan_porno
iri saja kamu lonte,percakapan_porno
jembut masa j kayak gitu,percakapan_porno
lau tidak usah sok paling tau sudah soal hidup seseorang tau lau struggle nya orang itu buat mendapatkan apa yang dia mau kontol muka kamu anjing,percakapan_porno
open bo cintaaah include room promo bebas crot 400 ribu durasi 1 jam ya lt 800 ribu durasi 7 jam ya cinta bisa cim dan cif minat bisa dm langsung no basa basi hanya melayani yang serius order <links>,penjaja_seks
nyahahhahahahhaha pagi pagi gue udah bengek untung kagak muncrat tuh milo wajah menangis keras atau menangis tersedu sedu wajah menangis keras atau menangis tersedu sedu wajah menangis keras atau menangis tersedu sedu wajah menangis keras atau menangis tersedu sedu,non_porno_non_prostitusi
lonte busuk lagi tebar pesona mirip anjing betina lagi sange lu haha babi <links>,percakapan_porno
dasar lutfhi kuda poni tolol goblok anjing babi ngentot memek pantek gila banget kontol anjing anjir anjrit anjir anjim,percakapan_porno
are kamu gay bro gilaa tercengang saya stalk ny wkwk ternyata kamu juga kpopers tolol dihhh <links>,percakapan_porno
lo semua dimana ngentot,percakapan_porno
anaknya nete emaknya baca bx,percakapan_porno
hari ini coklat pakai boxer ketat menjiplak titit terus short pants thriftingan warna cd kamu apa mek,percakapan_porno
titit kamu mendung ga,percakapan_porno
mau juga dong nete,percakapan_porno
gue gantung kamu di pohon toge,non_porno_non_prostitusi
parjo surat pemberitahuan tahunan kakek sange,percakapan_porno
jembut kamu dijaga ya gue bikin iya iya lagi ntar,percakapan_porno
iya jembut,percakapan_porno
modal kontol doang aja belagu lo hahahah,percakapan_porno
juni 2019 dampak adegan porno suami istri bocah penonton aksi cabuli balita 3 tahun <links>,non_porno_non_prostitusi
kampang ah foto segala ngeblur,non_porno_non_prostitusi
mentang lagi pandemi yang dipercantik malah typingan asade kontol sama kamu semua ngn,percakapan_porno
testimoni member <links>,penyebar_konten_porno
pernah tidak sih kamu merasa selalu terindimidasi sama kenalan kamu yang gay lgbt udah menolak anjing tidak mau di pegang pegang ini malah keterusan anjing jijik gue sama perilaku kayak gini ganggu banget anjing gk tau mau gue apakan dia fuck penyimpangan seksual tobat oi bgo,percakapan_porno
ada pesta gay bong kok kamu santai biasa kalau ada berita viral cenong2 semua keluar dari kolam langsung pasang kuda2 nyinyir bully dll,non_porno_non_prostitusi
hahahahahaha yang ada aku diteriaki bencong bencong sama orang lain wajah menangis keras atau menangis tersedu sedu,non_porno_non_prostitusi
dikasih hati malah meminta kontol dasar pler,percakapan_porno
yg memaki baekhyun itu fandom kamu sendiri lonte,percakapan_porno
tiba2 teringat dulu ada yang protes karena salah satu cerita di bukuku ada yang dia anggap tentang sugardaddy padahal bukan wk k,non_porno_non_prostitusi
eeh jangan gitu bermanfaat bego kamu masuk lab ml ingat lab ml mengajarkan kita untuk don t stop when kamu lose belive in your tim lagging is art oh iya syarat masuk lab ml kontol min 15 cm wajah gembira berurai air mata wajah gembira berurai air mata nah terapin itu dikehidupan kamu memek wajah gembira berurai air mata wajah gembira berurai air mata anjimmmm kasih tau mantan ketua,percakapan_porno
apaan sih ngentot kamu cringe amat jembut kuper kamu ya,percakapan_porno
bullshit banget sih omongan kamu ngentot,percakapan_porno
nyambi jadi mucikari seorang satpam ditangkap polisi <links>,non_porno_non_prostitusi
gue sudah ngewe sama angin lupa kamu pada,percakapan_porno
lu gay sama rahul ya jingan,percakapan_porno
eh sih cupu masih berani bacot ternyata semoga besok titit kamu masih ada ya tong ati2 wajah sedikit tersenyum,percakapan_porno
kamu siapa ngentot,percakapan_porno
anjay anjir anjir anjir lutfi goblok masalah anjir dipermasalahin kontol gapernah nongkrong ya sama teman teman lu ato tidak punya teman di real life trus cari sensasi di media sosial wkwkkw,percakapan_porno
lu adalah ngentot saja go sah nikah,percakapan_porno
jembut kepang,percakapan_porno
siapa lagi nih yang mau isi slot buat besok yukkk 2 slot ya pm pm pm openbo bisyarjkt lendirjakarta ceweknakal cewekbo cewekpanggilan bispak include,penjaja_seks
masuk mesjid di curigai jenggot panjang di curigai jidad hitam di curigai muka ganteng di curigai pengajian di curigai hafi,non_porno_non_prostitusi
siapa kamu anjing wkwkw kamu tidak ngijinin juga tidak berpengaruh lah kntl,percakapan_porno
itu jembut mas,percakapan_porno
emang pesta gay lapor gubernur dulu goblok lu,percakapan_porno
nete saja deh,percakapan_porno
woi kontol kamu pakai peci ngapaa tidak pakai rok atau bikini pe a,percakapan_porno
open bo dan vcs dewa asmara palembang chat wa lia atau bisa dm lia wa 085266742967 availvcs palembangnakal bopalembang pasutri3some bisyarpalembang bispakpalembang realvcs realangel cewekbookingan cewekpanggilan ceweknakal cewekbo realvcs birahi bopalembang codpalembang <links>,penjaja_seks
cerita sex aku di cicipi supirku <links> bidadaridunia69 ceritahot ceritadewasa ceritamesum ceritaseks ceritapanas ceritadiperkosa ceritabokep ceritangentot,penyebar_konten_porno
kntl kamu duaann,percakapan_porno
ngentot kamu babi,percakapan_porno
ya udah terserah lo tapi kalau lgbt rekor itu fakta,non_porno_non_prostitusi
sma guru agama iya bgt tapi kalau pkn tidakkk dapat guru pkn yang sama 3 tahun benar benar bagus belajar pkn tidak cuma nyatet tapi benar benar diskusi trus dia suka kritik tapi tetap netral kayak mengenai pemerintahan ham dalam lgbt dll,non_porno_non_prostitusi
angelbali menyentuh hati atau memberikan ciuman hati hati yang berputar hallo ditunggu morning sex ya menyentuh hati atau memberikan ciuman hati avail bo vcs menyentuh hati atau memberikan ciuman hati 𲱩include exclude pin bulat denpasar bali info rr dm w a 082245448517 recomendedbo bobali bobaliarea bodenpasar angelbali wpbali openbodenpasar openbobali availbali bispakbali openvcs real4bo bisyarbali <links>,penjaja_seks
ttp saja itu nama pengguna kamu kontol anjr,percakapan_porno
ready open bo say wajah tersenyum lebar bermata hati promo 450 durasi 2 jam bebas croot di bawah 18 tahun dilarang di bawah 18 tahun dilarang rr dm wa 089530972499 basa basi omdo skip berdoa atau dua telapak tangan menempel availjogja angeljo,penjaja_seks
tadi gue buka instagram dan lihat ada berita bocah di bawah umur pada simpan video porno dan ada beberapa yang membela sih anak dengan dalih itu telepon genggam dia semua punya privasi dia yang beli kuota apa urusannya sama kalian si,non_porno_non_prostitusi
kata kata kamu manis banget anjing ky ngeyakinin gue benar bener tapi semua bullshit kontol ajg hari hari ini sering kepikiran gue asu,percakapan_porno
hak cipta terdaftar atau registered avail today semarang 13 jogja 14 15 surabaya 16 include exclude must dp rr by dm <links>,penjaja_seks
kalau mengepal kontol itu kamu enak,percakapan_porno
ya kalau jerawatan tinggal pakai skincare eh kntl kamu kira orang yang jerawatan mukanya tidak dirawat kesel banget gue <links>,percakapan_porno
aku tak ada masalah dengan golongan yang ‘lembut’ sebenarnya tetapi dia jadi masalah bila golongan nih mula provoke dan mula berlebih2 nak mempromosikan lgbt yang dia sendiri tahu tak sesuai nak bwk pemahaman itu dalam negara timur yang berlandaskan agama islam org sudah boleh terima kau yang provoke2,non_porno_non_prostitusi
hajjdahhshs nete sm manusia anjg,percakapan_porno
lo lebih cancelled ya kontol lo ada 3 kan,percakapan_porno
ojo ngaceng dap,percakapan_porno
<links> aplikasi unduh dan menonton bokep tanpa vpn gratis aman 100 kumpulan video bokep ter pembaruan bacotsantuy vcsbugil bokepindo,penyebar_konten_porno
bokep cewek michat terbaru 2020 <links>,penyebar_konten_porno
dia kayak begitu cari perhatian kali enggak usah diladenin blok saja kalau mengganggu kalau kamu terusik dengan hal hal seperti ini itu kamu buang buang waktu bro kamu mau marah sama dia karena tuhan kamu dihina juga paling dijawab tuhan gay sepong kntl,percakapan_porno
gua sih enggak kaget kamu dapat pap titit gitu dari jauh sudah kelihatan binalnya sih kamu wajah gembira berurai air mata,percakapan_porno
pengantin baru kesakitan saat ngentot <links>,penyebar_konten_porno
punya kontol bawa perasaan kok menyalahkan cewenya dasar kaum adam,percakapan_porno
perek jalanan ai nan,percakapan_porno
udah avail sore nih wa baru lagi ya beb wajah lega tarif dm wa 081264145462 line sange aaaaaaaaaah openvcs realvcs vcscolmek vcsbugil vcshot openvcsline vcstrusted vcs bokepselingkuh bokepjepang abghot bugil toket bokep asian openvcsreal vcscolmek vcshot <links>,penjaja_seks
mau dong dientot juga wajah meneteskan air liur wajah memberikan ciuman dengan mata bahagia fullnya langsung kesini saja sayang → <links> ← forum bagikan koleksi 18 gratis daftar video asia video bule video igo abg tante amatir video indonesia cerita dewasa <links>,penyebar_konten_porno
yang mau menonton bokep silakan di buka situs nya bokep bokepindo bokeplokal bokeponline bokepviral bokepterbaru di bawah 18 tahun dilarang <links>,penyebar_konten_porno
maklum beginilah bencong,percakapan_porno
tapi sebenarnya enggak hamil kok menurut aku nih cerita itu sebenarnya kayak melihat keadaan indonesia yang kurang sex edu gtu tetapi ya tau sendiri kalau dibuat sinetron itu jadi kayak begitu ke utara ngidul enggak genah,non_porno_non_prostitusi
itu kata di capslok aja biar kamu sendiri bisa baca terus diterapin lo apa bilang kayak begitu tapi masih kasih arahan ke mereka lgbt lo teriak teriak gak usah uruskan hidup org halo harusnya kamu tidak perlu kasih arahan ke mereka cukup diam menyimak tonton sampai habis paham kan <links>,non_porno_non_prostitusi
wkwkwk kamu lgbt juga ya dalam islam bukan lgbt saja hukumannya di bunuh tukang sihir dan penzina yang sudah menikah juga di bunuh oh iya kamu kan bukan islam makanya kamu tidak tau kamu pendukung lgbt,non_porno_non_prostitusi
jancok anjing bagong tai anjing bajingan pantek kampang iyuch iyuch hayoo daerah mana itu,non_porno_non_prostitusi
halah kontol sok ceramah lo,percakapan_porno
perek suka di gagahi ciuman,percakapan_porno
fucks sake stoinis agar tum kuch kr lo gay to koi mout nhai ajai gi,non_porno_non_prostitusi
bacot kontol tidak mau punya tamu kayak kamu kayak jelangkung baekhyun only for exo kai only for exo baekhyun only for exo kai only for exo boikot smentertaiment bringbackkaibaektoexo bringbackkaibaektoexo,percakapan_porno
hmm sepertinya begitu padahal di bank bank dan banyak instansi pemerintah menggunakan vpn ya bukan untuk akses seperti yang disebutkan tadi —> bokep tetapi jalur aman internal untuk kebutuhan perusahaan tersebut,non_porno_non_prostitusi
tolong jelaskan ini kenpa kamu punya kucing kalau nete modelnya begini <links>,non_porno_non_prostitusi
jakarta 083878642723 gay gayindonesia gayngentot gaylokal gaybandung gaybogor gayjaksel pijat pijatplusplus pijatsensual pijatpanggilan massagejakarta massage pijatpalembang pijatcrot openbotangerang openbo openbojakarta openbojakpus openbojaksel vcscroot <links>,penjaja_seks
bokong mantap,percakapan_porno
ibaratnya kamu makan babi bilang biasa aja terus ada yang tidak makan babi bilang itu haram terus kamu mau bilang dia babiphobia ya tidak mungkin kan sama juga ada yang berkeyakinan dari ajaran agama kalau lgbt itu haram masa kamu mau bilang homophobic,percakapan_porno
yaelahhh fler kamu sama saja meludah ke atas tetapi muncrat ke muka sendiri lihat lagi semua twit mu penuh narasi hinaan cacian pelecehan dan terutama hoaks,non_porno_non_prostitusi
ayam kampus yahaaaaa,percakapan_porno
hadeh semua saja kalian tanyakan fetishizing lagian pertanyaan beginian tidak ada abisnya tinggal baca enjoy sudah begitu saja pokoknya tidak usah ingin tahu cowok gay alo ngews posisinya bagaimana dan yang semacam itu lah kalo ini kan ya namanya kamu suka kamu baca sudah selesai,percakapan_porno
perempuan macam apa yang habis di oral sampai bergeliat tidak karuan pas diajak cipokan nolak ishh tidak ah jorok abi,percakapan_porno
bisa tidak kamu jangan titit absen teroos,percakapan_porno
ngebahas titit ya lu ber4 heh,percakapan_porno
ready vcs bertarif say 100 tarif wa 082279965252 serius langsung wa sayang readyvcs availvcs vcswhatsapp realvcs realacc,penjaja_seks
yuk ngewe soputan,percakapan_porno
pantes ket adalah hawane raenak awak ndredeg ngaceng jebul saya sk mutasi syukur ra katut senyum keringat,percakapan_porno
bungkus gorengan aja yang print2an cerita bokep <links>,penyebar_konten_porno
mohon maaf kata anjay dipermasalahkan dan mohon maaf banget kenapa orang orang yang selalu mengucapkan kata tai ngentod lu bangsat kau tidak dipermasalahkan oleh kpai lutfi anjaykpai,non_porno_non_prostitusi
halah jablay kok mengurus pertamina bisa apa lu mpok pinternya cuma mengangkang aja,percakapan_porno
kontol semua orang kayak kontol kamu lebih kayak kontol kamu biangnya anjir ok kamu memang bangsat,percakapan_porno
ngentod banget human iri bilang boz,percakapan_porno
pagi sayang avail video call sex berbayar no basa basi info by wa 081277852481 <links>,penjaja_seks
lo adalah enak bisa memimpikan ngewe sama taekyung gue habis baca disc jockey jojo yang ngewe sama kuda malah mimpi gue yang di ngewe kuda wajah sedikit tersenyum bngsd emang,percakapan_porno
sebelum gue baca caption sama buka pictnya gue kira beneran jembut babgsatttt,percakapan_porno
ga ada janji sama yang lain kan nanti saat mulai ngaceng di tinggal sendiri sehun jadinya kentang nanti hehe,percakapan_porno
betul dasar kontol,percakapan_porno
lu yang akhlakless sok menasihati gue ya tukang ngentot wkwkwk,percakapan_porno
emang dasar cowoknya yang tidak dikenal saja kontol,percakapan_porno
emang dasar butuh tidur ngewe sama travel <links>,percakapan_porno
ngomong di pikir dulu pakai otak bong mau kamu berbuat zina sama bencong apa sama lucinta terserah kamu tidak ada yang ngelarang asal jangan berbuat nya di indonesia,percakapan_porno
sama gue juga punya tapi itu cewek benar benar taat dan sayang banget sama suaminya yg sudah mati semoga saja dia tidak ketular typ baca status wa nya pasti isinya ayat ayat quran plus sering banget doakan alm suaminya itu plz yang lgbt kalau kamu rusak jangan tularin rusaknya ke pasangan mu tanpa ekspresi,non_porno_non_prostitusi
istrinya tau tidak ya kalau pak ganjar suka video porno,percakapan_porno
warna warni hampa semua penyokong lgbt kan dasar gay,percakapan_porno
titit kamu di tes,percakapan_porno
ternyata sih masuk golongan spesies bencong tulang lunak awalnya sok nantangin sekarang mau menggugat <links>,percakapan_porno
wkwkwkkwkwkwwk yaela masih saja overthinking terus mental health drama doang itu adalah kalau ketemu biasa saja tetapi sok update stres stres kamu di buat buat ya stres kamu yang cari sendiri masa stres masih bisa haha hihi tidak mati saja sekalian wkwkwkkwkwkwkwkkwkwkwkkwkwkwkwkkwkwkwkkwkwkw kntl,percakapan_porno
itu cerita dewasa banget alias fakyu sulit betul,percakapan_porno
anjing kok bisa kayak hewan apa sih yang mau ngewe tetapi tidak masuk mulu gara² titit nya kepanjangan itu yang pernah kamu twit,percakapan_porno
cowo kamu tidak modal kntl mau 3s tetapi tidak mau mengeluarkan modal hilih kntl,percakapan_porno
artinya kamu mau ngewe,percakapan_porno
open bo cod tanpa dp foto dijamin real minim edit fullservicedantidak buru buru panggilan masuk atau telepon masuk <links> openbosur,penjaja_seks
ngentod garing,percakapan_porno
psk syar i,percakapan_porno
beneran wajah menangis keras atau menangis tersedu sedu wajah menangis keras atau menangis tersedu sedu wajah menangis keras atau menangis tersedu sedu ak juga pa of lgbt tp,non_porno_non_prostitusi
indahnya masa remaja dimanapun asalkan denganmu video bokep terbaru bokepindo lembut adult videos <links>,penyebar_konten_porno
eluuu coli saja itu sudah zina jangan sok sok an tidak ngrasa bersalah deh dengan lgbt lu tidak usah bela bela beranggapan tidak bisa keluar dari seks menyimpang lu kalau tidak mau di ajak ke jalan benar jangan kasih dosa ke orang lain dengan cara berbuat salah tetapi tidak mau di tegur,percakapan_porno
lu spa kontol,percakapan_porno
ready ya beb open bo yaa wajah tersenyum lebar bermata hati promo 500 bebas crot 2 jam wajah memeluk rr dm wa 083186464577 tetesan keringat tetesan keringat basa basi omdo maaf blok berdoa atau dua telapak tangan menempel surabaya bokingansurabaya bosurabaya surabayabirahi openbosurabaya kimcilsurabaya recomendedbo bispaksurabaya surabayaincluderoom exposurabaya includeroom <links>,penjaja_seks
paham dong a alias mulut nya pecun,percakapan_porno
open bo morning sex includeroom panggilan masuk atau telepon masuk 081316428717 ambil 2 jam ada rate promo ya openbobekasi openbooking availbekasi trustedbooking trustedangel togelovers excluderoom excludejakarta availjakarta excludejakarta bobekasibarat lendirland availjaktim vcsreal <links>,penjaja_seks
bunda ngentot yuk,percakapan_porno
sm alay si mknya tau kodrat kalau di london perek bilang gue budak lu kamu budak gue sampai kiamat alam dukun kok status nya stress mw di mimbar nederland kamu sama claudia kembaran sama sama jablay tak tau kodrat perek ngecas di priuk sarap meminta cover nl,percakapan_porno
serah kamu ngentot <links>,percakapan_porno
wake me up when sebtember end kontol bapak lo mau belajar koma lo,percakapan_porno
• avail lagi bo bo panggilan pagi ini wajah tersenyum lebar bermata hati • yang merasa kesepian bisa dm • ready slootnya • spek 22thn tb 165 bb 48 bra 36b wa 0838 6698 8821 availmedan lendirmedan bomedan bokotamedan excludemedan readymedan realangelmedan bispakmedan cewekmedan includemedan <links>,penjaja_seks
banyak drama kamu ngentod,percakapan_porno
ngewe lewat mulu,percakapan_porno
hey bangsat hina banget cara kamu mencari darah daging kamu dengan jualan bokep rendah banget nafkah kamu anjeng lonte saja masih punya modal lu mencari makan modal mencuri bokep orang kamu jual anjeng,percakapan_porno
emang dasar modal kontol doang terus mengumpet dibalik alter atau anon liat cewek pap tete sange ajak ngewe liat cewek pakean minim ajak video call sex pada goblok memang berguling guling di lantai sambil tertawa terbahak bahak sering terjadi di base base alter nih yang begituan wkwk,percakapan_porno
gasuka banget sama cowo2 yang berbicara ihh jangan deket2 bego dia gay yaaaa kenapa begitu gay tidak nularrrr kalau kamu takut digodain laki gay kamu juga belum tentu selera dia anjirr,percakapan_porno
idie kumat deh lesbi lo,percakapan_porno
mending kamu minggat ke rumahnya nad saja tidak jelas juga kadang memang ayah kamu mending suruh ngewe cabe muda daripada kasih kamu kerjaan,percakapan_porno
mending nete ke bu joy sedih atau cemberut,percakapan_porno
jablay mulu anjir wkwk,percakapan_porno
hahahaha siapa juga yang mau sama loe kamu juga kontol mending cari yang ada memeknya,percakapan_porno
kalo rewelnya meminta nete repot nanti kamu <links>,percakapan_porno
lgbt musnahkan golongan yang terlibat rasuah salah guna kuasa musnahkan bangsa dan negara tahap bahaya yang berlainan tetapi dua dua tetap dosa besar cuma harap jangan sibuk perangi lbgt sampai tutup mata pada kemungkaran yang lain lain sama sama kita men,non_porno_non_prostitusi
openbokendari open huruf b golongan darah b huruf o golongan darah o vcs ready panah kanan avail dadakan info rr amplop dengan panah wa 082245448518 wanitabokendari availkendari readybokendari angelbokendari openbokolaka bispakkendari bokotakendari bisyarkendari trustedbooking includbokendari openvcsreal <links>,penjaja_seks
takut ketika nete paru2nya ikut kesedot,percakapan_porno
memek tembem berbulu lebat puas,percakapan_porno
untuk 24 jam tidak jawab ya gue anggap kamu banci karena anak anjing selalu menghasilkan anjing bukan manusia paham yah,percakapan_porno
emang tidak ada titit kamu apa yang mau dipangkas,percakapan_porno
kalo friend dengan benefit itu pakai sayang sayangan juga ya kirai benar benar kayak teman pakai kamu gue dan tidak ada romantis2an tapi kalau dia mau pacaran ngewe sama orang lain boleh no commitment gittu ya,percakapan_porno
kamu lahir akhir januari kan jadi perpaduan jorok sama sange,percakapan_porno
hal ini gue tau kok tapi seenggaknya sikap negara kita tidak kriminal kaum lgbt itu saja sudah cukup emang perjuangan masih panjang kok tapi bukan berarti arah ke sana legalisasi tidak ada eropa dan amerika saja butuh waktu bertahun² kok,non_porno_non_prostitusi
kalau kamu lahir dari rahim lonte bener atau salah,percakapan_porno
lu yang ngewe kitanya yang bingung <links>,percakapan_porno
basa basi anjing orang dewasa berkuasa atas ke soktauanya merampas hakhak anda berdalil tentang kuasa 7 hari waktu berlalu penggembala cemberut selalu dunia belum berbentuk digantikan cerita terbaru penggembala bingung domba ikut bingung lalu domba jadi penggembala baru,non_porno_non_prostitusi
noj dia itu orang yang paling dekat sama aku entah aku lagi seneng sedih galau bingung pasti aku curhat ke dia dia juga sering cerita cerita ke aku nojie orangnya dewasa baik banget dan lucu juga tau aku beruntung banget bisa kenal nojie aku sayang nojie jantung atau hati <links>,non_porno_non_prostitusi
ah kamu bang ling mulu tobat napa tobat jangan ngewe tross wajah menangis keras atau menangis tersedu sedu,percakapan_porno
pagi dulur mau mengingatkan yang mau olahraga yang ke asjo yang bersepeda yang rasabar picnic ojo lali nganggo masker sangu hand sanitizer ojo kakean omong ndak muncrat idune wajah tersenyum lebar dan mata tertutup selamat beraktivitas berdoa atau dua telapak tangan menempel berdoa atau dua telapak tangan menempel berdoa atau dua telapak tangan menempel,non_porno_non_prostitusi
open bo dan vcs silakan kak isi slotnya info dm surat cinta recommended4bo availsamarinda bokingansamarinda bispaksamarinda bisyarsamarinda exposamarinda infobosamarinda samarinda bosamarinda smdbispak wpsamarinda angelsamarinda realaccount openvcs vcsyuk realfilesbooking <links>,penjaja_seks
ready ya beb open pijit bo adi sucipto sayang rr direct message free wajah tersenyum dengan tiga hati wajah tersenyum dengan tiga hati menyentuh hati atau memberikan ciuman hati menyentuh hati atau memberikan ciuman hati menyentuh hati atau memberikan ciuman hati wpjogja jogjaopenbo jogjacrot jogjanakal jogjabirahi jogjabispak wisatalendirjogja wpjogja pucukbirahijogja ayamkampusjogja kimciljogja <links>,penjaja_seks
si kontol berani beraninya kamu direct message gue bertanya ada masalah apa,percakapan_porno
pagi sayang avail vcs info tarif chat by line cesilia 07 <links>,penjaja_seks
apa itu jembut,percakapan_porno
gw tau lgbt salah memang nge lgbt di negara lain indonesia juga bakal aman dari kiamat tapi menurut gue sih ya hargai lah mereka enggak usah kita pojok pojokin gitu lgbt salah emang kamu juga tidak pernah melakukan kesalahan gitu haha,non_porno_non_prostitusi
rahimku hangat mas itu sama tidak sih dengan kata penisku ngaceng dek maksudnya bagaimana sih senyum keringat kok sepertinya normal banget diucapkan para wanita beda sama pejantan akan dianggap jiji oleh yang lainya dari situ wanita selalu benar,percakapan_porno
peningkatan yourself kontol kamu aku kurus dan tidak bisa gendut terus mau makan berlemak pun atau banyak protein serta karbohidrat tidak ngubah fisik gue jadi lebih berisi atau tetek aku tambah gede atau bahkan punya bokong gede itu enggak ngomong kok tidak pikir dulu,percakapan_porno
mau hiatus fangirl boygroup anjrit war ribut mulu kamu kntl,percakapan_porno
titit kamu dipegangin mulu takut terbang,percakapan_porno
gw mengangkat galon mengangkat gas 12 kilo tidak pernah itu trending yaiya lah kontol kamu siapa hamish daud orng tau gue lagi napas saja kgk wajah menangis keras atau menangis tersedu sedu wajah gembira berurai air mata,percakapan_porno
klo kamu islam dan kamu melarang lgbt di indonesia karena itu haram apa ngelarang alkohol saja yang haram kamu tidak protes,non_porno_non_prostitusi
ngentot janda ngentot ngentotmemek ngentotmahasiswi ngentotperawan ngentotabg jandasange janda jandaseksi jandakesepian bokep bispak bisyar bokepsma <links>,penyebar_konten_porno
jembut ada kebaikan dalam setiap orang,percakapan_porno
realitanya yang namanya orang lagi jatuh cinta mana bisa dikasih saran atau dikasih solusi bilang silakan ngewe aja paling setelahnya 1 hal yang kamu rasain nyesel,percakapan_porno
lu anak banci,percakapan_porno
pointnya adalah lu kan sudah nikah kenapa harus ikut pesta gay,percakapan_porno
aku suka dengarkan cerita dewasa dengerin orang curhat kredit rumah misalnya,non_porno_non_prostitusi
koe paham jembut ra to iya kok dapuranmu i kamu semruwet wajah memeluk berdoa atau dua telapak tangan menempel,percakapan_porno
kerjanya nyinyir bisanya cuma dunguin orang ditawarin menteri saya siap beuhhhh manusia homo keriput kamu dasar,percakapan_porno
kalo menyampingkan putting pronouns in your bio itu buat membantu people yang part of lgbt ya ini kan buat ngemudahin orang manggi kamu aja kenapa harus bilang ribet wajah menangis keras atau menangis tersedu sedu,percakapan_porno
rap sih selamat kalau meminta alat ngewe sama lo semua,percakapan_porno
apaan sih kamu banci lemas banget mulut lu,non_porno_non_prostitusi
sebentar putus asa sebentar sombong alias tidak jelas kamu ngentod,percakapan_porno
sadomasokisme kalau berbicara sadomasokisme awam pasti langsung menuju kepada kategori video porno bdsm atau mungkin kepik,percakapan_porno
tanda cium avail solo tanda cium open ya say serius langsung saja denyut jantung sudah include room rr wa 087793613353 tetesan keringat exposolo availsolo bispaksolo angelsolo bisyarsolo bosolo wpsolo realbosolo openbosolo bokingansolo lendirsolo solobisyar solobirahi solobispak bojogja solo <links>,penjaja_seks
so iya kamu ngentod,percakapan_porno
that gay only want money aur ye 5me fail human resources departement minister bana baitha hai chutiya jab corona cases itne kamu the tab main exam cancel karwa diye kiyuki uska paisa iya haramkhoor kok mil gaya tha aur jo other exams hai uska paisa khana hai isliye ab itnecases haitohsoch kamu is 5me fail ko,non_porno_non_prostitusi
kamu harus ngewe sekarang jg,percakapan_porno
muke kamu kayak titit tapir anyinggg astgfiruloh <links>,percakapan_porno
kesel tau justru kayak begitu jadi ngebuat anak kecil pikir kalau kartun bisa bikin sange,percakapan_porno
kalo kamu cuma mau ngewe mending ke red district saja sana sudah dikate nikah cerai nikah cerai tidak dosa apa iya <links>,percakapan_porno
kalo kamu masih perlu ngode ngode cuma buat ngewe berarti kamu belum waktunya buat ngewe <links>,percakapan_porno
kenapa eh tima kecik2 zaman sekolah dulu aku malu malu kongsi cerita dengan abah tak berkembang betul otak masa tu sekarang bila sudah makin dewasa ni haaa segala cerita apa yang berlaku sepanjang hari itu aku nak bebel dengan abah hari hari ayat mukadimah aku abah nak tahu tak,non_porno_non_prostitusi
kamu sp ngentot main tambahin2 aj,percakapan_porno
anak perempuan lo putus pas kapan wanita habis ngewe <links>,percakapan_porno
berisik kamu kontol,percakapan_porno
kalo mau ngewe doang adalah tidak usah nikah ah alah kondom fiesta dasar <links>,percakapan_porno
dua tiga tutup botol dasar kontol,percakapan_porno
eh ngentot kamu tau bedanya komentar biasa sama menyebar kebencian ga kalo gatau gue mau bilang muka kamu najis ky bangsat ini contoh asli gue membenci kamu karena faktanya memang dunia ini tidak butuh kamu jadi berhak gue ejek aja nah kamu siapa menyebar kebencian ke media sosial tentang orang yang gak kamu kenal,percakapan_porno
cantik kalau mau di ewe,percakapan_porno
testimoni video call sex sari lagi ini baby wajah tersenyum lebar bermata hati wajah meneteskan air liur api 100k sudah fulface fulbody loh berteriak menunjuk ke kanan minta rr menunjuk ke kanan pilih tarif menunjuk ke kanan transfer menunjuk ke kanan lanjut wa menunjuk ke kanan lngsung video call sex menunjuk ke kanan tetesan keringat realvcs <links>,penjaja_seks
dipukul di bokong pakai gayung ya bagaimana ya aku nya yang bandel 3 hari tidak mau mandi berguling guling di lantai sambil tertawa terbahak bahak,non_porno_non_prostitusi
kontol kamu ye,percakapan_porno
orang orang kenapa sih pada mengurus hubungan gua kntl lo kenal gue juga nggak satu circle sama gue pun nggak,percakapan_porno
ponte dasar ngewe sana siapa saja mau haha,percakapan_porno
ive said this and i’ll said it again tolong kamu kebanyakan pikir kontol membunuh sel otak jauh lebih cepat daripada kecanduan narkoba,percakapan_porno
wkwk lawak lu kontol apakah gw akan menderita di akhirat tidakkkk panas sekaliiiii cxkuakkkk,percakapan_porno
hmm wajah berpikir aku mencuri ngewe orang saja ah wajah berpikir,percakapan_porno
akun real gue cuma ini ya dan open video call sex berbayar nanya langsung whatsapp saja 082271230657 vcsbugill vcscrot memekbasah vcsreal vcssangek cewekbugil vcsjilbab sangebanget vcsberbayar vcsyuk tantesange bokep2019 colmek openvcs vcs vcshot vcsreal <links>,penjaja_seks
setelah dapat dukungan mulai berani terang terangan mengadakan kopdar sesama gay setelah diperbolehkan kopdar malah balik menyerang masyarakat yang tidak mau dukung mereka dasar ga open minded setelah nyerang mulai propaganda gay itu normal fitnah allah dan menyerang islam jijikkk wajah mual wajah muntah <links>,percakapan_porno
awas bintitan kamu mengintip titit kucing,percakapan_porno
daripada merusak anak orang mending cari lont ngentot kok cuma modal cinta doang dasar,percakapan_porno
ppt perek perek tangguh <links>,penyebar_konten_porno
daru dulu juga sering dengar gak ada karya lgbt di isi sendiri ya karena belum ada yang layak terus tiba tiba gue bisa lompatin kamu semua kan coba pikir apa sih sastra indonesia kalau bukan kemunafikan isinya kalau bukan pemerkosa orkay sok penting dan ya ini <links>,non_porno_non_prostitusi
ih jijik banget lihat cowok sange an,percakapan_porno
avail padang open bdsm rr dm orang wa wajibdp bopadang bokinganpadang bokingpadang angelpadang trustedbisyar lendirland expopadang wppadang padang bdsm availbo availpadang bispakpadang private femdom slave mist bdsmrules bdsm padangbo fetish master <links>,penjaja_seks
dasar bencong,non_porno_non_prostitusi
dari masalah rizki 2r ternyata nikah itu bukan soal kamu ngewe dengan gaya yang kamu plagiat di link bokep doang cuy tapi kamu juga harus siap badan fikiran dan batin buat menghadapi masalah dan tidak berakhir dengan kata cerai,percakapan_porno
tapi pernah tidak kamu ngewe sama cewek secantik dia,percakapan_porno
kamu kira tukang bengkel gampang apa kerjaanya gue jepit juga titit kamu pakai kunci inggris,percakapan_porno
sih gay yang pernah di dandanin jadi ustadz kan tolol hengkang kamu dari jasad kamu,percakapan_porno
hoo benaran jadi mucikari iya u,percakapan_porno
avail vcs yang mau video call sex sama amora langsung saja ready ya ayo horny wa 083897079106 ponsel real 100 realaccount realangel re,penjaja_seks
cerita dewas pacarku doyan digoyang di apartemennya untuk cerita dewasa silahkan menuju link berikut link » link » <links> partai99 agenbola pokeronline bandarq agenpoker sportbook ceritadewasa agenonlineterpercaya <links>,penyebar_konten_porno
lu bisa tidak ngewe gabisa ya makanya tidak punya pacar,percakapan_porno
a thread ngadepin anceman foto dan video porno via dm instagram terutama khusus cewek hati hati yaaa,non_porno_non_prostitusi
kalo kamu salah ngaku saat orang coba menasihati kamu baik baik jangan justru malah memaki orang yang menasihati kamu kontol kamu yang kontol orang juga dinasehatin buat kebaikan lu don t be such a jerk,percakapan_porno
kalo menurutku pribadi kamu cowok cewek ikut iya sudah urip biasa ae tidak perlu pikir teori teori paham jembutlah jadikanlah orang lain cerminan dirimu sendiri rahim hangat x kontol ngaceng sekian wajah senang atau tersenyum,percakapan_porno
emang bokep ada yang rewatchable ya menurut i disposable soalnya dipakai sekali coli terus udah,percakapan_porno
anjing salah gue apa hah temen diam kenapa diam hah gaberani udah greget mau maju haha sini maju kamu anjing tidak berani kamu sama gue temen sudah mau mukul banci banget kamu beraninya sama cewek temen pergi,percakapan_porno
profile picture nya langsung pamer iwatch hilih kintil we already know kamu beli pakai apaan toge goreng,percakapan_porno
undangan diskusi daring mengkritisi pemberitaan diskriminatif terhadap lgbt kembali terulang media massa tidak menjalankan fungsi jurnalistik sesuai kode etik dalam memberitakan peristiwa penggerebekan acara <links>,non_porno_non_prostitusi
mau bagaimanapun bacotan keren lu lgbt tetap salah,non_porno_non_prostitusi
sebelum kamu berasumsi lebih jauh gue meminta kamu sediakan literatur atau riset yang menunjukkan bahwa lbgt adalah penyakit kejiwaan karena gue sendiri sudah baca dari sekian banyak jurnal karya ilmiah bahkan buku kalau lgbt bukan gangguan psikologi whatsoever thank you,non_porno_non_prostitusi
kamu pakai intan dan mucikari nya saja <links>,penjaja_seks
udah jadi rahasia umum bong koruptor rampok pelaku maksiat pelaku bisnis maksiat kaum lgbt penjilat dukun sesat dukun cabul bla bla bla tergabung dalam bani cebong,non_porno_non_prostitusi
bebas pecun goblok model kamu mau bacot apapun yg pasti jkw tetap presiden bibib mesum kamu tetap jadi buron tidak bisa balik dari arab hahahaha,percakapan_porno
kepo kamu jablay,percakapan_porno
ya buat yang sudah sex bagi begituuu karena makin kesini sex hanya ajang gengsi dan tidak memikirkan efek nya endingnya jual cerita sedih akibat ketidakpahamannya mengenai sex aku juga belum pernah sex ya bg wajah sedikit tersenyum,non_porno_non_prostitusi
meki yang bagus,percakapan_porno
avail jakartabarat mawar hari ini aku open promo ya mawar jangan sampai ketinggalan tersipu atau tersenyum dengan mata bahagia panah pengait kanan rr via dm panah pengait kanan wa 082268017985 availjakbar openjakbar realangel realaccount bispakjakbar bisyarjakbar bojakbar angeljakbar realbojakbar jakbarbisyar openbojakbar expojakbar jakartabo <links>,penjaja_seks
hebat memek ny masih,percakapan_porno
pd banget ya kayak agustus sudah aman saja sih manusia homo teh by the way maaf tadi kelupaan jadi tidak komen di live aku kasih makan kucing terus main pigg <links>,percakapan_porno
daaaaan ini hal yang paling2 gue benci kalau mengingat kisah ini begitu habis ngecrott itu penis dia tidak bisa berdiri atau ngaceng tuh udh gue apakan saja tetap saja lemes curang kesel sebal karena gue belum dapat apa apa dengan keadaan gue yang benar benar lagi sange,percakapan_porno
ya kali kamu nafsu ngewe ditempat kayak begitu bro,percakapan_porno
plus mie ayam venza soto kampus wajah menangis keras atau menangis tersedu sedu wajah menangis keras atau menangis tersedu sedu nek tanggal nom ss paling larang ng waroeng steak wajah menangis keras atau menangis tersedu sedu,non_porno_non_prostitusi
nanya pejantan ingin colok memek ya sudah telanjang,percakapan_porno
kasian anak dan istrinya kalau gay ya sudah begitu enggak usah nikah sama cewek kalau alasannya cuma nyembunyiin orientasi sex kamu yang sebenernya jahat anjrit <links>,percakapan_porno
banyak2 baca kisah lgbt yang kembali hidup normal bro semoga kamu kembali ke jalan manusia sip jempol ke atas,non_porno_non_prostitusi
bokong e ya allah gumuuusshhh kyok menthok megal megol ayam menetas,percakapan_porno
tapi bokong,non_porno_non_prostitusi
ngausah ribet ngelepasnya waktu sih anak mau nete,non_porno_non_prostitusi
kontol kamu sakit,percakapan_porno
ya langsung tidak jadi nete dong,percakapan_porno
ni kalau gay dan lesbi kawin ada masalah masalah sepele kayak begini tidak y bekal buat suami lah dan lain lain <links>,penyebar_konten_porno
tt yang kamu maksud itu tete atau titit,percakapan_porno
bayar hutang lo dasar tukang pukul perempuan banci <links>,percakapan_porno
open bo say menyentuh hati atau memberikan ciuman hati lagi ada promo loh wajah tersenyum lebar bermata hati wajah tersenyum lebar bermata hati apa saladin cek rr direct message orang wa 0895618645620 openbo openbodepok openbooking bisyardepok bispakdepok bodepok bispakhot cewekbo realangel availbo kulinerlendirdepok includedepok bispakhot availdepok cewebo availdepok <links>,penjaja_seks
nikah buat menghidari zina katanya heh hidup lu cuma buat sange terus ngewe <links>,percakapan_porno
iya deh kamu semua paling bener yang lain salah yang straight suci wkwk semoga kamu pada dapat pencerahan lah ya atau sebenarnya kamu lagi menutupi juga ya kalau kamu lgbt jadi kamu serang orang lain jangan lupa come out kakak jangan dipendam jantung atau hati,percakapan_porno
pelik lah orang dewasa nih yang sibuk sangat hal student kenapa kalau membantu lain cerita tau ni just nak bagitau hampa dulu power pasti setibanya rant pasal life kerja hampa kita berlumba untuk apa nih wanita tepuk jidat,non_porno_non_prostitusi
tembem itu memek udah kering di gosok terus,percakapan_porno
open bo yoyakarta wajib uang muka no cod no tipu tipu serius direct message wa 083199638294 ayuk sayang lagi ready nih say menyentuh hati atau memberikan ciuman hati menyentuh hati atau memberikan ciuman hati openbojogja angeljogja realbojogja bojogjacod bojogja angeljogja availjogja wpjogja panlokjogja jogjabo togejogja <links> <links>,penjaja_seks
wkwkwkwkwkwkwkwkwwkwkwkwkwkwkwkwkk2kwwkkw2k2k2k2k2k2kwkkwkw jembut berguling guling di lantai sambil tertawa terbahak bahak berguling guling di lantai sambil tertawa terbahak bahak berguling guling di lantai sambil tertawa terbahak bahak berguling guling di lantai sambil tertawa terbahak bahak berguling guling di lantai sambil tertawa terbahak bahak berguling guling di lantai sambil tertawa terbahak bahak berguling guling di lantai sambil tertawa terbahak bahak berguling guling di lantai sambil tertawa terbahak bahak berguling guling di lantai sambil tertawa terbahak bahak <links>,percakapan_porno
napa kamu bawa bawa keluarga anjing orang2 kiri macam kamu nih kayak sih armand dhani atau sastra tai anjing bukunya tan malaka taunya pemburu m3m3k ih najis kamu cocot setinggi langit belum lagi yang perek feminisnya masih suka duit ayo pak pol injek saja mereka kalau demo,percakapan_porno
typo lagi kampang wajah senang atau tersenyum,non_porno_non_prostitusi
abis musnah diancurin allah kalau gitu wajah sedikit tersenyum cuma kan ya memang diagama dilarang begitu lo namanya lgbt kaum nabi lut jadi saksi sudah diabadikan di al qur an balik lagi kamu percaya atau gak wajah sedikit tersenyum,non_porno_non_prostitusi
gue juga tidak peduli kalau kamu pecun,percakapan_porno
titit kamu dilihat ikan termenung atau wajah merenung atau wajah menyesal <links>,percakapan_porno
lu kemarin yang terciduk ikutan pesta gay iya bang ngaku lu,percakapan_porno
paha bini kamu pasti banyak bekas korengnya makanya titit kamu langsung ejakulasi lihat paha mulus,percakapan_porno
kangen penyetan ayam kol goreng belakang kampussedih atau cemberut,non_porno_non_prostitusi
gue tidak mau memaki orang lonte tetapi kalau kamu pengecualian,percakapan_porno
<links> < tempat berbagi cerita porno khusus 18 yang hanya boleh liat ya > < download bokep gratis klik <links> gratiss tiss tiss,penyebar_konten_porno
jadiin motivasi mata kamu motivasi bilang saja mau sombong gue keplak pakai kontol kuda baru tau rasa lu,percakapan_porno
eh ngentod lah,percakapan_porno
cerita dewasa terbaru cerita dewasa terbaru ngentot dengan mantan anak didik <links>,penyebar_konten_porno
klo kamu tidak suka sama lgbt ya tidak apa apa jujur gue jg tetapi bahasany jangan begitu dong cukup respect sama mereka sebagai manusia kenapa tidak bisa si,non_porno_non_prostitusi
satu anjing kamu ngejb gue potong titit kamu ye,percakapan_porno
dulu jaman sekolah dasar beli jajan ditanyain sama abangnya di jemput atau jalan kakai eh ku bilangnya iyah di jembut dengan lantang dan di mentertawakan dong awalnya tidak tau aku bilang jembut terus abangnya bilang hus kok saru wajah lega,percakapan_porno
astagaaa sewa pecun sekalian tidak pak,percakapan_porno
kontol lu pendek,percakapan_porno
di dark itu kayak orang kamu benci bisa berubah sejalan dengan episodenya kek awal awal gue kesal banget sama hannah jablay lalu ganti noah lalu adam wtf,percakapan_porno
eh waktu kuliah gue bertengkar sama bencong kalbat gara2 mengamen dia gue sg terus gue kasih 2k eh dia malah marah gue ejek aja sana kamu kerja di apl eh ribut dah malah di tontonin kesal lagian anjink,non_porno_non_prostitusi
hahahaha anjrit porno itu video yang elus elus kan ya,percakapan_porno
ngakak jamil jablay militer berguling guling di lantai sambil tertawa terbahak bahak berguling guling di lantai sambil tertawa terbahak bahak berguling guling di lantai sambil tertawa terbahak bahak <links>,percakapan_porno
dan buat yang memaki gay kamu percaya begitu sama editan padahal aslinya tidak kayak begitu dan yang lain juga mereka tidak sengaja begitu bukan sengaja makanya lihat yang asli nya dan cari tau dulu kebenaran nya jangan langsung percaya dan menghujat orang yang tidak sesuai faktanya,non_porno_non_prostitusi
banci kah,non_porno_non_prostitusi
selamat pagi say open vcs ya say trf via rek atm wa 083801456977 availvcs vcs vcswhatsapp realvcs realangel availjogja trustedbisyar dirumahaja memeksempit vcsbugil ceritadewasa vcscrot realaccount realvcs vcs vcsberbayar vcssange vcskuy vcsyuk sangeberat <links>,penjaja_seks
berguna karena nete menambah kalsium,percakapan_porno
mengaku bagian dari bela bangsa urusan paha mulus masih tergoda namanya kerdil mengakui raksasa urus urusan ngaceng dulu baru pikir bangsa <links>,percakapan_porno
lu cowok masa kamu lonte sih anjir berguling guling di lantai sambil tertawa terbahak bahak,percakapan_porno
ngaceng anjir we love you chanyeol park exolsarealwayswithchanyeol exolsarealwayswithexo 찬열 chanyeol 엑소 exo,percakapan_porno
bacot kontol tidak jelas kamu tolol,percakapan_porno
aku tak tahu kenapa aku sanggup sangat pergi top up and langgan internet pria tepuk jidat berkulit putih kuning langsat pantat betul,percakapan_porno
bacot kamu kontol,percakapan_porno
ngentot kamu bacot anjing,percakapan_porno
kamu psk tidak usah nyampur lepas kerudungmu baru ketahuan kamu psk kamu baca twit nya fahri yang begitu benci jokowi itu yang saya balas jokowi itu presiden tidak pantas dimaki maki oleh seorang fahri twit fahri penuh,percakapan_porno
replynya makanya normalisasi living alone mereka juga menikah karena tuntutan gmn yaa elo yang dituntut untuk menikah kamu yang dapat beban terus kamu menikah sama perempuan yang tak tau kalau kamu itu gay bi cont <links>,percakapan_porno
takis nih yang mau video call sex atau bo sama <links>,penjaja_seks
promo khusus malam ini yg mau bo vcs bisa order sekarang wa 089501340105 di tunggu via wa say evailboking liveboking becekrasa jilmexsek vcslive rasapacar bokingledies <links>,penjaja_seks
mungkin dia belum siap buat come out mungkin karena di indonesia masih sangat banyak orang yang tidak menerima lgbt dan pacar kamu belum siap kayak di asingkan di negeri sendiri sabar saja dulu ya,non_porno_non_prostitusi
berguling guling di lantai sambil tertawa terbahak bahak berguling guling di lantai sambil tertawa terbahak bahak berguling guling di lantai sambil tertawa terbahak bahak kontol lu tu buzzer,percakapan_porno
open real video call sex berbayar seriussss order sekarang wa 081532938152 bokepindo bokep bokepperawan bokepjapanese bokepindonesian bokephijab bokepmahasiswi bokepviral vcscolmek vcscrot vcswhatsapp tantegirang bokephot <links>,penjaja_seks
ngentot lo ini lumayan damagenya lebih sakit kalau pakai caps lock,percakapan_porno
berani spill lagi gue betot titit kamu sampai surabaya bolak balik mau,percakapan_porno
adanya ngentod,percakapan_porno
hmmm kalau menurut aku tidak dukung sih itu sama saja tetap membiarkan mereka ditindas bukan karena bagaimana ya walaupun km tidak setuju kayak yang aku bilang kamu sorta let it happen kalau km tidak support mereka kamu bakal bisu dalam isu isu lgbt yes no,non_porno_non_prostitusi
dasar anak lonte goblok sumpah ya gue yang tidak kenal saja sakit hati banget bacanya,percakapan_porno
mulut sama otak persis wan jembut kamu tong,percakapan_porno
ajg gue juga tidak mau kali dilahirin seburuk ini gue tidak meminta lahir dengan keadaan cacat gue tidak meminta tumbuh di lingkungan sarang biawak kayak begini anjr sekarang kalau gue tumbuh tidak sesuai ekspektasi gue juga yang salah ya tidak kontol lu berdua tidak besarkan gue dengan layak,percakapan_porno
terhukum karena orientasi seksual nder indonesia belum bisa menerima adanya kegiatan party seks yang berarti kegiatan itu ilegal mau orientasi seksual kamu gay straight oval circle pentagon yang namanya pesta seks ya masih ilegal di indonesia <links>,non_porno_non_prostitusi
tapi kalau lagi ngewe sama istrinya bisa ngaceng yaa,percakapan_porno
ni memek setiap hari sange mulu,percakapan_porno
ga guna juga lo hidup kalau suka kolom kontol gede <links>,percakapan_porno
mentang2 umur kamu seumuran ayah gue terus berbicara sama gue pakai kalimat lu gue kamu pikir kamu keren bakal gue bikin kamu tidak ada harga dirinya kontol,percakapan_porno
ngentod doang nder otak lu,percakapan_porno
alasan mendasarnya karena tidak ada terapi yang mampu mengubah orientasi seksual seseorang lebih lengkapnya sila referensi dari sini <links> tapi wajar saja jika beberapa dokter di indonesia tidak setuju karena lgbt tidak diperbolehkan dalam agama <links>,non_porno_non_prostitusi
dia cuma jawaiya gapapa tapi suara kamu kok kaya di tahan changi jadi kedengeran kaya banci,non_porno_non_prostitusi
lesbi boleh gampang sange jangan geplak juga nih,percakapan_porno
satu kata buat senior idiot tolol bego terlalu gede rasa sok pintar kayak kamu nder ngentot,percakapan_porno
anjing perempuan di siksa dasar banci selebor,percakapan_porno
selca day ata random semua kampang,non_porno_non_prostitusi
kyk jablay ya wkwk,percakapan_porno
latihan goyang bokep bokepindo bokepjepang bokepsma bokepsmp bisyar bispak bisyarjogja bisyarbandung bisyarmadiun bisyardepok bispakjakarta bispakbumil <links>,penyebar_konten_porno
kea titit kamu gede aja,percakapan_porno
ga ada ngewe ngewe yah bo nya ini fine dining di kupat tahu,percakapan_porno
yaaa apalagi sahabat nya cowok berasa maho cowok gue,percakapan_porno
2 ini si maniak ini sering ganggu2 gw sexual harassment verbally tanpa sebab bilang bilang penis cowok cowok kita banyak buat lu ke gw anjing kayak di brothel aja tapi isinya gigolo kayak dia,percakapan_porno
ih anon lonte sudah jago kamu memek,percakapan_porno
jadi ingat kaka2an gw yg dulu milf ldran pernah cerita temannya pernah memberi istri nya ke rekan kerja nya buat dipake mungkin gue bakal menemukan kayak begitu kali tapi inginnya cuma slave sex buag gue sama pasangan resminya aja,percakapan_porno
apaan sih banci debat sama cewek bego amat lu,percakapan_porno
baru pacar suruh ikut ewh mana memanggilnya cewek bangsat anak lonte goblok lu sapa ajg putus nder tidak usah sama manusia yang harga diri tinggi menurut dia padahal rendah banget kayak tanah nih diinjek2,percakapan_porno
ngentot gw gampar lo,percakapan_porno
hahahahha anjinggg kamu menonton filmnya da ngentot,percakapan_porno
lek muncrat harus sampai ganti klambi,non_porno_non_prostitusi
heh kampang kamu kamu yang kirim vnnya di s,non_porno_non_prostitusi
dih lebay banget kamu menindas2 apaan wajah gembira berurai air mata wajah gembira berurai air mata wajah gembira berurai air mata wajah gembira berurai air mata wajah gembira berurai air mata ga ada yang dipukul ga ada yang ditendang tidak ada yang ditembak menindas2 apaan wajah gembira berurai air mata wajah gembira berurai air mata wajah gembira berurai air mata wajah gembira berurai air mata senang banget memainkan korban sudah kayak bencong kamu pasti termasuk bencong2 yang sering bawa perasaan itu yak disenggol sedikit aww wajah gembira berurai air mata wajah gembira berurai air mata wajah gembira berurai air mata wajah gembira berurai air mata wajah gembira berurai air mata wajah gembira berurai air mata wajah gembira berurai air mata,non_porno_non_prostitusi
lesbi kalau kamu yang berbicara wkwk,percakapan_porno
bilang makasihnya kayak bencong lagi marah makasehhh <links>,percakapan_porno
yuk ngentod,percakapan_porno
mngkin kalau gue begadang sambil open bo gue sudah kayak kali ya akh sudah lah bye,percakapan_porno
hanya melayani open vcs real pisang no bo no hoax no bacot huruf x tanda silang menandakan pembatalan atau larangan atau penolakan atau kesalahan w a 0852 6697 6247 vcs vcsbugil vcscroot vcscolmek vcstrusted vcsberbayar vcsyuk vcs toketgede bisyarjogja bisyarsurabaya vcsbugil <links>,penjaja_seks
di ngewe atuh,percakapan_porno
kan lesbi ih mutual kusedih atau cemberut gk jb bukan lesbi gtusedih atau cemberut,percakapan_porno
anjing benar benar ayam kampus ya lo,percakapan_porno
ngaceng kan ngkok,percakapan_porno
o8 mam cesic walaupun kamu mamah aku aku mau memasukkan saja kesini hehe mam kamu orang yang sangat dewasa i admit and adore that walaupun kita jarang cerita cerita tapi i hope one day kita akan sering tukar cerita ya mam karena menurut aku,non_porno_non_prostitusi
tiati bro kalau cewek kamu jalan sama teman ceweknya takutnya nih yee jadi lesbi xixixi,percakapan_porno
lu bencong amat,percakapan_porno
panah maju bekasi barat di bawah 18 tahun dilarang open bodanvcs no gedung kantor in dan ex room tanda centang berwarna putih wajb keep slot boking 40 dari tarif yang kamu pilih menyentuh hati atau memberikan ciuman hati payment transfer openbobekasi availbekasi bisyarbekasi bispakbekasi availbo bekasibisyar excluderoom excludebekasi boincluderoom <links>,penjaja_seks
tawa kamu kntl,percakapan_porno
mau gue potong titit lu,percakapan_porno
isi obrolan grup whatsapp cewek 1 informasi yang tidak begitu penting 99 video kocak dan perang stiker porno <links>,percakapan_porno
sedih banget bacanyamenangisplease cowo² yang pikir kalau vagina bakal melebar karena sering berhubungan sex tolong banyak baca lagi kepala bayi saja bisa keluar dari lobang ini dan bakal kembali keukuran asalnya sumpah penis kamu pada gasekeren dan semantap itu kok sampai bisa membuat longgar <links>,percakapan_porno
bukan napsu tapi sange,percakapan_porno
orang kayak kamu mana bisa tolol sadar muka ngentot,percakapan_porno
tw kasar bangsat kamu ya cuma gara gara shipper kamu benci mikasa sampai nyumpah nyumpahin dia mati kntl ngntd,percakapan_porno
lu bisa tidak mengurus negara jan bacot doang ngentot bukanya bikin bagaimana indonesia maju malah unggah gambar tidak jelas kamu mengkritik apa kata ngatain,percakapan_porno
lo pone dan mi perfil iya gay uwu,non_porno_non_prostitusi
so apa lo cari pembelaan di base atau apapun kita semua butuh kejelasan di akun lo sendiri spill dengan gentle dengan jantan lo benci sama orang cukup lo saja yang benci gak usah ngehasut orang banyak buat ikutan sama sesuatu yang lo benci jatohnya lo banci,percakapan_porno
indonesia kenapa makin jadi ya yang tolol yang bencong lah malah di up udah tidak menonton televisi masa tidak buka media sosial juga gue,percakapan_porno
ngentot kamu xanxus,percakapan_porno
bmsat ngaceng banget ris wajah menangis keras atau menangis tersedu sedu wajah menangis keras atau menangis tersedu sedu wajah menangis keras atau menangis tersedu sedu,percakapan_porno
jangan ngadi2 deh kamu wajah dengan tangan menutupi mulut wajah dengan tangan menutupi mulut lgbt lgbtq lgbtqiaoftwitter lgbtindonesia <links>,non_porno_non_prostitusi
heran deh sama mereka ingin dihargai ingin disetarakan tapi malah ngewong ramai ramai pakai segala pesta apalagi di tengah pandemi begini ya sudah kalau kamu gay mau ngewong diam diam saja enggak usah ajak ajak temen gila si kan kalau ketangkep begini yang ribet juga kamu sendiri terlalu lelah,percakapan_porno
memang tidak ada adabnya lo citra paling rusak di toge ya citranya white,non_porno_non_prostitusi
ini alasan dia buka baju bukan mengomentari komentar ke dia dan bilang gue ngaceng bukan ekspresi bahagia,percakapan_porno
pak cik unggah gambar pun banyak dapat mesej gay orang tua kebanyakan dari indonesia se,percakapan_porno
ajin bambam hyung rajin mangkal di warung jablay wkwkwk,percakapan_porno
sarap pitoy goodog perek jd bimbel ikut jokowi korona mw tutupeti said mrs ikut jokowi said ovel goblok perek di cor dulu duitngalir said mrs,percakapan_porno
ngewe,percakapan_porno
gua tau ini jahat tapi ini khusus buat mbak revina aja hai lonte tt kecil aja sok dipamerin perih mata ngeliatnya tau gak sih berkilau polusi tt berkilau bgt lo,percakapan_porno
bokep po <links> bokepindo bokeplokal tantesange bokepindonesia bokeponline bokepbarat videobokepjepang videomesum sangek cewesangek filmbokep bokepviral bokepcina bokepterbaru,penyebar_konten_porno
trs maksud kamu bocah bocah lgbt itu harus mengorek mengorek isi sempak kamu dulu buat suka sama kamu sdngkan kamu saja di dekati mereka menjauh gmn mereka punya peluang buat melihat batangan kamu cb jd ya on point first impresion mereka buat suka sama orang jelas ganteng apa ngganya,percakapan_porno
berapa pun utangmu bayar jangan nunda atau tidak mau bayar karena orang yang diutangin banyak duit dan tidak menagih pas mau minje,non_porno_non_prostitusi
ready siap menemani no gay girls only privacy terjamin area yoyakarta bisa langsung dm m 19 mmf ffm juga oke ffm mmf gigolojogja 3somejogja pasutrijogja,penjaja_seks
kamu tau dari mana sudah chara yang kita pakai itu straight sexual orientation itu cuma mereka yang tau kalau kamu tidak suka idol di bilang gay ya kamu juga tidak bisa jge klaim mereka straight,percakapan_porno
lo ngewe saja sama amplas,percakapan_porno
nonton bokep abg lagi sendirian di rumah telanjang pamer meki <links> bokep ngentot toge jav streaming,penyebar_konten_porno
avail ya info rr direct message kk availsemarang readysemarang exposemarang bosemarang bokingansemarang openbosemarang availsemarang wpsemarang angelsemarang bisyarsemarang bispaksemarang includesemarang semaranglendir wisatamalamsemarang semarangbo panloksemarang <links>,penjaja_seks
buat kamu yang kalau lagi marah ngentot stres totngen di meledeki ngentot badmood todngen seneng netnot su,percakapan_porno
ready ya beb menyentuh hati atau memberikan ciuman hati open pijit bo adi sucipto sayang rr direct message free wajah tersenyum dengan tiga hati menyentuh hati atau memberikan ciuman hati wpjogja jogjaopenbo jogjacrot jogjanakal jogjabirahi jogjabispak wisatalendirjogja wpjogja pucukbirahijogja ayamkampusjogja kimciljogja <links>,penjaja_seks
susu apa ajaa wajah menangis keras atau menangis tersedu sedu wajah menangis keras atau menangis tersedu sedu bukan berarti mau nete juga wirr wajah menangis keras atau menangis tersedu sedu wajah menangis keras atau menangis tersedu sedu koo gibeng nih lama lama wajah menangis keras atau menangis tersedu sedu wajah menangis keras atau menangis tersedu sedu,percakapan_porno
ngidam makanan medan wajah terbalik bihun bebek hokkian mie pangsit bolu meranti dimsum nelayan dan babura chicken holic kopi alpukatnya macehat nasi ayam nasi berdua panggang nasi goreng langganan depan kampus wajah menangis keras atau menangis tersedu sedu wajah menangis keras atau menangis tersedu sedu wajah menangis keras atau menangis tersedu sedu,non_porno_non_prostitusi
mau nete mam,percakapan_porno
wkwkwkw ngentot bisa bisanya ya kamu orang bikin nama gue jelek dengan hal yang tidak pernah gue lakukan sama sekali kontol,percakapan_porno
kalo gue yang jadi teman ceritanya gue bakal bilang sadar lgbt itu salah tidak ada yang membenarkan tapi berbagi rasa sayang itu boleh tapi tanpa melakukan sex sex mau itu lgbt mau itu straight kamu bakal dosa dan inget ini cobaan dari tuhan suatu saat pasti kamu bisa buat keluar,non_porno_non_prostitusi
meraih consent demi ngentot dengan cara malsuin identitas itu termasuk consent tidak tuch,percakapan_porno
bajingannn kalau gue di situ sih gue ga akan biarin dia keluar tanpa lawan tanding yang seimbang looser lo kalau berani main tangan sama cewek potong aja itu titit bos ga guna ayo gelut bangsat <links>,percakapan_porno
bikin gue pusing saja kamu ngentot,percakapan_porno
kalo tidak suka sama gue berbicara blak blakan jangan beraninya berbicara di belakang doang dasar banci,percakapan_porno
eh titit kamu tadi kaya gini,percakapan_porno
jadiiii setelah itu aku cerita sama teman aku yang menurut aku dewasa dan yang berpengalaman akan hal tersebut,non_porno_non_prostitusi
ready ya beb open bo yaa wajah tersenyum lebar bermata hati promo 500 bebas crot 2 jam wajah memeluk rr dm wa 083186464577 tetesan keringat tetesan keringat basa basi omdo maaf blok berdoa atau dua telapak tangan menempel surabaya bok,penjaja_seks
kok bisa kepikiran begini sih berguling guling di lantai sambil tertawa terbahak bahak berguling guling di lantai sambil tertawa terbahak bahak kayak hubungan seksual itu sesuatu yang tidak bisa kamu kontrol kalo orientasi iya tidak bisa dikontrol tapi ya mau kondoman atau tidak ya tidak adalah istilah tahan tidak tahan lo kira orang gay isi hidupnya 24 7 ngews doang,percakapan_porno
kontol lo,percakapan_porno
yah kasihan cuma nongkrong tidak ngewe,percakapan_porno
gue tau kenapa disensor muka kamu kayak jembut kan,percakapan_porno
maksudnya kamu bilang habib habib keturunan rasulullah saw itu lgbt <links>,non_porno_non_prostitusi
gue iya anjir ampe cerita ketetangga sih budi tidak pernah keluar kamar brlajar terus kuliah online padahal gue lagi bokep,percakapan_porno
bah merembet ke bully fisik sama saja kamu semua kntl,percakapan_porno
gua tidak selogika sama kamu sudah bro memang semua manusia melakukan dosa tetapi tidak semua lgbt,non_porno_non_prostitusi
ayolh ngewe,percakapan_porno
jorok banget lo titit titit jadi mau,percakapan_porno
ada teman gue persis kayak begini dulu wajah gembira he said santuy bro gw gay tidak suka sama cewek yang ada juga kamu yang gue embat nanti setelahnya lancar jaya dan cowok teman gue itu tidak pernah julid lagi senyum keringat,percakapan_porno
jijik nya ngebaca rahimku anget sama jijik nya dengan baca aku ngaceng,percakapan_porno
nah man keep grinding,non_porno_non_prostitusi
pegel banget tangan sama bokong,non_porno_non_prostitusi
avail hotel surya asia wonosobo minat info direct message saja <links>,penjaja_seks
kumenangiiissssss dari sekolah dasar sampai sama kerjaannya nanem toge mulu wajah menangis keras atau menangis tersedu sedu,non_porno_non_prostitusi
mau kamu gay mau kamu normal kalo kamu sudah nikah terus berhubungan badan sama orang lain itu salah,non_porno_non_prostitusi
cindy mau ngewe,percakapan_porno
tantegirang lagi asyik ngentot sama brondong kontolbrondong memek chubby tante sampai basah achhh enak banget di sodok kont,penyebar_konten_porno
pengen nete juga donk,percakapan_porno
open video call sex pembayaran via pulsa bertarif 100k 20 menit 200k 1 jam 250k member 1 minggu vcs gratis 1 minggu real akun no fake selain aku ini akun clone saya di direct message saja wa 083876760138 <links>,penjaja_seks
kamu gay p bagaimana sih tidak paham gue,percakapan_porno
stiap gue bantah tentang lgbt di pergaulan gw psti langsung diserang dblg tidak ngehargai yang ngedukung lo garespect bla bla bla wtf mreka mau di hargai tetapi mereka tidak mau ngehargai gue yang tidak ngedukung trus mereka mau gue respect tetapi mereka tidak respect balik wajah sedikit tersenyum,non_porno_non_prostitusi
kntl mas mas smule,percakapan_porno
pasti kamu habis ngewe,percakapan_porno
begini ya ngentot yang hipokrit lebih dahulu siapa gue selalu diam saat kamu memusuhi gue karena cewek gue diem dan sekarang kamu mengeblok gue gara gara gue tidak respon chat lu eh tai kamu daridulu memang pernah respon chat gue dengan baik ngaca kalo mau ngatain orang,percakapan_porno
mulai sekarang open vcs real bo tarif line wa trusted real wa 082167260366 line novita4343 hati yang berkilau hati yang berkilau openvcs vcsbugil vcscrot vcshot realangel realvcs availjogja availvcs bispakjogja ayamkampusjogja bisyarjogja memekbasah realvcs vcsberbayar <links>,penjaja_seks
chiru valla memu andhara vacham ani yeppudu bunny chepthune vuntadu kadha ra gay lanjoduka chevulu mabbu gadi pukku lo pettukunava ni pellam pukku lo na modda,non_porno_non_prostitusi
kalau sange main poker iolpoker merupakan situs agen idnpoker bandar ceme dominosedih atau menangis omaha terpercaya di indonesia yang selalu memberikan bonus terbesar jadi tunggu apalagi langsung daftar sekarang juga hanya di iolpoker8 com kontak whatsapp michelle 855968563845,percakapan_porno
avail serang yuk merapat aku tunggu ya dm ny pengen sensasi sex berbeda bgitu indahnya hari ini andai kamu ada availserang openboserang bisyarserang kimcilserang expolserang bispakserang availserang <links>,penjaja_seks
avail 3 slot hari ini uang bersayap amplop dengan panah dm availjaksel openbo bispakjakarta availjakarta availjaksel cewekmesum availjakarta bisyarjaksel bojakarta bisyarjakarta realbo bispakjakarta bojaksel bojakarta openbojaksel availjaksel openbooking bokepviral <links>,penjaja_seks
klo baca kayak sok pintar bgt duh ya suka suka bgemute atau blok lah anjing tubi ngentod,percakapan_porno
serius anjir tidak ada yang bagus lah kenapa jadi gue tele ngebet banget mau nikah lo kamu adalah nikah buat ngewe biar halal doang anjir wkekek,percakapan_porno
coba belikan yang berpaedah kayak amer misalnya berpaedah untuk kenikmatan bersama apalagi kalau dengan pekerja seks komersial nya itu lebih mantap lagi semoga beruntung,percakapan_porno
ngentod juga nih yang dipanggil kak tersinggung,percakapan_porno
kalau banyak lgbt di dunia ya habis deh manusia <links>,non_porno_non_prostitusi
pdhl gua udh tau ada kontol lu bilang tapi tetep gue buka ajg,percakapan_porno
dahlah kamu semua yang baca ini tolong banget sudah kalau tau ada yang lgbt apa bagaimana mending tidak usah ksi tau gue ya gue tidak mau kena dosanua ky istri nabi luth dosa gue masih menumpuk banyak enggak mau ditambah2in sama dosa ky begitu oke wajah sedikit tersenyum jempol ke atas berkulit putih kuning langsat <links>,non_porno_non_prostitusi
sebel saja koordinasi sama orang yang memberi keterangan rancu giliran difollow up menyangkal dengan bilang lah gue tidak bilang begitu itu adalah penalaran kamu aja ngentot,percakapan_porno
walah ngentot kamu yang memanggil gue kak tadi anjing,percakapan_porno
abg pamer tetek abgngentot abgsange abgmesum abgtoge tetekgede tetekmantap tetekkecil bokep bispak bisyar bokepsma bokepsmp bispakbekasi bisyarmalang <links>,penyebar_konten_porno
pantas saja kamu teriak sana sini bilang orang homo ini itu asal menyebut cewek open bo lonte taunya lu bagian dari ini berguling guling di lantai sambil tertawa terbahak bahak berguling guling di lantai sambil tertawa terbahak bahak berguling guling di lantai sambil tertawa terbahak bahak berguling guling di lantai sambil tertawa terbahak bahak,percakapan_porno
gue kira itu lonte kayak banci begitu loh nah kebetulan guru gue itu badannya kayak cowo rambutnya juga pendek gitu,percakapan_porno
yagimana eue aja gapernaa gimana punya bayi sih cangkok sperma apa y,percakapan_porno
aku balas pantunnya mak dua tiga tutup botol bacot kamu kontol,percakapan_porno
rasanya ingin gue komen saja wkwkwk dasar banci,non_porno_non_prostitusi
akun gembokan berdua reply replyan di thread orang apa sih ngewe itu kan jawaban yang lo mau,percakapan_porno
makasih buat semua ny untuk malam ini yang sudah bo sekarang off dulu ya kak n besok siang open lagi kok info rr by dm bojogja availjogja openbonodpjogja openbojogja angeljogja wpjogja bisyarjogja bispakjogja realangeljogja <links>,penjaja_seks
yang merasa bawaannya porna porno sempit nalare jangan follow ya sange itu normal guoblokkk jangan khilafuckminggato ba,percakapan_porno
gw pernah waktu jalan berdua sama kakak cewek gw kita gandengan tiba2 ada anak nakal begitu dah dia lewat diantara gandengan kita dengan tangan nya nangkup di dada pas sampai di blakang dia tepok bokong alhasil gue kejar tarik kaosnya pas ketangkep tidak ada ampun gue tabok habis habis an marah marah,non_porno_non_prostitusi
yatuhannnnn maapkan teman teman ku yang pikirannya ngewe terus sedih atau cemberut,percakapan_porno
itu titit kamu belum dikocok,percakapan_porno
pecun dang,percakapan_porno
wp boleh saran wattpad yang genre dewasa bukan ya tapi sedih banget gituu kayak masalah keluarga dan sejenisnya aku lagi ingin menangis tapi mau lewat cerita wattpad titipan,non_porno_non_prostitusi
iya begitu ajg gue lonte kamu apan biang lonte,percakapan_porno
lol maksud kamu doski memang setuju hal hal yang nyudutin lgbt awkowkwoko,non_porno_non_prostitusi
terima kasih sekali lagi kau gila udah benar bgt selebihnya nya tinggal diri sendiri doang jangan mentang sudah ada teman beneran tapi malah kamu gunakan buat kepentingan diri sendiri kontol <links>,percakapan_porno
rekrut anak di bawah umur untuk dijadikan psk 3 pelaku mucikari dibekuk polisi pikiran rakyat <links> june 28 2020 at 10 01am,non_porno_non_prostitusi
lu pd ga jelas ngentod,percakapan_porno
emng kamu lesbi,percakapan_porno
jangan bokep terus ketololanlu sudah sampai tulang2,percakapan_porno
jawab saja iya gue lonte bangsawan tidak kayak kamu lonte rendahan bisanya lewat sc doang melambaikan tangan,percakapan_porno
dlu sebelum ditembok sepanjang jalan bonoloyo pada takut dan menyuruh buat ditembok sekarang sudah ditembok dan jalan ditengah kuburan mau dibuatin jalan raya manusia² kontol kamu semua,percakapan_porno
coba dong meminta penelitian ilmiah kalau lgbt itu penyakit ada kriteria banyak lah mbak buat suatu hal jadi sebuah penyakit <links>,non_porno_non_prostitusi
kalo gue punya skill skill gue di bayar gua punya duit awas saja kamu kntl,percakapan_porno
kalo kamu cowok gw mau bilang kalo pikir pakai otak jangan pakai kontol,percakapan_porno
saha ni anjg crita ga lu kalo ga cerita gua gantung di pohon toge,non_porno_non_prostitusi
anak babi kamu ci anjing gue tidak mengerti ya kamu kenapa kayak gini siap tidak siap kamu tr lagi kerja lagi dan kuliah lagi pasti interaksi orang banyak gue benci cia yang ini babi tau tidak lu serahlah ci kalau ada apa apa cerita ya wajah bosan wajah tidak senang dorong dia keluar pager tutup pager bhay kontol,percakapan_porno
fix turun beruk kamu bang titit dipegangin mulu jangan,percakapan_porno
ya allah gue ngakak ampe pankreas gue begetar kasian bngt nete jadi nyamuk ngakakkkkkkk,non_porno_non_prostitusi
he itu foto titit kamu hapus dulu di likes lu,percakapan_porno
udah avail bo dan vcs say tanda cium include exclude yuk yang mau isi slot panggilan masuk atau telepon masuk info wa 087794717495 availjaksel availbooking op,penjaja_seks
dikira eue,percakapan_porno
lah iya makanya gue tag kamu kan kamu suka ikut pesta gay,percakapan_porno
buat kakak tingkat yang bertanya kita jawab tetapi diread pun saja kgk kita berantem saja ngentot macam dewa kamu anjing,percakapan_porno
dasar perek murahan,percakapan_porno
laaaaah ngentot kamu bangsat main tidak becus kamu anjing emosigua,percakapan_porno
keseringan baca cerita sex dia itu,percakapan_porno
<links> ah video porno memang merusak otak ku,non_porno_non_prostitusi
bole asal jangan dibawa,non_porno_non_prostitusi
sange wajah meneteskan air liur backup part27 link full <links> kami menyarankan kalian untuk mendownload deng,penyebar_konten_porno
anjir mukanya sange,percakapan_porno
terus kamu apa menyempatkan waktu buat komen bencong wajah menangis keras atau menangis tersedu sedu wajah menangis keras atau menangis tersedu sedu wajah menangis keras atau menangis tersedu sedu wajah menangis keras atau menangis tersedu sedu wajah menangis keras atau menangis tersedu sedu,percakapan_porno
ribet banget kontol kontol bermasalah juga gak lutfi sepertinya otak kamu yang bermasalah deh sekalian saja hapus kata anjing biar anjing nya di ganti nama lutfiagizal ribet banget hidup kamu pindah ke planet lain gih tidak usah di bumi bikin warganet komatkamit <links>,percakapan_porno
wkwkkwk coba jadi teman tongkrongan gue lu gue encengin terus kamu 7 hari 7 malem sampai tobat ngentot <links>,percakapan_porno
ngentot a wkwk,percakapan_porno
pengen ngewe,percakapan_porno
open bo dan vcs dewa asmara palembang chat wa lia atau bisa dm lia wa 085266742967 availvcs palembangnakal bopalembang pasutri3some bisyarpalembang bispakpalembang realvcs realangel cewekbookingan cewekpanggilan ceweknakal cewekbo realvcs birahi bopalembang codpalembang <links>,penjaja_seks
iya banyak yang cari perhatian post foto selfie atau malah ada yang post video porno yang kasihan adminnya wkwkw,percakapan_porno
punya tetangga sudah perawan tua lesbi nyinyir resek lagi,percakapan_porno
bole saja tapi harus ada solusinya kayak eh kamu gendutan sekarang sini gue bantu diet eh kamu jerawatan sini gue ada solusinya gue bantu eh kamu miskin sini gue bantu kasih modal usah ini bagus bukan nyocot tok kayak anjing pukimak lonte anjing celeng tapi tidak ono solusi ini,percakapan_porno
lu benci ketika semua cewek tomboy digenerallisirkan sebagai seorang lesbi tapi kamu melakukan hal yang sama ketika mandang orang lain another clown bruh,percakapan_porno
udah lama tidak ngewe jadi kaku banget anjir,percakapan_porno
enak kayaknya kalau jilati lubang pantat duluan,percakapan_porno
nonton video bokep jepang terbaru 49 hnd 326 situs unduh menonton film bokep indonesia jepang japan terbaru dan terbaik di indonesia download video jav online hanya disini <links>,penyebar_konten_porno
yaelah kalau tujuan kamu ngewe tidak usah cari pacar,percakapan_porno
elidah menjulur keluar nakal ceria atau mengejek dengan mata tertutupo mataram real angel avail ledis boking info langsung dm wa wajib isi keep slot bo nya wajib dapat free 30 menit say avail pagi ini sayang,penjaja_seks
misi orang smart coba jelaskan ke gue tanpa konteksnya itu dimana dari situ kamu bisa baca kan kalau lgbt gaakan pernah bisa diterima di zaman manapun dan persetan lah pendapat kamu tentang orng2 muslim coba seengganya sebuttin dong agama apa yang menghalalkan lgbt,non_porno_non_prostitusi
lah anjr kamu ngewe dulu,percakapan_porno
anjing memang tidak tahu diri ko dasar lonte murahan kok lebih jahat dari pelakor udah bersuami masih juga kok godain laki temenku dibayar berapa kok anjing,percakapan_porno
dulu waktu kerja di jakarta ada cowok beli celana pas dia coba dia meminta di bukain label nya di depan dekat sama kemaluan gue ragu temannya paham terus dia bilang tenang saja dia gay ya meskipun kamu gay gue kan tetap cwek mana bisa menyentuh orang sembarangan,percakapan_porno
dari awal tidak mau gubris tetapi lewat mulu om mas bang hahah ketikan kamu bagus bgt ketikan simpel kamu yang kurang jelas tetapi maksudnya nancep itu tau dampak nya ga kepada seorang anak seperti kak shalja pikirin ya mas om bang bencong kalau mau ngetik yuk bijak dalam bersosial media,non_porno_non_prostitusi
bencong ba kamu ko,percakapan_porno
abis itu 56 orang jongkok difoto foto disebar di media sosial rundown disebar di media sosial semua pakai labelling,non_porno_non_prostitusi
mo nanya di begitu laku jadi lonte bang badannya kayak begitu wajah menangis keras atau menangis tersedu sedu berdoa atau dua telapak tangan menempel monmaap kalau gue kasar astaga wajah menangis keras atau menangis tersedu sedu berdoa atau dua telapak tangan menempel,percakapan_porno
maksud anda jembut,percakapan_porno
cebong bokep,percakapan_porno
idih kontol kamu ke geer an cewek ingin jadi cantik bukan karena cowo,percakapan_porno
untuk para lgbt khususnya yang bergender laki2 diharapkan untuk menonton video musik nya bapak jennie momo twice irene redvelvet kalau perlu hwasa mamamoo dijamin kepincut soalnya mereka cantik bingits pokoknya bikin kamu jatuh cinta gue yakin,percakapan_porno
farida avail malang jawa timur yuk merapat aku tunggu ya dm ny pengen sensasi sex berbeda bgitu indahnya hari ini andai kamu ada pingin availmalang openbomalang bisyarmalang kimcilmalang expolmalang bispakmalang availmalang <links>,penjaja_seks
maho kamu ngntod <links>,percakapan_porno
sedar tak sedar cerita kanak kanak lagi banyak ajar moral dari cerita orang dewasa,non_porno_non_prostitusi
gini ya lgbt hewan saja tau mana betina mana jantan dan mereka tidak akan melawan hukum alam lah lu manusia tetapi kok lebih binatang dari binatang wkwkwkwk,non_porno_non_prostitusi
giliran diperkosa kamu meminta keadilan kntl ah <links>,percakapan_porno
betak korek mlu lu anjiing ngentot,percakapan_porno
dapatkan bonus cashback 0 5 setiap hari senin di sahabatdomino agen domino99 online terbesar di indonesia yuk daftarkan dirimu di slotdomino sekarang juga livechat slotdomino com w a 6285974599065 pin bb 2be2dd7e pin bb dbfddefe <links>,non_porno_non_prostitusi
open bo vcs ready jogja wajib ikut rules saya ya sayang no php no bacot availjogja availvcsready availbojogja wanitasa,penjaja_seks
open bo bibir atau mulut dan vcs tetesan keringat ready tangerang dan sekitarnya sex yuk dekorasi hati info dm panggilan masuk atau telepon masuk avail4booking openbooking availbotangerang openbotangerang bisyartangeran bispaktangerang cewekbo cewekpanggilan availserpong sange aaaaaaaaaah recomended4bo realbo bo <links>,penjaja_seks
mau menangis wajah menangis keras atau menangis tersedu sedu aku kan lagi bikin cerita wp kan diajak berbicara kamu masuk sekolah langsung kelas 3 ya aku kan lagi fokus banget jadi iya iya doang terus pas selesai mengetik baru sadar aku sudah kelas 3 kehidupan sma tinggal 8 bulan setelah itu aku harus jadi orang dewasa wajah menangis keras atau menangis tersedu sedu wajah menangis keras atau menangis tersedu sedu wajah menangis keras atau menangis tersedu sedu,non_porno_non_prostitusi
muke kamu kayak kontol,percakapan_porno
mengancam gue dong haha gue cewek lo apa goblok trus lo apa germo lebih parah lo mucikari tolol,percakapan_porno
kamu kelihatan lesbi deh disitu wajah memelas wajah dengan mata berbentuk bintang,percakapan_porno
sok suci kamu kelakuan kayak bencong beraninya sama perempuan kamu du giliran lawan luhut saja kamu menangis menangis merasa di menzalimi hilih,percakapan_porno
gua adalah kalau dicueki gue langsung berbicara lu lagi sama jablay ya,percakapan_porno
itu nama titit lo,percakapan_porno
wkwkw apa sih tidak jelas kntl sampai yt mengetren isinya lo lesti dinda dan sejajarnya ujung ujungnya cerai kayak kurang kerjaan banget hidup lo <links>,percakapan_porno
ih masa kambing nete sapi,non_porno_non_prostitusi
ih apa sih itu mah memang kamu saja malas ngajarin anak umur sebegitu harus pelan pelan ngajarinnya ya tidak bisa langsung mengerti namanya juga anak kecil makanya kalau mau ngewe tetapi malas besarkan anak pak kondom,percakapan_porno
kl nonton alur cerita nya cinta cintaan ahjussi atau tidak orang dewasa begitu berasa kayak wow banget karena suka pemikirannya yang lebih mature begitu tetapi ya ttpp saja umur tidak menentukan orang sudah dewasa apa belum bru but i luv,non_porno_non_prostitusi
muka kamu kayak kontol bang asli dah,percakapan_porno
gimana gue tidak takut buat memberi harga buat commision gue kalau banyak orang yang gampang banget berbicara gambar kamu jelek mending gue commision orang yang tracing art terus gambarnya bagus iya kontol,percakapan_porno
titit lo aja yang kecil mas begitukan kalo dia kesal dan sakit hati balikin lah dia saja sudah bikin sakit hati perawan perawan tai anjing apa menyakiti banget heran berasa paling suci apa itu titit mau rapat suruh ngewe sama pantat ayam,percakapan_porno
he ngentot lu jangan memalukan fandom kamu deh malu gue satu fandom sama orang macam begini uruskan saja idol masing masing tolol,percakapan_porno
gas terus aj biar disangka lonte senior wajah tersenyum lebar bermata hati wajah tersenyum lebar bermata hati wajah tersenyum lebar bermata hati cat kuku berkulit putih seperti ras kaukasian babik yang isi secreto kau,percakapan_porno
waduh pdhal dia baru pindah tugas dari pontianak sini sering lihat di kodam hehehe kecil ya sok jual mahal dia padahal maho hahaha,percakapan_porno
jembut lo saja bakar biar bau khasnya keluar,percakapan_porno
yudah dong suka gue juga mau kelakuan kya lonte ke mau apa ke urusan sama kamu bego,percakapan_porno
sebelum duo serigala nama awalnya duo toge,percakapan_porno
tiada satupun dari rilis press panjang ini yang mention tentang berkerumun dan covid heheheu kontol kamu <links>,percakapan_porno
lah bagus sih emak nya tidak judgemental dan kolot soal seks tapi ya tidak semua teman cowok ngewe kamu juga sih wajah menangis keras atau menangis tersedu sedu,percakapan_porno
iya burikkkk sakusa s gay dah ada pawangnya kamu jangan membadutkan diri macam dirikuuu wajah menangis keras atau menangis tersedu sedu wajah menangis keras atau menangis tersedu sedu wajah menangis keras atau menangis tersedu sedu wajah menangis keras atau menangis tersedu sedu wajah badut <links>,percakapan_porno
mulut sama jari kamu pada dijaga kenapa sih gw jalan keluar main sama teman cowok bukan berarti teman teman cowok gue itu homo bisex semua mikir itu pakai otak jan pakai kontol risih tau ga mending2 kamu bertanya saja itu siapa jangan asal menembak wah cie gay homo gebetan pacar tai lah,percakapan_porno
ikat jembut,percakapan_porno
pacarin nyokapnya lah anjay wajah gembira berurai air mata kamu gay ya wkwkwkk,percakapan_porno
mantap memek tembem,percakapan_porno
lo ngentot dan goblok baru valid no debat jempol ke atas <links>,percakapan_porno
risaunya sekarang nih ada pengasuh lesbi pula tanpa ekspresi,percakapan_porno
mahasiswi doggy di depan laptop mahasiswingentot doggy bokep bokepindo bokepjepang bokepsma bokepsmp bispakjogja bispak bispaksolo bispakmalang bispaksemarang bisyar <links>,penyebar_konten_porno
bokep smk yapmi makassar bokepindo bokep bokepjepang bokepsmp bokepsma bispak bisyar bispakjogja bispakbandung bispakjakarta bispaksolo bisyarjogja bisyarjakarta <links>,penyebar_konten_porno
sa saja lo titit cicak,percakapan_porno
gue mau tanya sih kamu expect apa kalopun dia tidak tg kamu mau dia pap kontol nya sama lo doyan kamu pap2 an,percakapan_porno
sana mengadu ke pasanan gay kamu deon,percakapan_porno
yg kesepian nih testimoni nya khusus cewek privasi aman bokepsma ceweabg sangean pejuhin kontolin vcs vcscolmek colikontol jandamuda jandakesepian perek openbojakarta openbodepok openbomalang gadisnakal <links>,penjaja_seks
kembaran kamu kntl,percakapan_porno
video bokep terbaru dan terhot di sini <links> bokep videobokep vcsbugil malamjumat bacotsantuy,penyebar_konten_porno
terlepas kamu gay lesbi atau hetero kalau kamu suka jajan sembarangan tingkat risikonya tinggi bray jadi main aman aja,percakapan_porno
bikin gay church yuk kamu head pastor deh belum ada kayaknya,percakapan_porno
lha kalau cowok baca wah gay lu,percakapan_porno
banyak juga yang mengajak ngewe,percakapan_porno
titit kamu ada berapa kondom banyak amat,percakapan_porno
siapa bilang ngewe anjing dasar negative thinking kan mau bantu tante jeni bikin garlic cream cheese bread,percakapan_porno
anak haram kamu keturunan lonte murahan kafir laknat,percakapan_porno
hanya melayani open vcs real pisang no bo no hoax no bacot huruf x tanda silang menandakan pembatalan atau larangan atau penolakan atau kesalahan w a 0852 6697 6247 vcs vcsbugil vcscroot vcscolmek vcs,penjaja_seks
cape banget gue lihat sjw feminist lama lama wajah senang atau tersenyum apa sih mb dia melakukan nya suka rela jembut lah kamu pada sjw wajah senang atau tersenyum,percakapan_porno
avail pagi ini say jantung atau hati open bo plus open pijat dan exclude garut cipanas bingkai film bingkai film yang mau isi slotnya bisa dm 0838 6698 8824 vcsgarut bisyargarut bisyargarut openbogarut openbogarut bogarut availgarut availbogarut vcsyuk availgarut cipanasgarut <links> <links>,penjaja_seks
owwwwh bokong supirnya besar ya rekan makanya sampai duduk di besi baru tau aku hahahahah,percakapan_porno
pengen nete tidak di bolehin katanya ini jalanan orang,percakapan_porno
jadi jamil adalah jablay militer berguling guling di lantai sambil tertawa terbahak bahak <links>,percakapan_porno
video bokep indo bokepindo sangeberat bokepviral bokepindonesia bokeplokal bokepjilbab bokep2020 bokepjapanese bokeppelajar bokephot bokephdfull bokeponline bokepindoviral bokepindonesian vcsyuk vcsreall vcsberbayar <links>,penyebar_konten_porno
bokep lewat tengah hari jari tengah berkulit putih kuning langsat jari tengah berkulit putih kuning langsat jari tengah berkulit putih kuning langsat jari tengah berkulit putih kuning langsat jari tengah berkulit putih kuning langsat,percakapan_porno
paku penanda atau pushpin avail bo vcs kota sukabumi di bawah 18 tahun dilarang open hari ini beb no ribet minat dm wa menunjuk ke kanan include room menunjuk ke kanan wajib dp panggilan masuk atau telepon masuk 083180904810 openbosukabu,penjaja_seks
benci banget orang bertengkar di tempat begini kayak lo ganggu orang banget ngentot berantem ya mending di rumah jangan di hotel begini ganggu orang lain perkara kamu bayar ya semua orang juga bayar jangan meninggikan ego diri sendiri,percakapan_porno
ups sudah 2 x ngentot tetapi kontol aku ini kakak masih ngaceng lagi y,percakapan_porno
yo yo ini kontol tertawa senyum lebar,percakapan_porno
emak kamu saja sini gue pakai ngentot,percakapan_porno
ga cape kamu sakit lgbt,percakapan_porno
unfollow akun akun bokep gak gunaaaaa,non_porno_non_prostitusi
minta ganti rugi saja ke psk depok yang nulari covid19 dari selingkuhan jepangnya yang mati di malaysia bukan cuma bisa ketawa tapi diksh menkes pialadanpiagam penghargaan gambar serah terima piagam <links>,percakapan_porno
avail vcs nya sayang info rr dm panah kanan amplop dengan panah say tersipu atau tersenyum dengan mata bahagia ready vcs real no tipu tipu trusted minat dm orang wa 082179455719 panggilan masuk atau telepon masuk ya sayang vcsbug,penjaja_seks
hejehwhaheh pantat ade gue biduan gara gara makan telor mulu wajah menangis keras atau menangis tersedu sedu wajah menangis keras atau menangis tersedu sedu wajah menangis keras atau menangis tersedu sedu wajah menangis keras atau menangis tersedu sedu,non_porno_non_prostitusi
malam sayang avail video call sex dan bo no basa basi info by wa 085271571147 <links>,penjaja_seks
kalau disebutkan nama calon presidennya itu kampanye curi start justru tagar tandinganmu melanggar hukum deklarasi berkumpulnya massa sah dilakukan dan dilindungi undang2 baca pasal 28 cebi cebong biadab cepekceng cebong pekok ngaceng dan ceker cebong kere tidak bakal pagam,percakapan_porno
gue ada yang tidak blur direct message gue gay,percakapan_porno
repot kamu ngentot <links>,percakapan_porno
emang banci loe,percakapan_porno
kenapa ngaceng sih kok kamu sagapung,percakapan_porno
weh kontol seming tetapi aku menitip deh,percakapan_porno
jojo buka baju rahim cewek anget buka celana hamil online telanjang bulet memek meledak,percakapan_porno
olpendapat orang beda beda yaelah mak kamu gue ejek lonte jangan kesal iya pendapat orang beda bedaa mulut gue memang begini karena setiap orang berbeda2,percakapan_porno
ternyata rumah kamu gede juga ya tad kirain kamu tinggal di perum subsidi yang ukurannya kalau ngewe di kamar utama kedengaran ke kamar kedua,percakapan_porno
video nya embk cantik bagi donh,percakapan_porno
menonton bokep auto ingin jadi maria ozawa y,percakapan_porno
escort orang mati saja kamu sampai bikin gue nabrak kontol,percakapan_porno
waw keren hehehehe gapapa anjing lucu kok tidak kayak kamu mirip kontol wajah senang atau tersenyum <links>,percakapan_porno
ribet kamu ngentot,percakapan_porno
tegang troos sampai muncrat,percakapan_porno
prejudice mulu kamu ngentot,percakapan_porno
bacot tai kamu kira istrinya tidak tertekan homo tolol tidak ada pembelaan dan pewajaran buat lgbt yang jelas jelas salah,percakapan_porno
aku avail yah menyentuh hati atau memberikan ciuman hati rr dm wa ya amplop dengan panah <links> availbobandung bobandung bisyarbandung openbobandung openbobdg availbdg recomended4bo recomendedbo trustedangel trustedbooking realangels realaccount realava angelbandung bandungbasah cewekbo <links>,penjaja_seks
udh di room nih sayang include exclude isi slot dm surat cinta surat cinta bandung bobandung cewekpanggilan bispak bisyar <links>,penjaja_seks
silahkan diedit tapi bukan menyebarkan urusan pribadi yang tidak ada hubungannya dengan debat kalian itu kelakuan banci bung atau mba saya juga bingung,non_porno_non_prostitusi
wuakaka membicarakan love kamu kalau ngewe doang giliran berantem dan tidak ngewe saja gapernah memang dasarnya cintanya kalau butuh ngewe doang sih lo anjer <links>,percakapan_porno
maaf mau bertanya serius kalau lgbt begitu dan menikah dengan lawan jenis pas having s3x begitu dia bisa orgasme ngaceng tidak ya bingung asli,percakapan_porno
takis nih yang mau video call sex atau bo sama <links>,penjaja_seks
gw butuh pacar rasa teman curhat teman ngentod teman mabar teman jalan teman nobar teman nakal brg biar tidak monoton gt gw tidak suka kalau pacaran terlalu romance ada drama jadi tidak ada istilahnya habis putus jadi musuh kek drama queen banget anjir kalau kayak gini,percakapan_porno
lu tau dari mana kalau yang mereka charain straight bi lesbi gay,percakapan_porno
aaaa ganteng banget sih km mukanya unyu banget kayak anak kecil gemeshh ihh itu kan katakata yang kamu mau kontol ganteng kali lu,percakapan_porno
pahlawan kontol lah itu wkwkwkwkwk,percakapan_porno
bagi para sahabat yang mau bergabung dalam promote grup alpha silakan follow akun akun di bawah ini ya dijamin folbek 100 kec,non_porno_non_prostitusi
avail buat hari ini slot nyaa tetesan keringat rr via dm hotel cinta include hotel cinta hotel cinta exclude hotel cinta bobogor bogor openbobogor bookingbogor openbookingbogor bispakbogor bisyarbogor memekbecek memekbasah availbobogor availbogor malamjumat vcstrusted <links>,penjaja_seks
wkwkwkwk kamu gaya apa sih jax wajah menangis keras atau menangis tersedu sedu wajah menangis keras atau menangis tersedu sedu wajah menangis keras atau menangis tersedu sedu punya gue kalau senyum jadi kayak bencong begitu kesal gua,percakapan_porno
kalau yang normal tapi sex bebas maksiat sewa pecun tiap malam itu wajar gitu gabikin banyak bencana tolol mau sok suci tapi tolol gue tidak bela yang homo tapi pernyataan kamu tolol,percakapan_porno
open vcs ya berbyar tarif 200k dolar 1jam 150k dolar 30 mnit 100k dolar 15mnit wa 083136337843 idline ayucamsex buruan cht promoni vcscolmek vcsbugill vcscroot vcsyuk vcs availbandung availjaksel availvcs availjakarta memekmulus memekperawan vcsreal bokep vcscolmek bugil <links>,penjaja_seks
bosen ke gue kamu kampang,non_porno_non_prostitusi
so tau kamu anjirrr gw tidak binal kok kalau di rl gw binal kalau dinakalin lebih dahulu dan kebetulan gue suka orangnya jg gw juga punya kriteria kali tidak sebinal lonte di sarkem wajah netral wajah netral wajah netral <links>,percakapan_porno
ya betul ewe,percakapan_porno
ngeliat ayah balik ke rumah lagi itu lebih menyakiti anjir daripada pas dia direbut perek,percakapan_porno
memek sudah basah nih mas mengedipkan mata,percakapan_porno
stfu and mind kamu own business religious boomers lgbt isn t a topic that kamu guys boomers can talk bout it tolong respect them mereka juga tidak mau diri mereka menjadi lgbt seenggaknya kalau kamu tidak suka tidak usah koar koar sambil bawa agama kita juga tau itu salah lmfao,non_porno_non_prostitusi
lah kamu anak partai komunis indonesia mamak kamu lonte gerwani,percakapan_porno
spilllll ngewe nyaaa,percakapan_porno
muka kamu bermasalah kayak kontol <links>,percakapan_porno
dasar sjw twitter weak mentality body kamu urusan kamu gue hanya beropini wajah kucing marah wajah kucing marah wajah kucing marah ketek kamu jelek pantat kamu korengan jembut kamu ketebelan mulut kamu bau nasi padang how’s my impersonation of kamu <links>,percakapan_porno
mending kalian buat program bagaimana anak anak bangsa tidak terjebak sex bebas lgbt komunisme syiah liberal geng2an atau meningkatkan iman dan takwa adab akhlak bukannya setiap pernyataan kamu malah menyerang islam melulu kalian itu bukan kementerian anti agama islam lah,non_porno_non_prostitusi
lesbi banget tapi yuk,percakapan_porno
gini nih kamu menemui orang cuma buat ngentot gblk banget coba deh kalau tujuan kamu itu menemui dia sebagai bentuk kamu menghargai ajakan dia lo tidak harus memikirkan fisik dia kayak gimana kntl,percakapan_porno
tp kan tidak semua laki laki suka pamer penis mas wajah memelas wajar diamuk,percakapan_porno
gausah sok membicarakan dosa kita beda sama gua kalau kamu masih dukung lgbt jauh jauh anjing,non_porno_non_prostitusi
oi keh raha hai kashif bhai apa itu apne admi hai kitne kamu gay chup rehne ke,non_porno_non_prostitusi
anying emosi banget gue sama yang salty sebagai orang yang hobi masak dan suka ngebekelin pacar saudara temen thread itu jauh lebih berguna dibanding thread spall spill ngewe ngewe ai uwu gue kalau jadi mbak bekal suami sakit hati banget bagikan kebaikan malah disalty in,non_porno_non_prostitusi
lucu nih kalau cowoknya buat video juga pacaran sama cewek matre check dapet alis kayak ani ani kampung dapet jembut warna emas <links>,percakapan_porno
kalo mau memaki orang ejek lah langsung eh kamu kok kayak lonte sih tapi ingat lah iya penampilan orang kayak lonte belum tentu dia ngelonte kamu jangan merasa paling suci di hadapan tuhan,percakapan_porno
dasar pendek astu gay,percakapan_porno
orang2 pada benci maki lgbt saat kita tidak ganggu kehidupan sehari hari kamu pada tapi kamu pada merugikan kita make it make sense now,non_porno_non_prostitusi
kalau ditanya kamu bakal balik str8 lagi gak ya enggaklah mana bisa sexuality diubah semudah itu jingan ak itu lesbi bukan bisexual ataupun pansex jadi istighfar km,percakapan_porno
asyik pantat k ngedisko,percakapan_porno
biasanya kalau orang koar² surat pemberitahuan tahunan itu malah banci kaleng cuma sekadar nakut²in kalo nyali benaran langsung eksekusi enggak usah pamer apalagi di medsos lagian tega banget ini kasih info surat pemberitahuan tahunan ini kalo tahu bisa di cari nih krn habis bacok org,percakapan_porno
loh pengetahuan lu bisa di jadikan investasi cuk coba kamu jadi mucikari insyaallah kayak kamu cepat cuk tanpa pesugihan,percakapan_porno
tidak lesbi syg,percakapan_porno
masih tidak paham sama lgbt warrior kalian mengerti enggak sih bahayanya apa perbuatannya bisa merugikan banyak orang bikin penyakit susah sih dibilangi pft kalau sudah aids makan itu human rights dasar batu,non_porno_non_prostitusi
sampe ngomg pun suka nya muncrat muncrat,non_porno_non_prostitusi
jembat jembut mulu hidup kamu dre,percakapan_porno
bangga kamu lonte,percakapan_porno
siram saja sama air keras itu bencong kaleng sampai buta dan hancur wajah nya paling setahun di tuntut nya tp sedikitnya indonesia aman tidak ada rongsokan ky dia,percakapan_porno
kelar fren ngentot tai babi anjing kontol memek labia klitoris pantat lobang aytssywhsyhsisisisisisisjsksusgwysyusys babi tidak ada harapan kamu smua,percakapan_porno
terserah agama kamu mau bilang haram apa gimana bodoamat ya nyet yang kita pedulikan adalah kemanusiaan dan rasa empati dan simpati kita terhadap lgbtq banyak di luar sana seorang gay atau lesbian yang di bully habis habisan cuma karena dia beda lgbt,non_porno_non_prostitusi
polusi visual feeds lu kontol,percakapan_porno
lo yang bacot kntl beraninya sc sana lo,percakapan_porno
di wa tadi jembut sama kontol tidak sengaja kefoto sebagian jadi dihapus wkwkwkkwkw,percakapan_porno
sange mulu bangsat babi wajah lega wajah lega memek sama otak tujuan nya sama trus kalau tidak ngewe ya colmek wajah berusaha keras atau ekspresi tidak nyaman wajah berusaha keras atau ekspresi tidak nyaman,percakapan_porno
satu satu nya tools yang bisa kamu pakai buat counter lgbt cuma pakai dalil agama yg lain lemah dan tertolak,non_porno_non_prostitusi
pagi sayang avail vcs berbayar khusus hari ini promo 100k 1jam info tarif chat by wa 0895393050802 <links>,penjaja_seks
caranya kamu cepatan lulus dan dapat kerja goblok bukan malah curhat di alterbase kontol,percakapan_porno
ada biji di balik bokong semok <links>,penyebar_konten_porno
kek cerita sex bjir,percakapan_porno
nama sangar zulfikar kelakuan bencong,percakapan_porno
gue bikin fake acc ya karena gue mau lindungi privasi gue karena gue saja tidak mau privasi gue terpublish ya gue tidak mungkin menyebarkan privasi atau biodata kamu even kamu pacar gue ya gue tidak berhak saling jaga privasi lah di dunia gelap ini savegay lgbt lgbtq gayindonesia gayjakarta,non_porno_non_prostitusi
good pagi sayang ku semuah menyentuh hati atau memberikan ciuman hati crooottt bareng ayo avail video call sex nya,penjaja_seks
ini agak konyol yach aku seorang hypersex suka ngaceng kalau lihat cewek ibu2 emak2 yang pakai leging ketat jalan jalan ditmpat umum leging ketat celana tidur tembus pandang dan yang mantp lagi leging ketat atas jilbobs wkk wkk wkkk tpi biar begini aku tidak pernh sampai mengganggu,percakapan_porno
kamu kalau mabuk tidak usah ngetwt deh wkwk berbicara apasih gue tidak dukung lgbt dari awal gue cuma bertanya lah jurnal studi nya apa ini penyakit kata siapa ingin tau gue ingin cari ilmunya kayak mana lgbt itu penyakit lah malah didoain yang jelek jelek kamu mau jawaban ape gue dukung saja engga,non_porno_non_prostitusi
karena tangi turu mesti ngaceng,percakapan_porno
persetan yang komen ke arah pro lgbt otak kamu pada dimana cok,non_porno_non_prostitusi
mantap banget ini bagi tembem memek y,percakapan_porno
menurut gue sih open minded bukan berarti segalanya kamu caplok kontra juga boleh asal kamu tidak ngegas saja kontranya masih santai diajak diskusi misalnya kamu tidak setuju lgbt ya kamu boleh saja tidak setuju tapi jangan kamu hina kamu bully atau kamu gebukin itusih memang bar bar aja,percakapan_porno
nanti kamu makin terpesona kalau gue pap kontol,percakapan_porno
ayo rama lihat titit kamu wkwkw,percakapan_porno
gue gapeduli ya anjing mau kamu gay apa kg tetapi sekarang lagi corona tloll,percakapan_porno
enaknya punya pacar kayak gini bisa nete sepuasnya,percakapan_porno
apan sih kamu kntl,percakapan_porno
ayam kampus 2rrr glestivalday1 <links>,penyebar_konten_porno
toxic ngapain betah sih dikatain lonte lagi anjing kesal banget gue bacanya aku jadi kamu sudah aku ejek balik mau diejek cewek tidak tau diri kayak diejek gila kayak tidak peduli oranh kayak begitu tidak berhak memaki aku kamu pikir ayah gue gedekan gue buat diginiin ga lupikir nyokap,percakapan_porno
open video call sex bayar minat wa 082157017168 no ribet no basa basi vcs <links>,penjaja_seks
video full cerita dewasa bergambar klik <links> jangan lupa retweet ya <links>,penyebar_konten_porno
ass jembut caper,percakapan_porno
atu lagi juga nih boti tolol mencari panggung di akun gue jangan tengal kamu ngentot,percakapan_porno
berasa ingin gue balas coba siniin foto kontol kamu full body pakai muka kamu ya gue juga ingin lihat seberapa bagus kontol kamu bisa body shaming in gw air mata bahagia,percakapan_porno
kenapa suka jablay sih wajah menangis keras atau menangis tersedu sedu,percakapan_porno
nah yang gue alami sekitar berapa hari lalu gue jalan kaki sore2 sama 1 teman cewek gue gue pakai celana jogger begitu yang tidak ketat kaos pun longgar menutupi setengah bokong gue teman gue pakai celana legging tapi kaosnya juga juga longgar dan menutupi setengah bahkan hampir ketutup,non_porno_non_prostitusi
w mau ngewe sama butir ya izin sama kamu sebagai kakak angkat dari smur timba,percakapan_porno
smp paling banter gue baca cerita sex anjir kagak berani beginian gila saja sih anak jaman sekarang,percakapan_porno
link > <links> kumpulan cerita seks cerita mesum cerita hot online bersambung dan one shot bokep ceritabokep ceritamesum ceritaseks ceritadewasa ceritadewasangentot <links>,penyebar_konten_porno
dilarangnya kata anjir berarti kita harus mengumpat dengan yang baik dan benar makanya sekarang biasakan mengumpat bilang anjing anjiank anjing ngentot sama kamu semua mikrofon naskah musik,percakapan_porno
kntl kamu semua,percakapan_porno
ya enak memek sih soal nya tembem lho,percakapan_porno
kan kamu tau sendiri kalau hype thailand pasti berurusan sama gay skakajajjkl,percakapan_porno
tingkat dosa itu ada besar kecilnya tau kan kesalahan dosa ada tingkatannya dan untuk perihal lgbt ini harusnya kamu sudah tau sendiri tingkatannya gimana,non_porno_non_prostitusi
goblok emak bapak kamu kalau ngentot ramai ramai bareng tetangga tetangga kamu palingan kamu depresi terus bunuh diri anjing,percakapan_porno
apasih ngentot bilang saja kamu dapat ampas goblok,percakapan_porno
kebanyakan ngehayal lu gara baca cds sepupu ngentot tantenya kali haha,percakapan_porno
kek bisa ngaceng saja sok mengomentari paha orang,percakapan_porno
gercep kamu ngentot,percakapan_porno
tanda nya aku kalau berbicara suka muncrat,non_porno_non_prostitusi
nga soal a aku sudah lama tidak eue termenung atau wajah merenung atau wajah menyesal termenung atau wajah merenung atau wajah menyesal termenung atau wajah merenung atau wajah menyesal termenung atau wajah merenung atau wajah menyesal patah hati,percakapan_porno
hadeh kampanye nikah yang kamu mengomongkan ini tidak masuk syarat nikah di indonesia which means mempromosikan tentang nikah muda di bawah 21tahun nikah kok cuma jadi alasan biar zina halal alias ngewe ramasok <links>,percakapan_porno
untung deh dia minta bubaran ngeri anjing kl ampe jd ke pelaminan bayangin lu bakal seumur idup sm org kek dia big no pake ngata2in anak lonte lagi ewh,percakapan_porno
gak sama sekali maaf nih ya teman kamu yang banci cowok kok hobinya nyinyir,percakapan_porno
da memang ngape sih kalau gue lonte urusan lu wajah badut <links>,percakapan_porno
ngentot tanggal 6 libur tidak kamu,percakapan_porno
lgbt kalau mau ngewe bool ada aturannya,percakapan_porno
bilang sama dia kontol pantek memek gw anak tukang bengkel mobil nder percayalah najis itu orang mending lo cari manusia bukan hewan biadab,percakapan_porno
atau kamu dijadikan boneka salju tetapi hidungnya pakai kontol lo,percakapan_porno
pengen cerita tapi teman rl gue molor semua kampang,non_porno_non_prostitusi
anj juga wkwk udah mengajak 3s tapi yang di cari yang mesti ngebills bilang saja kamu berdua mau ngewe dan sekalian dapat tempat gratis kan,percakapan_porno
open bo vcs yaa tetesan keringat untuk malam ini wajah tersenyum dengan tiga hati menyentuh hati atau memberikan ciuman hati udah include say hotel info dm langsung berdoa atau dua telapak tangan menempel berkulit putih kuning langsat berdoa atau dua telapak tangan menempel berkulit putih kuning langsat berdoa atau dua telapak tangan menempel berkulit putih kuning langsat availbanten bisyarbanten bispakbanten angelbanten readybanten bantenbisyar solo realangels openbobanten opensekarang vcs vcscrot mustdp wajibdp lendirnikmat tantesangek <links>,penjaja_seks
adik adik sebagai manusia yang sudah rasa hidup jahil ni saya menyarankan jangan cerita kita nih have sex dengan sih polan si,percakapan_porno
ngentot kamu fi <links>,percakapan_porno
sembut jembut lembut bingung <links>,percakapan_porno
loe gay gay saja sattt tapi jangan sampai kena hiv nyusahin dan istri itu yang paling utama jadi korban,percakapan_porno
gaya kamu mirip kadrun njing bedanya kamu penyuka lubang taik kontol kamu bau berak,percakapan_porno
ngewe mama lu jelas,percakapan_porno
kalo dekat boleh di ngewe gak,percakapan_porno
tante indonesia yang paling populer goyangin pelangganya bokep bokepindo bokepjepang bokepsma bokepjav bispak bisyar,percakapan_porno
muncrat semua jus gue gara gara lihat ini siyalan wajah menangis keras atau menangis tersedu sedu wajah menangis keras atau menangis tersedu sedu wajah menangis keras atau menangis tersedu sedu wajah menangis keras atau menangis tersedu sedu wajah menangis keras atau menangis tersedu sedu wajah menangis keras atau menangis tersedu sedu <links>,non_porno_non_prostitusi
kalo saudara gue astaghfirullah korea pop kan cowoknya kayak banci oke sip jempol ke atas,percakapan_porno
temen cowok gue yang sering memaki korea plastik dan lain lain kan nah gue tunjukan habis memb bts ke dia langsung sungkem dia terus gue ejek ‘nih dia kamu ejek banci tetapi lebih laris dari lu kamu apa cewe dekati saja tidak mau’ wajah menangis keras atau menangis tersedu sedu jempol ke atas berkulit putih seperti ras kaukasian,percakapan_porno
foto tahun 2015 akhirnya mengetren di twitter wkwk kontol kamu wajah gembira berurai air mata wajah gembira berurai air mata wajah gembira berurai air mata maapin ya <links>,percakapan_porno
kontol koo senang kontol dasar kontol,percakapan_porno
siapa tau kamu kepegang sung crot menangis atau videonya di ulang ulang,percakapan_porno
mau nete,percakapan_porno
open yang serius bo malam ini aja berdoa atau dua telapak tangan menempel availsolo bispaksolo angelsolo bisyarsolo bosolo wpsolo kimcilsolo readysolo realbosolo openbosolo bokingansolo solobisyar solobirahi includeroomsolo,penjaja_seks
lu masih punya titit ga,percakapan_porno
bisa2nya kencing di botol sebegitu banyak kenapa kg kamu tancepin titit kamu ke tanah,percakapan_porno
labih ke jembut daripada lembut iya tidak sih atau cuma otak gue doang <links>,percakapan_porno
lu lagi ngewe,percakapan_porno
kontol awkkwwkkk ayo hompipa ajak mutualan kamu itu yang kalah pindah agama qkwkwk,percakapan_porno
me nyuci beras paman kok kamu yang mencuci beras sih kek banci bangsat kamu kontol apa salahnya cowok mencuci beras jari tengah,percakapan_porno
yo mak keq geto sepengetahuanku nular mak maknya dulu jaman nabi luth kalo ketahuan lgbt hukumannya itu dibunuh sampai mati karna itu sudah hukum islam seperti itu hukum satu2mya itu mati,non_porno_non_prostitusi
demi allah gue tidak butuh cerita sih a ngentot sama sih x,percakapan_porno
ah basi kamu kontol,percakapan_porno
teruntuk kamu pada yang makai stiker beginian di instagram tapi masih memaki kor3a gay no komen deh wajah gembira <links>,non_porno_non_prostitusi
males sumpah lama lama main twitter base korea pop isinya memang najisin bts army semua ya tai sender cuma mengirim menfess bilang kalau bighit kasih gaji trainee nya dan bilang tidak salah sayang bighit reply nya langsung salty gila ya kamu semua ngentot,percakapan_porno
admin nya lenjeh banget wkwk laki tapi kayak banci pantes jadi akun lambenya e o dr dulu sudah gedek banget sama itu akun,percakapan_porno
lo gue sama sama badut lo dengan entengnya jadikan gue plampiasaan alias otak kamu memang di kontol apa bagaimana sih wkwk cape banget sumpah,percakapan_porno
kau habis ngewe kan by,percakapan_porno
open bo area bandung kota 300rb gaybatam gaybandung gaybandung gaylokal gbpromote <links>,penjaja_seks
doa kamu jelek banget kontol masa acc gue kayak obat tiga kali sehari,percakapan_porno
gua kira jaga diri biar tidak main sama yang lain kamu bisa tidak nakal malah tiba tiba ada nama pengguna lain di bio lo memang susah mencari rupiah rated yang otaknya tidak ngewe mulu kecewa <links>,percakapan_porno
orang tanam ubi tak perlu dibaja bacot kamu babi muka kamu kayak kontol begitu ribet ah berisik,percakapan_porno
open bo saja iya kan masih ada mmek,percakapan_porno
mending ngewe ya kak daripada cari perhatian berguling guling di lantai sambil tertawa terbahak bahak,percakapan_porno
ik jadi bbangdaengi itu artinya pantat wajah gembira berurai air mata wajah gembira berurai air mata wajah tersenyum lebar dan mata tertutup <links>,non_porno_non_prostitusi
jamil ternyata jablay militer wajah gembira berurai air mata,percakapan_porno
mereka yang lgbt kenapa kamu yang ribet anjinnccc kan mereka punya istri bla bla bla ya sudah nikahi saja sama kamu atau kasih uang belanja bantuin mereka bukannya adu bacot di media sosial tolol namanya masalah lbgt ga akan selesai kalau kamu nyandinginnya antara ham sama agama,percakapan_porno
tetiba kangen saja begitu ingin ke kampus beli risol mayo sama siomay goreng di tiga setengah makan mie ayam di belakang kampus beli cilok depan indomaret makan pempek di kantek,non_porno_non_prostitusi
aq juga mau kalau kamu ajak ngentot gantikan suami km,percakapan_porno
uwu habis itu ngewe wajah gembira berurai air mata,percakapan_porno
lu dulu menghina kalau gue dan temen temen gue boyband dan banci tapi kenapa sekarang jadi kebalikan kamu yang jadi tampang banci dan boyband kenapa kamu telan ludah sendiri gak malu,percakapan_porno
memek tembem susu gede mulus mantap <links>,penyebar_konten_porno
masih pikir kenapa label 18 ada kalau menonton video porno dilarang agama,non_porno_non_prostitusi
pilih yang kanan atas boleh,non_porno_non_prostitusi
gaada enak enaknya anjing ngewe sama jablay demi tuhan gue pernah dulu sekali mana bau banget itu meki tidak mau lagi gue seumur hidup,percakapan_porno
lengkap sudah penderitaan ga bisa pakai kontol pakai tangan pas pakai tangan cewek nya kesakitan <links>,penyebar_konten_porno
dasar bencong p tai korupsi sapi orang tepuk jidat <links>,percakapan_porno
mau bertanya nih emang mending mana lonte sama pelakor memurut kamu pada bae dah,percakapan_porno
iyah bro sepertinya bgtu deh jadi type nya ngembang pas kalau lagi ngaceng klo enggak ngaceng kecil giliran ngaceng raja kobra berguling guling di lantai sambil tertawa terbahak bahak berguling guling di lantai sambil tertawa terbahak bahak berguling guling di lantai sambil tertawa terbahak bahak,percakapan_porno
sumpah ya gue seharian ini dibuat emosi mulu dah tadi dibuat nangis terus dibuat bete sekarang ada yang mau cuddle kayak begini kan bangkai padahal di rr sudah jelas rulesnya clothes on no foreplay no hs ini malah kondom buat jaga2 kamu mau ngewe sama botol aqua apa bagaimana hzz <links>,percakapan_porno
perawan bokep gadisp <links> 1634071082,penyebar_konten_porno
ya maaf saya bencong,percakapan_porno
lawak kamu kntl,percakapan_porno
harusnya kontol kamu di kebiri saja lah anjing wwkwk,percakapan_porno
itu skin kamu kontol,percakapan_porno
segera avail open bo tegal area panah kiri tanda cium full service tanda cium inclued tanda cium member baru wajib deposit 50 isi caps slotnya bibir atau mulut wa 0822 5051 1948 ready huruf ok ✓ tegal expotegal availtegal opentegal openbotegal bisyartegal includetegal <links>,penjaja_seks
dia suka nete ujian nasional jadi maklumin,percakapan_porno
byk lagi isu umat islam yang berlaku lgbt dikatakan dosa peribadi hatta itu maksiat paling jelas kena cegah sebab kisah kaum nabi lut sudah direkamkan dalam alquran persoalan dia kita rujuk atau tak alquran dalam kehidupan kita,non_porno_non_prostitusi
tentang lgbt mendapat perhatian serius dari rasulullah muhammad saw di dalam hadis rasulullah bersabda sesungguhnya ket,non_porno_non_prostitusi
umur kita tidak jauh amat cuma beda 3 tahun dan dia lebih dewasa dari gue kalau dia salah dia yang meminta maaf terus kalau gue salah dia juga yang meminta maaf wkwk sayang gue sama dia nah terus singkat cerita waktu itu dia ulang tahun dia meminta buat gue datang ke rumahnya,non_porno_non_prostitusi
avail hotel vinotel minat info dm aja 100 realakunbokingangle openbocirebon bokingancirebon includecirebon anglecirebon bocirebon availcirebon wpcirebon bisyarcirebon bispakcirebon elidah menjulur keluar nakal ceria atau mengejek dengan mata tertutupocirebon lendircirebon nikmatcirebon rekomendedbo trustedangle availcirebon,penjaja_seks
memek kamu bagus dengan tebaran jembut yang manis,percakapan_porno
kamu kenapa ngewe gue bangsul,percakapan_porno
jangan sedih di susilo bambang yudhoyono terkenal warmindo mi pecun dengan berbagai nama menu yang mesum wajah lega,non_porno_non_prostitusi
makkk si teteh bahu nya lebar amat kaya bencong di lampu merah punya adek mulutnye meminta dibandring mak gue pun nempalin katanya memang dasar ingin punya anak cowok tapi yang keluar cewe gue haha siappp makk siapp untung sayang wajah senang atau tersenyum,percakapan_porno
anjing gue makin lama makin jijik sama cultural appropriation bacot ngentot culture kamu ahegao begitu maksudnya,percakapan_porno
gih rendem kacang hijau biar bisa nyemilin toge,non_porno_non_prostitusi
daripada kamu ketemu bencong yang takut bencongnya fak,percakapan_porno
bagaimana wazirx memberikan keamanan pada data pengguna bagaimana anda mengatasi ancaman sentralisasi dalam proyek anda,non_porno_non_prostitusi
merah muda titit itu gmana aku kira titit warnanya coklat benyek,percakapan_porno
ya gapapaa itu kan pendapat lo kenapa harus aneh biasa saja kali pendapat gue sih gue tidak suka ya mau selingkuh dalam bentuk apapun karena di rl pun bisa selingkuh lewat dunia maya lewat dunia maya pun bisa kamu mau ngewe sama orang,percakapan_porno
minder banget waktu sekolah dasar yang lain toge nya tumbuh dengan damai bahagia dan sehat sedangkan punyaku layu lalu mati,non_porno_non_prostitusi
mas lutfi saya tidak pernah memaki orang pakai kata anjir karena anjir memang bukan intonasi kata buat menghina wkwk emg pernah dengar orang bertengkar terus teriak teriak heh ajay kamu ya ga ada mas tidak seru kurang marah njir yang ada adalah ngentot lu asu ya babi bangsat lu nah mantap <links>,percakapan_porno
ini bocah cilik nete emaknya telentang,non_porno_non_prostitusi
ngentot lu ribet amat,percakapan_porno
nete dong boeh ga,percakapan_porno
untung suka berbicara lu kontol <links>,percakapan_porno
itu di temenmu ada indukannya tidak nder kalo ada sebaiknya tunggu dulu sampai dia lepas nete baru km bisa adop,non_porno_non_prostitusi
bagi gue mak popi ini baik dan dewasa banget realistis parah banyak belajar dari dia sih terus kalau kawan kawannya cerita dia benar benar nanggepin she’s a good listener and good advicer kalau kawannya salah ya salah dibenarkan dikasih tau baiknya gimana,non_porno_non_prostitusi
kalo banci masuknya apasih fanboy atau fangirl seriusan nanya buat sih itu soalnya,non_porno_non_prostitusi
toge jangan cari di google image,percakapan_porno
nete sama siapa <links>,percakapan_porno
cerita dewasa kisah ini terjadi kira kira 2 tahun yang lalu tapi setiap kali aku membayangkannya seolah olah baru saja terjadi kemarin peristiwa yang sangat indah ini,percakapan_porno
aku mau nete,percakapan_porno
km bukan mucikari jalur sopi kann wajah menangis keras atau menangis tersedu sedu wajah menangis keras atau menangis tersedu sedu,percakapan_porno
free video bokep korea bokep indonesia terbaru free cerita seks penjual jamu video hot hentai sex porno tailan,penyebar_konten_porno
kalo anjing bisa ngomong pasti dia juga akan berbicara anjing kamu manusia kontol,percakapan_porno
buat dua motor yang mengobrol di jalan tadi sampai menghalangi orang lain lewat giliran ditegur tidak terima malah masih menutupi jalan sambil acungin jari tengah eh giliran dikejer ngamau stop fix kamu tidak ada otak ya kontol,percakapan_porno
kamu adalah aku 3 tahun lalu gw bakal koar koar tntang lgbt sejenis dll krn gue sangat menentang dan benci itu sampai dititik sekarang ini gue sadar gue kerja dan hidup dari orang bendera tersebut dan yang gue lihat ‘love is love’ anw gw tidak memaksa pendapat kamu kok salam sejahtera selalu wajah senang atau tersenyum,non_porno_non_prostitusi
papam gay fan berguling guling di lantai sambil tertawa terbahak bahak berguling guling di lantai sambil tertawa terbahak bahak berguling guling di lantai sambil tertawa terbahak bahak berguling guling di lantai sambil tertawa terbahak bahak aadustunnaru google kamu kudaa prove ayyindi mabbu lanja gay ani berguling guling di lantai sambil tertawa terbahak bahak berguling guling di lantai sambil tertawa terbahak bahak berguling guling di lantai sambil tertawa terbahak bahak,non_porno_non_prostitusi
asal jangan jadi mucikari saja lo,non_porno_non_prostitusi
11 12 sih cuma mereka tidak di kejar kematian tetapi memang dipaksa buat mati btw gue pikir zi kamu tidak risih gue rt lgbt semua berguling guling di lantai sambil tertawa terbahak bahak,non_porno_non_prostitusi
kamu adalah mana bisa ya bisa cuma begitu minta duit sama ortu eh ngentot anak kamu pas dulu sama juga belum ngahasilin apa apa bangsat,percakapan_porno
zulpikar ambekan bencong ya,percakapan_porno
beli mie ayam dapat ayam beli ayam kampus auto jadi rektor,percakapan_porno
sekarang ini ada dijaman kalau kamu menolak lgbt kamu tidak respect dan ngusik hidup orang dengan dalih banyak kok yang straight juga zina kok dibiarin lgbt tidak ganggu hidup kamu kok mereka yang lgbt juga tidak ingin kok diposisi itu udah uruskan saja hidup lo,non_porno_non_prostitusi
cerita dewasa juga banyak cis xixiz,percakapan_porno
cewek dilecehkan cowok ya namanya juga seperti kucing dikasih ikan asin mana ada yang nolak cowok dilecehkan cowok waduchh lgbt haram manusia koq kelakuannya seperti hewan najiss maho hoeggg,percakapan_porno
open real video call sex berbayar seriussss order sekarang wa 082179676826 bokepindo bokep bokepperawan bokepjapanese bokepindonesian bokephijab bokepmahasiswi bokepviral vcscolmek vcscrot vcswhatsapp tantegirang bokephot <links>,penjaja_seks
heem masih bersih nanti mau menulis cerita porno,percakapan_porno
perawan itu tidak dilihat dari rapetnya vagina nder duh kenapa sih suaminyaaa pasti tititnya kecil udh titit kecil sok gaya menanyakan perawan pulak idih skip,percakapan_porno
ya habisnya di sini orang gay kena justifikasi terus kamu orang ketahuan gay kamu bakal mampus makanya mereka secara terpaksa harus nikah biar tidak jadi bahan penghakiman masyarakat <links>,non_porno_non_prostitusi
sini dong banyak maho nih contohnya,percakapan_porno
jangan peluk gw gue bukan banci,non_porno_non_prostitusi
sjskajjs sudah lah cape mau slep beneran mata bibir atau mulut mata kith y’all’s foreheads again no maho gutnet,percakapan_porno
hah kamu maho sudah ku duga,percakapan_porno
dimana diinstall ngentod,percakapan_porno
maap2 nih jadi mentwit tentang lgbt gue tidak dukung apa yang mereka lakukan tetapi gue tidak menjauhi juga karena kali saja upaya mereka sembuh ya dari sekitar gak pro sama sekali gue karena gue masih teringat azab lu yang lgbt tapi yang di azab sekaum alias gue juga bisa jadi kena astagfirullah <links>,non_porno_non_prostitusi
kayak banci anjir gw,percakapan_porno
gws pantat nya kak lilixxxx mumuuu tertawa senyum lebar,non_porno_non_prostitusi
kayak pernah ngewe saja lu,percakapan_porno
ya allah ibuku buka tudung saji tapi lepas sampai ngenain sih bapak yang lagi tiduran di bawah berguling guling di lantai sambil tertawa terbahak bahak berguling guling di lantai sambil tertawa terbahak bahak berguling guling di lantai sambil tertawa terbahak bahak lagi mengunyah untung tidak muncrat makanannya berguling guling di lantai sambil tertawa terbahak bahak berguling guling di lantai sambil tertawa terbahak bahak berguling guling di lantai sambil tertawa terbahak bahak,non_porno_non_prostitusi
putusin nder buru gaada akhlak pacaran cuma buat ngewe doang dia mah jangan karena sayang kamu bertahan tapi ngebatin karena kelakuan nya dia yang sangat amat bejat itu putusin buru,percakapan_porno
lebih mending kamu gitu jawab saja ya memang mending kayak begini daripada kayak kamu anjing kontol memek ngentot tai bangsat,percakapan_porno
cerita dewasa tiduri bibiku yang seksi <links>,penyebar_konten_porno
yang minat malam ini tetesan keringat openvcs avail tarif bisa dm wa 085261819723 line vcs bugil open colmek openbobal,penjaja_seks
kontol kamu meledak,percakapan_porno
kampang,non_porno_non_prostitusi
kalo ada yang bilang lo kan cantik masa jadi lesbi pasti cowok banyak yang mau jawab apaa,percakapan_porno
open bo open video call sex incorporate room puas serius wajah memeluk wa 087717679297 incloud ekslude bisa ayam wariabandung shemalebandung openbobandung availbandung bobandung expobandung pijitbandung bispakbandung bisyarbandung bandungbasah bandungnakal vcsbugil vcscroot <links>,penjaja_seks
bukannya tertutup dan tidak mau cerita cuma sulit saja menemui orang yang benar benar bisa dipercaya dan lebih dewasa,non_porno_non_prostitusi
bahaya tim gegana temukan ledakan gas beracun dari bokong seorang pria,non_porno_non_prostitusi
maap ini memek bukan lobang hidung tolong jangan di colok2 sama jari coloklah sama dengan kontol lo asm,percakapan_porno
padahal dari bokep kan bisa belajar urusan ranjang atau kakak kamu jadikan bokep sebagai pelampiasan auk ah ribet mengurus keluarga orang wk,percakapan_porno
jangan menyalahkan a ini salah mereka berdua ya kenapa gue tidak boleh nyalah2in dua duanya sekalian saja anjing lagian apa yang pernah gue tuntut ke kamu ngentot gara gara kamu berdua hidup gue hancur asu,percakapan_porno
binatang teriak binatang timbang kamu sibuk khotbah tentang buzzer lebih baik kamu menasehati mak kamu stop jadi psk wkwk,percakapan_porno
siang beb ready video call sex berbayar buat yang serius wa 082171233038 <links>,penjaja_seks
diam kamu kontol,percakapan_porno
christ gue doakan kamu kena corona boleh dong gue orang pdip kata gue sih kamu bangsat tetesan keringat menunjuk ke kanan jari membentuk ok,non_porno_non_prostitusi
lagek ini tournament panitia dukung musuh koiso lo spion kontol pass omah bjn tur natural killer tbn di kerja kalah an,percakapan_porno
dahla teletabis lonte gada bapa abis jd stripper mw aph loe,percakapan_porno
ingat brur yang anda bully itu juga anak yang berharga buat seseorang jg anak anda baru saya bilang begitu saya langsung emosi tapi anda membully anak orang lain itu namanya banci,non_porno_non_prostitusi
yg pntg sudah eue,percakapan_porno
easy a tapi bukan psk beneran hanya saja satu sekolah nganggap dia psk begitu air mata bahagia,percakapan_porno
ngentot apa enaknya crot di luar,percakapan_porno
ngewe mulu kamu lan,percakapan_porno
gi mengocok memek say,percakapan_porno
legal memang legal kalau untuk itu tapi di sisi lain di indonesia kan lgbt adalah hal yang tabu bagi sebagian masyarakat mau bagaimanapun walaupun dibilang legal juga rasanya kayak ilegal karena ya mayoritas tidak suka walaupun tidak ada dasar hukum yang melarang,non_porno_non_prostitusi
kalo kamu pada jadi gay tolong jangan bawa bawa cewek buat menutupi busuknya kamu ya bgst gue lebih respect kalau kamu tidak melakukan itu lo ngntot sama pasangan cowok lo terus pas sama istri lo kamu bawa penyakit mikir ya tolol astagfirullah kesal bgt kalopun itu fantasi lo tolong banget bajingan cerein,percakapan_porno
bayangin kamu lagi enak ngewe di rumah kosong tiba tiba rumahnya dirubuhin tim bedah rumah,percakapan_porno
gw tak tau harus bela lgbt apa tidak karena gimana ya takut,non_porno_non_prostitusi
yuu sayang dijamin enak dikelonin tetesan keringat tetesan keringat include √ exclude √ info rr via dm orang wa 081573078033 cewekbookingan availbandung bobandung includebandung excludebandung codnodp bandungbasah bandungbo openbobandung realangel vcsbugil vcsyuk vcs <links>,penjaja_seks
terus do kamu think gay is an insult dasar homophobic kurang edukasi secara mereka masih straight stop assuming their sexuality hets,percakapan_porno
kirain siape yang mampir sih pecun wkwk,percakapan_porno
dosa kan itu bokep versi cerita kalau yang threesome dosa juga,percakapan_porno
halo say aku buka jasa vcs cs ps member foto dan video berbayar ya murah kok chatseks fotobugil order bugilhot berbayar openvcs availvcs vcsavail vcsreal vcscolmek vcssange vcssangek vcstrusted vcs vcskuy realangel vcs chatsex phonesex memberfoto,penjaja_seks
lah di kamar doang emang mak lo gamasak terus kepasar tolol iya jangan semua apa apa dislhin ke perempuan slhin otak cowok ygkotor lihat cewek pakai jilbab saja sudah sange ngentot,percakapan_porno
ngentot kamu cina,percakapan_porno
karena biang maho,percakapan_porno
kemungkinan besar melayu di malaysia lucah itu artinya porno video lucah video porno,non_porno_non_prostitusi
gue mau nete,percakapan_porno
dodooy weki memek kapan kambek wajah bersungguh sungguh atau mengembuskan napas atau menahan kesal,non_porno_non_prostitusi
preng kamu pernah lihat titit sashimi gak,percakapan_porno
tidak pcrn cuma kayak dideketin wajah sedikit tersenyum suka pas diajak cerita solusi yang dikasih itu dewasa bijak dan lebih pikir ke depan gt banyak belajar hal hal baru ditreat kayak anak kecil misal diantar plg dijemput gtgt de duka karena kadang masih suka kayak bocah jadi kadang dianya suka gasabaran,non_porno_non_prostitusi
kg sange itu bercanda <links>,percakapan_porno
gay bukan penyakit yahh jadi tidak ada kata sembuh tp sexuality is fluid jadi bisa berubah kalau kamu tidak 100 gay maksud gue bisex,non_porno_non_prostitusi
kayakx kalau tidur breng ibu sambil bugil enak nie,percakapan_porno
nah itu mencari datanya bagaimana sih kok bisa begitu seperempat penduduk bumi punya nasab ke gengis khan apaqa beliau tidak cape habis berperang menghancurkan satu kota terus ngewe terus perang lagi ke kota lain ngewe lagi kok tidak solutip begitu kamu mas,percakapan_porno
merusak suasana hati saja kamu kntl,percakapan_porno
anda disebut open minded jika mendukung menerima lgbt hhahaaa mati saja kamu lgbt sampe mati gue tidak akan menerima lgbt,percakapan_porno
ngewe berapa,percakapan_porno
jembut meki,percakapan_porno
kalo tidak punya uang gaya hidup kamu jangan kayak orang yang punya uang yang jadinya malah menyusahkan orang lain kontol,percakapan_porno
tau banci,non_porno_non_prostitusi
ga bisa mau kamu potong kontol kamu pun tetap tidak bs,percakapan_porno
salah mulu sama kamu adalah kontol,percakapan_porno
ngentod juga sih rangga bacotny bau comberan anjing untung nama gue bukan rangga,percakapan_porno
trs sok mengakui exol dahal tak tau masalahnya apa cuma memaki bocil doang terus kapan dewasa dewasa otak lo kaya kontol kamu siapa anjing giliran begini saja bawa nama kamu sebagai exol nge hype exo gaperna memilih juga engga tolol asu,percakapan_porno
gausah kepedean bilang kamu bisa sembuhin kamu punya titit bukan meki,percakapan_porno
aku yang punya teman gay eh bukan teman juga sih intinya kenal dan lumayan dekat karena grup kucing dan pernah cerita sih kalau dulu temen2nya itu suka mencari yang tidak homo di bikin homo buat di jadikan homo yg menurut gue ksimpulannya gay menular sih apalagi circle kamu gay semua,percakapan_porno
kontol unfriend aja lah anjing lo dua kali nyepill gw di base kentot marah marah jari tengah jari tengah jari tengah jari tengah jari tengah jari tengah jari tengah,percakapan_porno
banya yang nanya caranya dapat friends with benefit atau partner dari alter macam mana si sebenarnya gampang tidak melulu soal duit sebanyak apa dia ngespoil atau treatment yang too much tapi lebih ke pendekatan kamu gimana bisa jadi teman mengobrol yang ena dan tidak melulu persoalan ngewe,non_porno_non_prostitusi
anda tau jembut,percakapan_porno
mgkn ada kalanya otak pindah ke pantat <links>,percakapan_porno
bacot gue sudah kesana tidak disamperin dasar tak tau diri kamu kampang,non_porno_non_prostitusi
kamu bandingkan indonesia sama negara yang open minded kemereka beda jelas lah gila negara mereka negara liberal yang bahkan kebanyakan mereka saja tidak percaya sama tuhan klo kamu tinggal di negara yang pakai hukum islam masih bisa kamu open minded lgbt,non_porno_non_prostitusi
ngaceng aka ngakak kenceng wajah menangis keras atau menangis tersedu sedu <links>,percakapan_porno
obat pembesar penis adalah minyak lintah papua yang mampu penis menjadi besar dan panjang <links> hubung 087 minyakpembesarpenis,non_porno_non_prostitusi
yg ngentot itu yang kayak gini,percakapan_porno
terus mau nya gimaneeee toge layu,non_porno_non_prostitusi
hayuk mas jembut aku,percakapan_porno
kata mama twitter tempat orang orang elite berkumpul padahal aslinya tempat orang bisa bacod open bo bertengkar tanpa baper2an dan hapus2an kayak platform sebelah sebenarnya sudah lama ingin nimbrung bacotan warganet tapi malu pakai akun satu lagi,percakapan_porno
menyanyikan lagu indonesia raya memanglah epic tapi pernah tidak sih kamu menyanyikan lagu indonesia raya pas pesta gay,percakapan_porno
kd kuhakun merasai 22nya rasakan kn rasakan tidak disamakan sama yang lainnya hahahahah dasar kontlo cowok ni untung aku masih mau sama cowok belum jadi lesbi,percakapan_porno
muka kamu yang rendahan makanya tidak ada yang ngaceng melihat loe bunuh diri saja loe,percakapan_porno
wo bukannya sixpack malah bokong yang semok meringis <links>,penyebar_konten_porno
tenang kamu aman yang dipermasalahkan cuma anjay anjing babi sialan kontol mmk dan lain lain tidak bakal dipidana terus² bung kayak begini wkwkkw,percakapan_porno
gada dia enggak boleh ngewe sembarangan pah,percakapan_porno
lah dia namanya begitu tetapi kalau tentang lgbt didukung dia maju paling depan buat berkoar lah kamu yang katanya bijak cuma bersikap sok pintar dan menjauhi korban lgbt,non_porno_non_prostitusi
ngentod nih orang jakarta berkumpul disentul sudah kayak apa tau,percakapan_porno
kontol kamu,percakapan_porno
ngentot lo puuuut,percakapan_porno
anak line dari awal rilis sekarang telah punah dan beralih menjadi open bo cek lini masa ada cerita dewasa,percakapan_porno
lee haechan suka dengarkan aku cerita bawel seru random kgkjls dewasa bias nct hyungdeul <links>,non_porno_non_prostitusi
mikir saja kamu bodoh ngecatcall di suit suitin saja orang sudah menangis bagaimana kamu ajak ngentot tolol,percakapan_porno
kalo aku ya bakal mengajarkan anakku buat menerima diri dia apa adanya dia dilahirkan dengan penis vagina menerima kodratnya sebagai male female mengajarkannya u berlaku sebagai male female mencintai lawan jenisnya agar kelaminnya tidak usah diubah2 lagi dan berfungsi sbgmn harusnya,non_porno_non_prostitusi
yah akun partai komunis indonesia anak nya pekerja seks komersial gerwani baru 11 ekor menyeringai,percakapan_porno
dasar memang ngentot,percakapan_porno
twittarlidah menjulur keluar nakal ceria atau mengejek makanya mas disembuhin me ya kamu pikir pikir aja kenapa gay yang nikah masih balik ngehomo knp tidak sekalian saja berobat supaya khusyuk nikahnya tidak susah mengumpet buat ngehomo <links>,percakapan_porno
dari mana alaynya sih mengetik kamu kntl,percakapan_porno
masih siang mau ngewe sekarang,percakapan_porno
perek lo aja pls jangan ajak ajak,percakapan_porno
cuma bisa jembut kamu tuh,percakapan_porno
apa lagi memek mb maya yang superrrr tembem mantap banget itu pasti rasanya asin2 gurih dan lezatttttt banget dch,percakapan_porno
jeleknya jaman sekarang adalah banyak orang tidak bisa menghargai prinsip orang lain alias ngentot kamu pada,percakapan_porno
anglemakassar kembang sepatu hari ini aku ready ya kembang sepatu yang mau bo vcs silakan dm tersipu atau tersenyum dengan mata bahagia buruan isi slotnya ya beb menyentuh hati atau memberikan ciuman hati rr via dm hati yang berputar wa 08228266383,penjaja_seks
malah ngentot sih manusia anjing entot2 sudah sampai lepas titit kamu dan jadi manusia tidak penting <links>,percakapan_porno
pengen deh nete,percakapan_porno
kata kepanjangan mbm itu memek tembem,percakapan_porno
ya ngewe lah apalagi memang hal yang bakal dibahas sama para pasusu wajah menangis keras atau menangis tersedu sedu wajah menangis keras atau menangis tersedu sedu wajah menangis keras atau menangis tersedu sedu,percakapan_porno
kerupuk jablay,non_porno_non_prostitusi
cari perhatian kamu kontol,percakapan_porno
pada jamilah ih aisyah nya lesbi wajah gembira ioixonemakra,percakapan_porno
kepo padaan ada bokep lewat td mau tau artisnya siapa direct message sini <links>,penyebar_konten_porno
ngewe mulu lo,percakapan_porno
sosoan pakai ada tulisan arab kamu abang enggak malu apa berbicara lonta lonte,non_porno_non_prostitusi
makanya puya jembut harus bersih,percakapan_porno
sange dulu lah,percakapan_porno
rambut kayak jembut dah awut awutan wajah pusing <links>,percakapan_porno
⠀⠀⠀⠀berlabel nsfw karena beberapa cerita akan mengandung konten dewasa diharap untuk yang belum cukup umur agar berhati hati dalam membaca cerita yang telah diberi trigger oleh penulis,non_porno_non_prostitusi
b saja nder kalau menonton bokep doang tapi jangan sampai adegan yang di bokep itu dia coba sama cewek lain tidak cuma aku gebuk langsung aku santet malah wong bisa mencoba sama aku apa mencoba sama yang lain,percakapan_porno
psk smsl suka berjemur,percakapan_porno
lo tidak punya titit bukannya,percakapan_porno
srp biarin oppa masukan vibrator ke memek oppa kok di masukin aku kan mau pemotretan lanjut,percakapan_porno
gausah berlindung di balik secreto kalau sudah tau tidak berani menyenggol depan mata gue kalau tidak gue injek batang leher kamu sok tau banget lonte,percakapan_porno
eh kontol pirang iddiot kamu kebanhetan narkoba kamu samakan sama hp kebanyakan makan tai kamu cebonh,percakapan_porno
respect di sini itu maksudnya menghargai oh itu orientasi lu tidak setuju sih tapi bagaimana lagi semenjak menurut berita itu banyak kaum lgbt punya istri bahkan anak tapi masih suka jajan bikin pesta dan berpotensi cukup besar menularkan penyakit seksual no respect for lgbt anymore,non_porno_non_prostitusi
dosbing jembut biawak,percakapan_porno
ines bisa layani pijet plus plus daerah sumbar riau hubungi saja 62823 9111 5459 bispak memek kontol padang riau janda,penjaja_seks
aduh lupa gue suara kamu bagaimana coba berbicara kontol,percakapan_porno
nonton bokep indo <links> bokepindo bokeplokal tantesange bokepindonesia bokeponline bokepbarat videobokepjepang videomesum sangek cewesangek filmbokep bokepviral bokepcina bokepterbaru,penyebar_konten_porno
yakali ada orang dm gue mau memberi uang 450rb haha cuma2 memangnya ada nyuruh gue ngewe dulu ya dsr bodoh langsung gue report mamam,percakapan_porno
biar kontol yang disepong tidak panas lah kaicad kamu tidak pernah ya habis memegang sambal terus kamu kencing tapi lupa cuci tangan,percakapan_porno
taunya vpn buat bokep mulu coba perbanyak baca,percakapan_porno
lu dagang piscok saja ngentot sana,percakapan_porno
keras nih cowoknya jadinya kan enak wajah meneteskan air liur wajah memberikan ciuman dengan mata bahagia fullnya langsung kesini saja sayang → <links> ← forum bagikan koleks,penyebar_konten_porno
tengah malam niat menonton dota malah di bacot teman teman dasar teman teman kntl,percakapan_porno
pantes kamu tenan tapi lek kamu seng nglirik cah manusia homo wajah gembira berurai air mata,percakapan_porno
ini pendapat gue tentang lgbt terserah kamu mau menerima apa kagak gue tidak pro atau pun kontra dengan lgbt dan gue oun tidak pernah membenarkan atau menyalahkan mereka gue tau apa yang mereka perbuat itu salah lgbtq,non_porno_non_prostitusi
kecil2 pandai ngewe lu,percakapan_porno
ya kalau semisal kamu tidak bisa bacanya atau tidak tau tulisan kayak gitu setidaknya kg membicarakan huruf toge atau rumput atau semacamnya lahh i know u re trying to make joke here but making a joke abt someone s culture it s not appropriate and rude mungkin ada beberapa orang yang tersinggung,non_porno_non_prostitusi
lah ngentot kamu saja mati coy pengecut kayak kamu apa idup,percakapan_porno
enak karena bisa ngewe,percakapan_porno
♡avail jayapura♡open bo vcs jayapura info rr dm surat cinta wa 083801456977 openbojayapura openbopapua availbojayapura avail,penjaja_seks
sok suci cok silakan anda cek tapi enggak usah privacy hal kayak begitu dibongkar cukup orang tua yang berhak kurang pekerjaan ta yaapa se sak sucisuci e orang tuaku kamu iya tau ngewe cok tau lihat bokep operasi kan cukup kendaraan apa handphone privacy kita dibongkar cokcok tolol <links>,percakapan_porno
lonte lonte palakau lonte memangnya kamu tau rl nya dia nder,percakapan_porno
kamu pasti nge lonte kan,percakapan_porno
diem kamu kontol arap,percakapan_porno
ini kegedean tidak sih sedih atau cemberut dari bokong sampai paha kayak squidward yang habis makan krabby patty itu masaa kecewa <links>,non_porno_non_prostitusi
kadang pikiran orang licik yang di dunia lesbi cuma iseng itu begini halah lesbi tidak usah serius toh enggak bakalan selamanya berbekal kalimat itu banyak cewek cewek tak tau diri yang mainkan hati ceweknya yang padahal benar benar sudah jadi bucin lol,non_porno_non_prostitusi
ketua kamu tolol dikit jualan radikal itu pesta gay uruskan bangsat,percakapan_porno
iya hidup gue memang belum bener puas kamu ajg kntl,percakapan_porno
av padahal gue sangat islami dan tidak porno adult video <links>,non_porno_non_prostitusi
si jalang masuk sc gue jwhhwwh iri bilang bos jalang ya jalang dipikir gue tidak tau lo yang ngirim avv suami gue lebih perfect dari contact person lo avv najis lo bilang suci disumpel kontol mulut sama memek lo mau ajah hahahaha najis jalang <links>,percakapan_porno
apa cuma gue doang yang mencet jerawat pas isinya muncrat kagetnya luar biasa,non_porno_non_prostitusi
ada ya gay yang sudah faker merugikan teman gue sampai 2 digit katanya mau ganti eh pas ditagih marah marah malah spill teman gue ke teman rlnya anjir lah parah banget untung saja teman gue orangnya sabar banget kalau kagak sudah di spill kelakuan bejat lu,percakapan_porno
knp mesti jembut sih lon,percakapan_porno
akibat putus cinta sahabat sendiri dientot juga yang penting sama sama lubang toh lebih rapat bool daripada memek,percakapan_porno
acc yang foto di lapangan basket sama yang naik motor kek gue dong muka kayak kembang pasir tetapi gue percaya diri nyet wajah berkacamata hitam tangan terkepal ke depan biar apasih biar famous nih kontol kuda,percakapan_porno
open video call sex ready ayo isi slot nya info rr wa telepon 083197799567 menunjuk ke kiri via rek via pulsa real trusted kembang sepatu vcsbugil sangeberat vcstrusted tantesange vinagarut vcsyuk bugilhot vcscroot vcscolmek vcsberbayar vcsreal vcscroot colmek bugilhot genjot <links>,penjaja_seks
kontol lu bau <links>,percakapan_porno
ni menteri agama bacot nya tidak karuan banget ya kkb lgbt gak ada pernah komen lu,non_porno_non_prostitusi
solusi jika terjerat lgbt buya yahya menjawab link video full <links> <links>,non_porno_non_prostitusi
avail hotel luminor purwokerto minat info direct message saja wanita dan pria berciuman <links>,penjaja_seks
ready avail bogor paku penanda atau pushpin yang minat direct message ya angelbogor expobogor bispakbogor availbogor trustedbooking realangels bisyarbogor openbobogor bobogor includebogor wpbogor ayamkampusbogor excludebogor vcsreal vcsready vcscolmek vcsbugil vcsberbayar vcswhatapp <links>,penjaja_seks
bokep indonesia pasangan lesbi cewek berjilbab cipokan bagikan toket gede mantul skandal pontianak bokep indonesia ngentot dengan cewek baru di memasukkan sudah becek pacaran mesum di indekos cuma beralas tikar <links> <links>,penyebar_konten_porno
lu sudah tau kalau kamu mengirim beginian bakal terbully kontol <links>,percakapan_porno
gaada hati sumpah nih manusia apa iblis kamu kalau tidak mau punya anak ya jangan ngewe kalau tetap nafsu pakai kondom take birth control pills ikut kb buatannya doang iya enak pas sudah ada anak tidak ada tanggung jawab tolol kamu sakit otak <links>,percakapan_porno
wjaar pagi kontol nya ngaceng kalau tidak ngaceng silakan cek ke dokter sekitar,percakapan_porno
inilah gubernur tukang puisj fiktif,non_porno_non_prostitusi
bobo yu sambil nete,percakapan_porno
lu kenapa sih nder galau mulu kayak toge,non_porno_non_prostitusi
anjir bang berasa manusia homo gua,percakapan_porno
lu mengaca nih lihat diri lo terus mikir kontol,percakapan_porno
blg saja nder eh kutil dajjal lonte ngabisin duit orang gw cristiano ronaldo duit sendiri lo sirik ya jangan kamu yang lonte kok bisa tau lonte gmn hayo wajah sedikit tersenyum berguling guling di lantai sambil tertawa terbahak bahak,percakapan_porno
yang menyuruh kamu pakai kemeja siapa tot btw ini perkumpulan gay ya berguling guling di lantai sambil tertawa terbahak bahak <links>,percakapan_porno
tuduhan sumbu pendek sungguh tk ada data fakta haha ahok bhyanya jika negara di huni mnusia2 yang hanya mngedpnkn ego emosi ilmu tk punya cukup modalnya bencong bacot wc pulsa miskin hhhhh ya tidak apa apa nmnta gue lagi nyelmetin negara kesatuan republik indonesia yang punya warga sesat ilmu kayak kamu hhh,non_porno_non_prostitusi
fyi ayam kampus ftg enak banget nder,percakapan_porno
ye hantu hantuu berisik saja si negara indonesia buat siapa saja kali selama dia tidak merugikan mah daridulu juga lgbt sudah ada di budaya indonesia perbanyak belajar ya jangan merasa superior karena kamu mayoritas ngab mon map situ siapa tuhan,non_porno_non_prostitusi
uda deh blok saja resek banget anda soalnya ini itu rupiah ya tolong bedakan sama rl minta2 ngewe beneran ga ngotak kamu sampah wajah dengan mata berputar,percakapan_porno
open bo orang vcs sby tetesan keringat yg serius langsung wa ya bosurabaya wpsurabaya bisyarsurabaya bispaksby bokingansurabaya,penjaja_seks
kuylah pgn mengisap kontol jembut lebat nih r dua pria bergandengan tangan gaybogor dm wa langsung respon tempat priv aman,penjaja_seks
pembahasaan kamu membuat kalimat kamu terlihat seolah gue yang seperhatian itu sama lo padahal kamu mau pamer ke muka gue kan kalau kamu perek nomer satunya sih masnya hmm hmmmmmm wkwk,percakapan_porno
ready video call sex berbayar notiputipu real terpercaya 100 wa 081329449632 line ucyindah123 openvcs memekperawan vcsreal bokep readyvcs vcscolmek vcscrot vcscroot vcs vcsbugil vintage vinagarut lendirnikmat jilboob <links>,penjaja_seks
hdehh kontol masih pagi sudah bikin keributan saja kamu tlol,percakapan_porno
ewe juga nih,percakapan_porno
tidak ah tar kamu ngewe,percakapan_porno
gay kamu vie wallah,percakapan_porno
klo memang lgbt itu bawaan lahir mengapa kelakuannya kayak binatang kamu kira perta sexs itu wajar gila kali yang berhubungan intim saja itu jelas kesalahan besar nah kamu sama sama terong ramean wajah bersin <links>,percakapan_porno
open video call sex berbayar uang bersayap yuk yang mau order video call sex nya bikini terjamin 100 trusted wa 085264318320 opengrup membersonly memekperawan vcsreal vcs readyvcs vcscolmek vcscrot vcs vcsbugil vintage vinagarut lendirnikmat jilboob <links>,penjaja_seks
untung minyak gorengannya tidak muncrat ke mata wajah dengan termometer,non_porno_non_prostitusi
biasanya kalau yang uangnya cekak dan tidak bisa menyewa pekerja seks komersial yang harga sewanya kadang selangit para penikmat sek kilat biasanya cuma dengan modal membaca bacaan atau cerita dewasa di youtube sambil onani choi termasuk gue juga bossku,percakapan_porno
mau kayak lonte mau kayak apa kek seenggaknya duit duit lo kalem aja hidup dengarkan mulut orang tidak ada udahnya yang modelan begini anggep saja sirik apalagi kalau belum berpenghasilan tapi mulutnya sok meminta di pites,percakapan_porno
bahas titit mulu sange lo,percakapan_porno
titit kamu terbang,percakapan_porno
iya kamu memang jembut,percakapan_porno
sodara kontol mau bikin rumah tapi pinjam duit ibu dikira kamu anak ibu gua plis lah sudah gede kamu tau kan harus apa kalau mau sesuatu kerja jan kebanyakan maunya doang nyokap gue punya anak 3 banyak kebutuhan nya kamu seenak jidat pinjam duit nyokap,percakapan_porno
kalo di situ adalah ketempelan pecun bon wkwk bukan di situ bon di toko gue yang baru kayak nya,percakapan_porno
kontol ampas gaya doang kamu gedein kosong tidak ada isi bangsat,percakapan_porno
dia bilang kamu kayak kntl,percakapan_porno
tidak percaya nama kamu saja nete pasti suka netein orang g,percakapan_porno
abis ditilang bilang acab acab kan kamu yang salah kontol edgy,percakapan_porno
lu tidak begini tadi bilangnya bal alias seru banget mengompori dolai dan bale supaya ribut wkwkwkw iqbal memang kontol cil hebat sih pacar kamu dol tidak ada nafsu2nya gt lah gue nya tidak hebat apa banyak faktor yang bikin ceweknya dolly kayak begitu bal iman doang cil faktornya,percakapan_porno
diam itu emas gak percaya kemaren ada pecun lingkar berbicara ngaco digelut deh ehh ada homo homo yang belain dasar homo tetep weee bego,percakapan_porno
fake kamu kontol,percakapan_porno
gue bawain pekerja seks komersial buatan jakarta il,percakapan_porno
bokep apa,percakapan_porno
kek sama gue dulu zaman zamannya pas yang heboh video anak sampai 4 jakarta nete di kelas terus divideoin diarahin temannya buat ini itu sekolah gue mengadakan razia hp gue panik mampus karena gallery gue ada foto kontol sedih atau cemberut tp gue sosoan ribet terus akhirnya anak organisasi siswa intrasekolah nya lupa mengecek handphone ipod gua wajah gembira berurai air mata <links>,percakapan_porno
udah menyuruh gue mangkal kayak jablay memaki gue pelacur lonte jablay bermuka jelek menuduh gue sudah di gereoe orang menuduh gue sudah tidak perawan sehat tidak itu akal lu memaki gue seenaknya tetapi kamu masih mau memiliki gue gue bersumpah ya gaakan ada cewek yang betah di begitukan mulu,percakapan_porno
gw paling malas nih yang begini² lo mau apa gue turutin mau gmn gue jabanin kapanpun kamu mau ngewe gue ayok kok kamu masih nginget² yang lain sih anjinggggg,percakapan_porno
anjing ngeri jon game nya balap sepong tertawa aku wkwk daripada lgbt mending coli sudah kamu,percakapan_porno
kamu benci sama gue karena gue pilot enola yang asli beneran gue yang meledakkin nagasaki biar gue yang menanggung kebencian kamu sampai 30 tahun yang lalu setelah tragedi 1988 gue masih berani jadi otole roger pilot enola gay,non_porno_non_prostitusi
anjing kontol memek jembut bangsat babi puki jancuk kibul fucking bedebah goblok adalagi bantu isi,percakapan_porno
ketikan kamu di media sosial juga polusi akhlak ngentot,percakapan_porno
ah kontol lo sudah ah tidur aj,percakapan_porno
kamu ngentot,percakapan_porno
bun nih cegaz di ikat saja dipohon toge,non_porno_non_prostitusi
gpp tandanya gue banyak duit buat beli skincare dari pada kamu halu ingin punya gadun tapi tidak kesampaian tsayy ciri ciri orang miskin tapi sok boros kelaut gih cari perhatiannya di kurangi ya kasihan emak kamu cape sekolahkan bayar mahal mahal anaknya kayak lonte <links>,percakapan_porno
pantat gue sakit anjir,non_porno_non_prostitusi
aku harap tak jumpa lah beliau lelaki lak itu dasar gay wajah gembira berurai air mata,percakapan_porno
sati kakak pzz k1 9y 0011 sebelas raflesia video bokep vidio indo online download indonesia gambar nonton mesum terbaru,penyebar_konten_porno
akupun punya dingin pula katro kamu bencong <links>,percakapan_porno
tim selalu gagal manabisa nanam toge wajah menangis keras atau menangis tersedu sedu,non_porno_non_prostitusi
biarin saja mereka mau ngentot kayak mau apa kan tidak merugikan kamu juga,percakapan_porno
ngewe itukan jawaban yang kamu mau,percakapan_porno
<links> < cewek bispak siap pakai ngentot porn adult,penyebar_konten_porno
oh iya maaf berdoa atau dua telapak tangan menempel berkulit putih kuning langsat tidak mau jadi lesbi kah wowkwowmwok,percakapan_porno
deh tetapi itu enggak aku sudah 20 match main kayak kampang tidak mengerti makenya wajah menangis keras atau menangis tersedu sedu,non_porno_non_prostitusi
langsung close acc sih ngentot nih pengecut,percakapan_porno
iya itu saya tapi anda memblokir saya nomor kenapa,non_porno_non_prostitusi
ledakan open bo open vcs panggilan ledakan include exclude ledakan karawang dan sekitar nya minat ledakan langsung ledakan dm wa 083804037401 ledakan pusing openbokarawang pusing openvcskarawang pusing inc exckarawang pusing bopanggilankarawang pusing cewekbokarawang pusing vcssangekarawang pusing cewekvcskarawang <links>,penjaja_seks
lu menonton dulu nder maksudnya itu mereka jadi gay karena butuh duit dengan melayani narapidana lainnya bukan karena dia gay jadi masuk penjara sender tubi bukan aneh aneh saja tapi suka baca judul doang,non_porno_non_prostitusi
sekalian saja kata titit kamu bawa anjing <links>,percakapan_porno
lah kamu sendiri saja malu dukung lgbt makanya tidak pakai real ava monyet yang menutupi matanya dengan tangannya tidak melihat kejahatan monyet yang menutupi matanya dengan tangannya tidak melihat kejahatan monyet yang menutupi matanya dengan tangannya tidak melihat kejahatan tidak bisa di ambil nalar ama sex menyimpang ini ga maju pala bapak kamu tak maju,non_porno_non_prostitusi
lo satu circle sama gue besok jadikan perang kntl,percakapan_porno
<links> < koleksi foto telanjang abg bispak ngentot porn adult,penyebar_konten_porno
open bo 250 satu jam bebas crot bebas kondom bisa anal crot dalam yang mau bo silkn wa 081227680241 langsung wa biar cepat area jogja gejayan,penjaja_seks
idih sangean diketawain titit lo,percakapan_porno
wkwk tertawa banget anjing di pantat ada apaan emg wajah menangis keras atau menangis tersedu sedu,percakapan_porno
temen kamu itu uruskan sin wajah menangis keras atau menangis tersedu sedu gara gara itu juga gue sering pikir bagaimana ya gue lihat titit secara live wajah menangis keras atau menangis tersedu sedu,percakapan_porno
bulan baru dengan wajah spesial open vcs slot tidak terbatas open mata sampai pagi buruaan di order ya berdoa atau dua telapak tangan menempel no bo dilarang no wa 083178804701 vcscolmek vcsyuk vcstrusted vcswhatsapp vcsindonesia vcsindonesia realangel realaccount openbojaksel sange aaaaaaaaaa <links>,penjaja_seks
duh ininih terlepas kamu bi pansexual atau simply gay plss bilang ke pasangan kamu kamu true identity bayangkan kamu bisa menjalani kamu double life tetapi istri kamu have no clue at all mana menyebarkan virus yang have no cure <links>,non_porno_non_prostitusi
terus aja urusin hal ga penting umur kolot di demoin nyolot uang rakyat di cokot pemerintah modal cocot hasilnya cuma mulut yang berotot dasar ngentot tot tot,percakapan_porno
gak kamu tidak boleh main sama guaa beda sirkel pokonya kontol <links>,percakapan_porno
enakan cari ayam di kampus,non_porno_non_prostitusi
kalau gerung yang pakai peci artinya diangustad kalau ahok yang pakai artinya peci budaya nusantara bukan milik 1 agama saja standar ganda kntl dasar bajer tersipu atau tersenyum dengan mata bahagia tersipu atau tersenyum dengan mata bahagia tersipu atau tersenyum dengan mata bahagia,percakapan_porno
pengen dong sayank abank sange bener rasanya ingin ngentot punya memek kmu lidah menjulurkan lidah yum atau enak atau lezat dua hati <links>,percakapan_porno
lo manjat pohon toge aja lino berguling guling di lantai sambil tertawa terbahak bahak,non_porno_non_prostitusi
ini sih yang bikin sedih kalau kamu memang gay ya kamu do you ini your own choice tapi jangan begini dong secara tidak langsung menyakiti perasaan orang lain juga kasihan istrinya anaknya <links>,percakapan_porno
open bo area semarang sampangan tb 155cm bb 50kg bra 36b putih memel 25thn no cap cif cim avail bosemarang openbo openbooking bookingsemarang jablay panggilan cewekpanggilan includesemarang bookingout bisyar bispak binor <links>,penjaja_seks
iya gue tidak open minded karena tidak dukung lgbt jauh jauh kamu bangsta,non_porno_non_prostitusi
gue menerima lgbt atas dasar kemanusiaan dan asas hak asasi meskipun pada dasarnya tetap saja itu penyimpangan tapi gue juga keras menolak lgbt atas dasar agama soalnya absolutely haram ya saudara ya ukhti,non_porno_non_prostitusi
jadi gara gara kontol kamu imut kamu tidak jadi ngewe,percakapan_porno
kntl kamu memek bikin orang presentasi sendiri cuma gara gara mager mic rusak chat tidak dijawab tidak jelas anjing <links>,percakapan_porno
buku yang luar biasa tampak seperti cerita anak anak tapi begitu banyak makna tersirat melalui sudut pandang seorang anak kecil yang naif dan lugu kita belajar bahwa menjadi dewasa memang membosankan ribet bertele tele dan amat ganjil <links>,non_porno_non_prostitusi
yg namanya gonta ganti pasangan dan seks tanpa pengaman mau kamu gay atau tidak ya iyalah kena hiv,percakapan_porno
curang apah titit sele masih sakit nih sedih atau cemberut,percakapan_porno
sudah ditanya tapi tidak dijawab ya berarti orangnya tidak ingin menjawab hal itu atau cerita tentang hal itu jadi jangan ribet simple tidak ribet komunikasi orang dewasa tidak bisa lagi bertele tele,non_porno_non_prostitusi
hater oshi gue kamu kontol,percakapan_porno
cerita hidupku ini cerita dewasa bagaimana susahnya cair uang dan kerja,non_porno_non_prostitusi
malam minggu hujan terus enak nya ngewe,percakapan_porno
ke mereka karena mereka menganggap kalau kamu itu memang psikolog abal abal jadi tidak ada urusannya ya orang pura pura jadi korban demi membela lgbt,non_porno_non_prostitusi
katanya sudah dewasa katanya cape main main katanya mau serius halah bacot kamu kontol pikiran masih abal abal juga mau sok drama,percakapan_porno
ayah kamu be like ganggu orang mau ngewe saja nih anak,percakapan_porno
pengen merasakan ngentot memek abg,percakapan_porno
bapak kamu perek,percakapan_porno
emang anak anjing mabuk kamu ya tidak jelas kntl,percakapan_porno
bentar kita bahas lgbt lalu kamu lempar argumen pacaran dosa gua iyain ya berarti harusnya ada resolve nya dong bagaimana pendapat kamu soal lgbt secara argumen kamu sudah diiyain klo ternyata kamu tidak mau berpendapat soal lgbt ya berarti pernyataan kamu cuma saling tunjuk doank,non_porno_non_prostitusi
kebanyakan orang lupa bahwa bukan hanya gay ataupun lesbian yang jadi permasalahan pada lgbt terdapat istilah transgender yang kenyataanya di kalangan masyarakat malah didukung atas dasar ham bahkan mereka diundang sebagai bintang tamu di event hiburan umum maupun pada kampus,non_porno_non_prostitusi
ternak betina produktif saja dilarang untuk pemotongan lah ini kamu menembak kntl,percakapan_porno
babang dengan kontol tebel jembut rimbun colinya bikin mengiler keringat dingin,percakapan_porno
owww likenya muncrat wajah menangis keras atau menangis tersedu sedu wajah menangis keras atau menangis tersedu sedu wajah menangis keras atau menangis tersedu sedu wajah menangis keras atau menangis tersedu sedu gabisa anjir,non_porno_non_prostitusi
jablay anjink ngakak begop,percakapan_porno
apaan si gue gay yakali gue normal bege ini lo knp si elah heran eyke ni malah jadi nyampah d lapak orang kan wajah menangis keras atau menangis tersedu sedu,percakapan_porno
gue pasang koyo di pantat tidak ada rasa panas panasnya,non_porno_non_prostitusi
orang sibuk dengan kata anjai dengan beralasan demi untuk keselamatan anak namun sebenarnya kata lebih kasar daripada anjai lebih banyak contoh kontol pepek anjing bangsat itu lebih sering kita dengar kan kok dan lebih kasar dan untuk kamu lutfi tidak usah cari sensasi,non_porno_non_prostitusi
ewe kan ewi panggilan kesayangan aku,percakapan_porno
aku malah sama teman aku yang gay suka sama cowok yang sama berguling guling di lantai sambil tertawa terbahak bahak berguling guling di lantai sambil tertawa terbahak bahak tapi malah lebih berat saingan yang gay lebih berasa cemburunya wajah gembira berurai air mata cowo yang gue suka enggak tau kalau teman gue ini gay jadi sering ke luar kota bareng sekamar aku yang ambyar dengarnya mereka sekamar berguling guling di lantai sambil tertawa terbahak bahak berguling guling di lantai sambil tertawa terbahak bahak,percakapan_porno
bokep sma tritunggal bokep bokepindo bokepjepang bokepsma bokepsmp bispak bisyar bisyarjogja bisyarjakarta bisyarbandung bispakjogja bispaksolo bispakmalang bispaksemarang <links>,penyebar_konten_porno
ngentot kamu anjing bikin lini masa gue kotor saja bgst,percakapan_porno
ehh tidak enak banget bahasa kamu slur kagak usah sok superior sudah berasa sendiri yang berjuang promosikan wendy kagak usah bawa bawa kontol anjing,non_porno_non_prostitusi
pernah tidak sih kamu bayangkan gay parties lebih terkoordinasi daripada acara sekolah kayak aduh begitu dah,percakapan_porno
tasbih itu kan cuma istilah bang gk mungkin muncul secara alami atau tidak mungkin juga orang mau operasi buat memasukkan benda asing k dalam penis cba abang cari di google deh,percakapan_porno
bencong kamu ye,percakapan_porno
udah erapa lama ya tidak ngewe wajah lega,percakapan_porno
maaf aku tidak lesbi,non_porno_non_prostitusi
kenangan jaman dimarah marahi begini itu seru tau jadi bahan cerita pas sudah dewasa hahaha,non_porno_non_prostitusi
yg suka cerita dewasa mana nih bt nih sayang <links>,penyebar_konten_porno
gue bukan yang kontra lgbt tapi berita berita yang kayak begini membuat gue parno kayak apa if my future husband is a gay indonesia berat untuk hal kayak gini kamu bisa bisa dibenci masyarakat tapi menutupi jati diri kamu dengan berkeluarga juga itu not a good idea,non_porno_non_prostitusi
dibanding beli go xxxd dengan ongkos kirim 4000 aku pakai kakiku jalan 20 menit dari kampus ke tempat makan cari makan juga yang banyak terus harga lumayan disini tiga belas ribu kamu dapat telur dadar ayam kare sama sayur tumis kacang panjang mamen itu lumayan,non_porno_non_prostitusi
gajadi aku juga suka nete soalny wajah bersungguh sungguh atau mengembuskan napas atau menahan kesal,percakapan_porno
kode kilo alfa november golf echo november kode dipecahkan sange,percakapan_porno
dan momo itu gay panic banget coba ya awlah bayik2ku,non_porno_non_prostitusi
itu anaknya bos kamu yang bos telkomsel wah cebong tolol anak bos sendiri dituduh radikul ge save dulu ah cuitan cebong ini nanti ngeles kayak sih katak pembina bencong,percakapan_porno
kamu gapantes merendahkan suatu profesi semua ayah kerja keras susah payah mati matian banting tulang buat menyenangkan anaknya kamu orang baru nylonong masuk segala pak ngejatuhin gue anak tukang bengkel tetapi gue bangga bahagia punya sosok ayah yang tangguh gagah dan gak banci kayak lo,non_porno_non_prostitusi
apaan deh ngentod,percakapan_porno
mana foto itu mucikari papasan di jalan tumbuk palanya anakindonesiaanakkita,percakapan_porno
tak tau how to explain it tapi cerita kamu itu kesannya dewasa terus to the point begitu wkwk,non_porno_non_prostitusi
mosok iyo cadbury rasa jembut,percakapan_porno
om sudah ngaceng blum wajah dengan tangan menutupi mulut wajah dengan tangan menutupi mulut,percakapan_porno
member weki meki mungkin terutama ji suyeon,non_porno_non_prostitusi
done satu yaaa yang beli konten menang free video call sex minggu ini masih ada 4 slot lagi ayo beli konten rajin twit nya menjulurkan lidah dan memejamkan mata menjulurkan lidah dan memejamkan mata menjulurkan lidah dan memejamkan mata menjulurkan lidah dan memejamkan mata,penjaja_seks
ah pecun,percakapan_porno
menurut gue lo itu keren dan hebat bisa tobat dari penyimpangan sosial saran gue kamu harus mengajak teman teman kamu yang masih lgbt dan kamu pasti lebih gampang merangkul dan mengajak teman kamu yang masih terjebak di dunia lgbt,non_porno_non_prostitusi
open video call sex ready ayo isi slot nya info rr wa telepon 083197799567 menunjuk ke kiri via rek via pulsa real trusted kembang sepatu vcsbugil sangeberat vcstrusted tantesange vinagarut vcsyuk bugilhot vcscroot vcscolmek vcsberbayar vcsreal vcscroot colmek bugilhot genjot <links>,penjaja_seks
lu siapa sih sampai tau mereka menjadikan keluarga cuma buat kedok jadi gay kalau mau memberi pendapat itu yang wajar wajar ae ya kalau salah ya salah tidak usah kamu tambahkan embel embel kayak begitu sok tau banget kamu gblk,percakapan_porno
mmmm di luar itu ada tidak sya maksud gue selain karena kamu ada disana kenapa pro dengan lgbt,non_porno_non_prostitusi
lah iya bokong wkwkwkwkw,non_porno_non_prostitusi
sekalian saja kontol memek jembut ngentot tai bangsat tolol idiot babii anjroot anjritt bego,percakapan_porno
iya boleh tapi disitulah letak perang kita terhadap sayiton kalo kita biasa biasa saja merasakan ngaceng tanpa istigfar bisa2 buat dosa saja biasa biasa saja lol hllh,percakapan_porno
untunglah bapak kamu tak macam kamu kalau bapak kamu macam kau kamu tidak akan ada didisini apa kamu tidak bisa bedakan vagina dengan lubang taik dasar taik lu <links>,percakapan_porno
open vcs berbayar real kembang api kembang api kembang api no tipu tipu 082179455719 vinagarut bugilhot vcsline vcsberbayarpulsa vcscrot vcs berbaya,penjaja_seks
ternyata masih ada iya orang yang suka kirim pap titit ke direct message orglain berkali kali jiji tau tidak lu,percakapan_porno
ukhtea lagi sange ingin di entot wajah memberikan ciuman dengan mata bahagia wajah meneteskan air liur mau lihat lanjutan ukhtea yang lagi sange langsung join kesini saja sayang → <links> ← forum bagikan 18 video asia video bule video igo abg tante amatir video indonesia cerita dewasa <links>,penyebar_konten_porno
jdi ngaceng ni,percakapan_porno
liburan memang paling enak ngentot drpd tidak kenapa apa mending enak enak sama gw buat yang mau booking dm aja anyway g,penjaja_seks
sumbar itu kebanyakan orang mesum dan lgbt tapi sok syar i cuih,percakapan_porno
ya allah amit amit jabang bayi air mata bahagia gapapa sudah gay tapi jangan menyusahkan anjriiittttttt yg benar benar saja kamu kalau mau gay ya sudah gay saja begitu menangis sedih banget istrinya <links>,percakapan_porno
mending nikah muda daripada zinah pengen banget gue tarik kupingnya terus bilang lo nikah buat ngewe doang ya anjing,percakapan_porno
kampang kagettt,non_porno_non_prostitusi
toilet duduk dipakai jongkok gw tidak bisa bayangkan bokong gue menempel di bekas bokong orang lain wajah netral klo tidak jongkok juga tidak afdal wkwkwkkw,non_porno_non_prostitusi
iya ini memek tembem,percakapan_porno
bayangin coba itu anak kamu yang digtuin kontol mulut sembarangan saja kalau ngatain,percakapan_porno
yah kontol juga kamu pak lama lama <links>,percakapan_porno
ni kontol banget jujur mau bagaimanapun p jennie tetap perempuan ya bajingan tolong deh otak kamu dipakai bangsat <links>,percakapan_porno
garuk apa sih tong titit kamu gatel,percakapan_porno
aku berusaha berpikir positif tapi penglihatanku itu semperti mengemut kontol wajah menangis keras atau menangis tersedu sedu,percakapan_porno
ya sudah kamu tinggal bilang ky gitu gak usah bilang agama yang bolehin lgbt sesat,non_porno_non_prostitusi
hayang ngewe sange,percakapan_porno
mirip pecun kalijodo,percakapan_porno
emg dasar homo kalau tidak bagikan foto abs foto kontol kalau tidak foto cipokan iw untung aku str8,percakapan_porno
iya mau jagoin ayamnya padahal bang jago ngaceng lihat paha ayam tetangga perkara nafsu birahi memang bikin orang transparan insting sih wajah dengan tangan menutupi mulut,percakapan_porno
daripada tidak menikah sama sekali daripada menyimpang lgbt menikahlah hidup lebih berkah dunia sudah rusak dengan perzinaan kini ada gerakan stop perkawinan dini,non_porno_non_prostitusi
tapi aku masih tidak percaya jadi bertanya lagi ke marsya terus marsya jawab gatau aku kan mau beli nasi pecun tapi pas aku bertanya gitu ghani ngedenger dia mengulang lagi emang benaran sudah masuk kuliah ya terus kalau tidak salah dijawab sama anas iya,non_porno_non_prostitusi
heh bukan begitu ya klo kromosom kamu xy sudah di pastikan punya sifat laki laki bukan bencong biseksual tai kuceeng,percakapan_porno
bales ngentot kamu amjeng berguling guling di lantai sambil tertawa terbahak bahak wajah gembira berurai air mata,percakapan_porno
kupu kupu malam cerita sex ratna janda penjual pecel jadi pembantu pemuas nafsu ku <links>,penyebar_konten_porno
lu gacape apa kontol kontol terus makan kntol kamu sndri,percakapan_porno
bersyukur goblok bukannya cuma dapat ini cuma dapat ini ngentot kamu bgst,percakapan_porno
kan kamu gay jan,percakapan_porno
porno feminis lagi ewe anak laki laki enak banget sayang lanjut terus sampai pagi orang mengisyaratkan tidak enggak mau ah apa an gua nya diam saja malah kamu yang teriak teriak lalu cowoknya tidak bisa ngaceng lagi seumur hidup,percakapan_porno
gue menaksir kamu kok to yuk ngewe,percakapan_porno
vclip penuh bokong wajah gembira berurai air mata wajah gembira berurai air mata wajah gembira berurai air mata wajah gembira berurai air mata,percakapan_porno
kek kamu yang pro lgbt haram ya haram kontol kok masuk lubang tai najiss,percakapan_porno
padahal ini konten yang menarik tapi masih saja ada perdebatan dasar kontol kamu semua,percakapan_porno
grup bokep join saja kak link <links> bokepviral bokepterbaru bokepabg bokep2020 bokepindon,penyebar_konten_porno
ujan mulu sange mulu terong,percakapan_porno
unit reskrim polsek koja menciduk tiga mucikari yang mempekerjakan anak di bawah umur sebagai psk di kawasan semper koja jakarta utara para mucikari mendapatkan anak di bawah umur tersebut dari daerah cianjur jawa barat 8ukasindo <links>,non_porno_non_prostitusi
kalau memang tidak mau jadi ibu jangan ngewe jangan hamil jangan ngelahirin kasian anjir anak kamu diperlakukan kayak gitu dia tidak salah lo yang tidak punya otak,percakapan_porno
ini film xx tuh gaes bukan bokep dheya nih memang hobinya nethink <links>,percakapan_porno
cowo pada kenapa sih pas sange saja ngechat giliran tidak sange chat ku tidak dibalas kontol musnah saja lu,percakapan_porno
njirr kamu ngewe sama zombie,percakapan_porno
pede banget sih pantat panci wajah senang atau tersenyum,non_porno_non_prostitusi
alah ngentot nikah saja kamu sama lutfi anjg,percakapan_porno
bahasa indonesia bahasa inggris jepang korea hem apa lagi ya oh bahasa panda anjg kok gue baru tau kampang <links>,non_porno_non_prostitusi
6 tahun menunggu kamu pulang dari penjara berharap bisa menikah dan bahagia ternyata cuma buat di sakitin hobby bersetubuh sama psk bener bikin gue jadi frustasi,percakapan_porno
iye iya jembut iyeeee,percakapan_porno
sekarang masih dewasa tuh kalau kumpul bareng sahabat yang dekat tuh rasanya kalau sudah mengobrol cerita dan tertawa tertawa itu sampai lupa dan sudah gue gamikirin lagi memegang handphone dan swafoto di unggah di sosial media dan menurut gue it s feel good,non_porno_non_prostitusi
jangan jadikan alasan menderita buat menciptakan penderitaan pada orang lain wajah senang atau tersenyum siapapun kamu mau lgbt mau straight jangan pernah menyakiti orang yang tidak berdosa dengan dasar karena kamu mengalami penderitaan wajah senang atau tersenyum tidak ada pembenanaran apapun untuk hal itu <links>,non_porno_non_prostitusi
kolong wewe makan petai abis ngewe ngeremes tt,percakapan_porno
kamu kenapa tolol banget sih jadi orang anjay anjing anjir kata sepele saja dipersulit kau baru kaget nongkrong apa gimana kontol,percakapan_porno
avail malang yuk keep slot nya sayang menyentuh hati atau memberikan ciuman hati menyentuh hati atau memberikan ciuman hati info rr dm tanda cium wa mawar include exclude mawar angelmalang availmalang malangbo bomalang kimcilmalang bispakmalang bokinganmalang bomalang malangbisyar angelmalang realangel kimcilmalang openbo openbooking malang <links>,penjaja_seks
it s ok gamasalah kamu kalau memang tidak suka sama bts tapi bisa tidak kamu tidak menganggap masalah orang lain itu enteng gini ya kontol lain kali kalau tak tau fakta lebih bagus diam kalp rajin cari bener2,percakapan_porno
gue merasa ini kayak cerita bokep jadul anjir lupa judulnya,percakapan_porno
kamu lagi ngentot,percakapan_porno
maho lu,percakapan_porno
tidak usah khawatir itu kalau belum pernah melakukan tidak mungkin banget itu tanpa sex kayak cerita nabi saja d tetap jaga kesehatan ya jantung atau hati,non_porno_non_prostitusi
kalo mew jadi dosen dikampus kamu paling tiap hari diajari gambar titit chopper soalnya gampang banget tinggal gambar garis sudah deh jadi wajah menangis keras atau menangis tersedu sedu alias kecil banget brou <links>,percakapan_porno
dasar kucing perek senyum keringat,percakapan_porno
risky sudah pindah on dari kamu kontol,percakapan_porno
rp haneul pada jualan memek di tl yang on retweet,percakapan_porno
game babi lonte koar peyusuaian ram terus tetap saja begitu anjing dasar game babi anjing,percakapan_porno
open bo kota batam beb tanda cium slot malam ini terbatas info rr dm bobatam bokinganbatam openbobatam availbatam wpbatam ang,penjaja_seks
kalo kamu tetap kontol dedy pantek tidak usah membela diri,percakapan_porno
wkakaka gue mau pakai akun asli di blok sama admin gay kamu tuh,percakapan_porno
semoga ketemu dia dicari anak babi sih jangan kayak banci sih abu janda kamu ya dicari ke rumahnya ilang,percakapan_porno
ngeles mulu kamu woi merasa paling benar dan tidak mau kalah itu bukan basic manusia sadar mbak situasi kondisi pandemic kamu influencer tidak beda kelakuan kayak lutfi anjir hal yang tidak penting dan tidak merugikan kamu ribetin kontol luffy karet,percakapan_porno
<links> bokep online nama nama video bokep foto memek thailand gudang video bokep japan unduh gratis video porno korea menonton bokep terlaris bokeb 8 dokter toge vdio porno xxx hot thailands,penyebar_konten_porno
jangan divideoin mas videobokep videongentot videohot videomesum2018 bokep bokepsma bokepjepang bokepsmp bokepjav bispakjakarta bisyar bispak bisyarjogja <links>,penyebar_konten_porno
apasih ngentot banget kamu orang,percakapan_porno
medan malah berak orang pula yang sibuk kau urusin dasar jawa kontol kau kontol,percakapan_porno
dahlah terserah kamu pada saja mau memaki gue lonte atau bukan,percakapan_porno
ya terus kenapa kontol apa yang kamu permasalahin dari menyuruh googling analogi analogi nya saja cacat anjing analogi itu yang apple to apple kamu mau nge analogi in tapi cacat logis nya ya tolol pasar ikan bau amis kalau ada bau badan nya gmn yeh bego wkwkwk,percakapan_porno
kamu lebih kntl,percakapan_porno
sebab kita nak terapkan rutin tidur untuk dia sebelum tidur rileks baca buku dengar c,non_porno_non_prostitusi
bcanda kok mengajak ngewe mana tidak meminta maaf lagi wkwk pada banget lu,percakapan_porno
sumpah anjing ya lo di diemin makin nyolot malah sampe spread video porno lagi anjing otak lo dimana ngentot,percakapan_porno
hadeeeeh vpn jelek gara gara bokep doang gue wfh buat ngakses server kantor ya pakai vpn vpn itu salah 1 metode koneksi aman,non_porno_non_prostitusi
cerita dewas pacarku doyan digoyang di apartemennya untuk cerita dewasa silahkan menuju link berikut link » link » <links> partai99 agenbola pokeronline bandarq agenpoker sportbook ceritadewasa agenonlineterpercaya <links>,penyebar_konten_porno
buat yang berbicara ke emak gue ngapain pulang cepat kan sudah tidak ada pasangan pas di arisan tadi lo anjing bangsat babi monyet kampang gue tunggu suami lo mati,non_porno_non_prostitusi
ini kalau kamu punya kntl dm gue sini <links>,percakapan_porno
makasih banget kadonya yee anak gue nete saja belum sudah dikasih kado begini wajah gembira berurai air mata <links>,non_porno_non_prostitusi
ya karena banyak juga wanita yang memilih bad boy kan bad boy yang hidupnya keras lebih preferable daripada laki yang klemar klemer apalagi spesies wota dan weeaboo yang sukanya menonton anime lesbi,percakapan_porno
ada sunblock juga jenn kenapa sih kamu selalu minum jus tomat kata temannya july buat kecantikan dong jul tidak lihat nih muka gue mulus banget kayak pantat bayi kataku kepada july sambil terkekeh ia setiap orang yang bertanya jus tomat jennie selalu menjawab untuk kecantikan,non_porno_non_prostitusi
ga tau jun kamu tidak ada akhlak bisa bjsa nya mengirim gambar bakso wajah bersin itu toge nya krenyes2 banget pasti anjir wajah bersin wajah bersin wajah bersin,non_porno_non_prostitusi
mending jadi gay tapi tidak ngesex dari pada jadi straight tapi suka ngesex ew kamu babik,percakapan_porno
hidup itu kayak titit pendek kejer mimpi kamu mumpung masih bisa,percakapan_porno
ngeliatnya doang pukulannya berasa di pantat w,non_porno_non_prostitusi
kek punya titit saja lu,percakapan_porno
crot dalam dua nya wajah meneteskan air liur wajah tersenyum dengan tiga hati fullnya langsung kesini saja sayang → <links> ← forum bagikan koleksi 18 gratis daft,penyebar_konten_porno
kayak memegang bukan mucikari,non_porno_non_prostitusi
yaelah warganet repot banget kamu pada ngentot <links>,percakapan_porno
lah sih anjing kalau semua kata brmasalh kenapa kamu tidak pindah negara kontol,percakapan_porno
basi kamu kntl,percakapan_porno
makin dewasa makin tidak jelas ini alur cerita hidup,non_porno_non_prostitusi
siang sayang availl vcs bebayar dolar real akun 100 tarif 150k 1jam full body full face bayar via rek pulsa tsel ngak,penjaja_seks
enak bumbu kacang begitu tapi ya toge coba kamu googling aja,non_porno_non_prostitusi
ngaco untung ini kita debatnya di ruang publik jadi orang lain juga bisa lihat betapa ngawurnya logika berpikir lgbt supporter,percakapan_porno
avail ya sayang ponorogo wajah malaikat maen santai gfe poolll di jamin tidak menyesal wajah tersenyum lebar bermata hati rr by direct message wa panggilan masuk atau telepon masuk 62 853 4655 5519 kembang sepatu panlokp,penjaja_seks
eeeee kontol kemarin bilang di ig mau pamer badan ya suka suka standar ganda lo tai jilat itu ludah sendiri di ig kamu post bahwa kamu mau pamer toket minipun tidak ada yang boleh komen nah sekarang kamu komen pantat orang feminis tai kucing lu,percakapan_porno
lu dibilangi anak lonte goblok woiiii,percakapan_porno
film semi bokep ini mengisahkan pria mesum yang melecehkan dan menyiksa seorang gadis spg yang sedang menawarkan produk door to door <links> filmsemi filmsemiterbaru,penyebar_konten_porno
kontol kamu sang partai saja bgst gua smash muka kamu jadi ganteng nanti wkwk,percakapan_porno
ngakak poor ojuc mau yang begimana njir berasa mucikari cwosedih atau cemberut,percakapan_porno
tolong sisakan sedikit hati nurani saat beropini terima kasih kamu kntl,percakapan_porno
umur 22 jadi bahan check 1 omongan keluarga kamu kapan nikah 2 omongan teman yang sudah menikah kapan nyusul 3 omangan tetangga jodohin saja anaknya ama anak saya gua kira gue burung anjimwajah senang atau tersenyum 4 tutup mulut anda lo kira nikah cuma modal kontol umur22,percakapan_porno
retweet gadis medan kulum ngemut kontol enak punya pacar horny memek colmek colokmemek jembut memekbecek n,penyebar_konten_porno
astaga bodoh bat wajah gembira berurai air mata wajah gembira berurai air mata tidak ngejawab pertanyaan gue malah tanya balik mending kamu jawab dulu pertanyaan gue soal dosa dosa lain sudah selain lgbt daripada menyalahkan sepihak padahal tidak sadar diri ternyata sama sama pendosa wajah gembira berurai air mata,non_porno_non_prostitusi
bacot kamu kuman kontol kamu buta arah ada lubang memek malah ingin lubang bool,percakapan_porno
coli gabole tar kalau kamu gantian coli dicakar itu titit tengkorak,percakapan_porno
kontol loe,percakapan_porno
12 tahun bergemelut dengan buku 12 tahun belajar ilmu 12 tahun sekolah sudah lulus malah open bo kan goblok,percakapan_porno
kontol bcot benar betina stfu bitch kamu siapa nyuruh2 orang buat jadi perfect let them enjoy theit life,percakapan_porno
bocil2 teriak teriak eh eh itu kamu ono kntl apa aku tidak terkejut,percakapan_porno
gua heran pada pelaku lgbt kesempurnaan dan keindahan perempuan kayak begini masih bikin kamu horni sama cowok dude otak kamu korsleting deh coba benarkan dulu ke tukang listrik <links>,percakapan_porno
ku sumpahin kau kankwr anjg kya gtu biar lu mampus masok aja lu neraka jahanam sna ngentot ndk butuh manusia kaya lu yg gk punya etika lahir gk lewat rahim gni nih semoga anak lu cacat mandul jengggg,percakapan_porno
orang yang maish dukung lgbt mending kamu tobat egoo,non_porno_non_prostitusi
lo semua kontol yang cuma berani speak up lewat fake account,percakapan_porno
ngentod ketauan,percakapan_porno
ke santet word burung biru jablay,percakapan_porno
dia bilang kamu cowok apa bencong terkenal gara gara menari mata bibir atau mulut mata,non_porno_non_prostitusi
lu yang salah gue yang introspeksi diri kontol,percakapan_porno
halah admin banci lambe lamis sok mencari panggung tidak usah mengurus idol gue njing gak ada yang menyenggol tapi main bacot idol kamu doang yang berpendidikan kamu nya kagak tai,non_porno_non_prostitusi
<links> anak di bawah umur untuk dijadikan psk 3 pelaku mucikari dibekuk polisi pikiran rakyat pr cirebon unit reskrim polsek koja berhasil mengamankan 3 orang pelaku terkait kasus prostitusi online hak cipta ketiga orang terseb,non_porno_non_prostitusi
pda meminta pap kontol di kirim tidak pada percaya kok gede giliran di video call pada tidak mau dasar cewek jadi jadian,percakapan_porno
gue yang nete,percakapan_porno
open bo dan vcs say menyentuh hati atau memberikan ciuman hati wajah tersenyum lebar bermata hati cobain sensasi rasa pacar pasangan dengan hati harga promo ya sayang rr dm includejogja bojogja bojogj,penjaja_seks
kalo kamu gemukan sedikit gue juga masih mau sama lu lu cakap ci tapi tepos berisik banget kontol kamu gacape nyinyir fisik gue kamu laki anjrit mulutnye benar benar sudah huek,percakapan_porno
di suatu penjara anak perempuan berkulit putih kuning langsat lu di penjara masuk jalur apa sis wanita berkulit putih kuning langsat narkoba sis kalo kamu anak perempuan berkulit putih kuning langsat biasa sis habis ngewe sama laki orang wanita berkulit putih kuning langsat kamu sis anak perempuan berkulit coklat gelap mari mematikan bojoku sg ngewe sama wadon liyo sis anak perempuan berkulit putih kuning langsat wanita berkulit putih kuning langsat berteriak epik anak perempuan berkulit coklat gelap awakmu ayo opo sis kok ketok seje wanita memakai jilbab berkulit putih seperti ras kaukasian aku mentwit anjay,percakapan_porno
itu tradisi bisa jd atau mungkin memang keinginan atau impian mereka atau ada cerita tragis yang tidak kamu tau dari mereka enteng banget anjing kalau beropini dan bertanya gue lebih appreciate mereka yang brrani ambil langkah menikah muda ketimbang yang taunya ngewe doang tetapi belum nikah anjing,percakapan_porno
kangen makan ayam geprek pecun di kampus,non_porno_non_prostitusi
klo tidak di depan orang kayak babi sange,percakapan_porno
gausah jelek²in orang kelakuan kamu kayak lonte paham,percakapan_porno
ngeluh mulu hidup kamu ajg kerja tidak ada yang tidak capek kerja jadi lonte saja capek,percakapan_porno
anjir kamu kuat benar sama banci kaleng,non_porno_non_prostitusi
dasar mtv matre cari perhatian kontol anjgggg,percakapan_porno
kontol tidak masalah kan kontol buat kamu <links>,percakapan_porno
apansi sok iya kamu kontol,percakapan_porno
diem kamu kontol <links>,percakapan_porno
asal tidak labil ngewe yang,percakapan_porno
sekalipun di dalam agama sih orang lgbt ini lgbt dilarang itu urusan dia dengan tuhannya walaupun tuhan kita dan dia sama kan orang mempertanggungjawabkan perbuatannya masing masing di hadapan tuhannya gak mungkin kan kamu disuruh tanggung jawab karena tetangga kamu homo lgbt,non_porno_non_prostitusi
ni jablay tidak normal,percakapan_porno
yang short saja deh titit kamu pendek pasti kan,percakapan_porno
sudah ready ya bebb promo b o deposit 50 free messeg 45 menit masih avail ya kak wa ponsel 088245745788 ready karawang info lebih lanjut dm bunga tulip openbokarawang bunga tulip bisyarkarawang bunga tulip cewekpanggilankrwng bunga tulip bokarawang bunga tulip lontekarawang bunga tulip bispakkarawang <links>,penjaja_seks
ngentot nya atas dasar perkataan atau perlakuan <links>,percakapan_porno
repost sela jemari • • • • • • ada pelajaran dari setiap permasalahan bersikap dewasa dalam menyikapi berpikir bijak dalam menghadapi selajemari partner cerita senja3 foto pinterest musik sleepyfish <links>,non_porno_non_prostitusi
open bo vcs cari serius jogja no php info rr via dm surat cinta bojogja bispakjogja wpjogja angeljogja availjogja openbojogja jogjabo wisatalendirjogja jogjaincluderoom jogjabispak lendirjogja jogjabisyar jogjalendir <links>,penjaja_seks
kamu kontol,percakapan_porno
masih lurus sih gua kalo mau lesbi juga liat2 lagi kalo sama lu ogah,percakapan_porno
heh ngentoddd kamu memaki sahabat gue lonte kamu apa pecun perek urus saja dulu diri kamu yang bau itu enggak usah uruskan sahabat gue mulu dia tidak kenal kamu eh malah kamu usik mulu cihhh,percakapan_porno
hallo sayang open video call sex nih yang mau order bisa wa ya say jantung atau hati jantung atau hati wajah tersenyum lebar bermata hati wajah tersenyum dengan tiga hati wa 089514888147 line barbievina54 openvcs vcscolmek vcsbugil realangel vcs vcscrot malamminggu dirumahaja realaccount realvcs smsemmx bugilhot balihot vcshot sange aaaaaaaaaa <links>,penjaja_seks
jadi gay pada cakep setidaknya jangan bego bego amat sih malu memalukan saja kamu pada emg tolol <links>,percakapan_porno
pencegahan lainnya yang dapat dilakukan adalah minum banyak air putih membasuh organ intim dari arah depan ke belakang setelah bak atau bab untuk mencegah bakteri dari area anus menyebar ke vagina dan uretra,non_porno_non_prostitusi
temenku bilang begini korea mulu kamu banyak lesbi homo trus apa bedanya sama kamu yang nge idolain pemain bola ajg santai dan senyum,percakapan_porno
cerita dewasa winny putri lubis menunjuk ke kanan <links> colidirumahaja bacol ceritahot ceritaseks ceritasex c,penyebar_konten_porno
guenya mana kntl,percakapan_porno
cororong aksksksksks takut ludshnya muncrat,non_porno_non_prostitusi
sorry berdoa atau dua telapak tangan menempel bakalan ngeboikot pria mengisyaratkan tidak dilarang yang namanya hujan tetesan keringat awan dengan hujan tidak ada hujan tidak ada pelangi pelangi rain is gay bendera pelangi wajah muntah,non_porno_non_prostitusi
susah jadi kang toxic mah mengetik ngentot sono langsung di kick xoxoxo kek seakan akan kamu pada sok alim padhal otak selangkangan ya kan xoxoxo just fun dude don t rusuh rusuh lah wajah gembira berurai air mata,percakapan_porno
pernah dibeginikan gue gasin aja idih kalau gue lesbi juga ogah sama lu,non_porno_non_prostitusi
cowok kok main boneka ih kayak banci woy serah dong lo main futsal saja gue biarin <links>,non_porno_non_prostitusi
titit kamu pengangin kayak mau di tarik lesing tad,percakapan_porno
pengikut kamu ada gay,non_porno_non_prostitusi
jembut,percakapan_porno
wah ada keributan susanti memantau dengan manisnya aku pun nak menawarkan ke mail cd bokep edisi terbaru nih kawan kawan sekalian belikan hadiah buat ehsan karena dia pindah rumah vamosmakrab <links>,percakapan_porno
disunat dulu itu titit jangan kalah sama anjingnya ahok hehehe,percakapan_porno
dikit2 islam yang di salahkan dasar kamu kontol kafir salibis,percakapan_porno
cj anjing tai bangsat kontol monyet babi gue benci banget sama lo,percakapan_porno
bokep asia crot <links>,penyebar_konten_porno
belum saja titit kamu dijadikan makanan anjing,percakapan_porno
buat orang yang suka memberi alamat gasal menulis telepon susah dihubungin kamu menyusahkan kontol,percakapan_porno
bagi banyak orang mungkin yang kayak kamu ini cupu nder tidak gaul kurang jauh mainnya tapi buat gw sama saja sih 19 taun titit dipake pipis doang brooowww wkwkwkwk maaf bercanda,percakapan_porno
setiap orang punya opini masing aduh tan gue sudah nahan nih kamu kayak begitu sama saja kamu tidak ada pendirian lagi pula kalau dia open saja kan belum tentu dia mencari partner bisa jadi dia cari teman atau yang lainya tolong dong otaknya jangan cuma ngawa ngewe gue cowok malu liatnya,percakapan_porno
menu yang bisa bikin nafsu adalah menulis cerita bokeb dan menunggu video bokep di puter,percakapan_porno
sama saja kayak kamu memang hero supp itu kntl,percakapan_porno
hadoohhh gue kira ikut ke tangkap kamu yang pesta gay kmrn menyeringai menyeringai,percakapan_porno
beli beras sama tepung trigu alah kontol lu,percakapan_porno
njrot gue kira maksut kamu lonte nun gue pikir keras wajah menangis keras atau menangis tersedu sedu wajah menangis keras atau menangis tersedu sedu,percakapan_porno
iya makannya harus diam tidak boleh ada kebuka sedikit nanti muncrat 2meter,non_porno_non_prostitusi
cuma teman ttman kok teman tapi titit masuk wajah menangis keras atau menangis tersedu sedu,percakapan_porno
mau dia virgin atau ga semua cewek itu harus dihargai kamu nikahi cewek ya memang itu jodoh kamu bukan cuma mengincar perawan sama ngewe doang anj,percakapan_porno
avail bo morning sex ya jantung atau hati info rr dm wa 083803062249 ditunggu ya sayang menyentuh hati atau memberikan ciuman hati menyentuh hati atau memberikan ciuman hati openbomedan availbomedan lendirmedan anglebomedan includemedan excludemedan openbokingmedan bisyarmedan cewekbispakmedan anglebokinganmedan recomendedbomedan recomendedanglemedan <links>,penjaja_seks
iydh kamu jelek merendah demi meroket banget kntl,percakapan_porno
kamu ngewe lewat pantat berdoa atau dua telapak tangan menempel berkulit putih kuning langsat,percakapan_porno
btw gue ngaceng banget lihat ini ajg,percakapan_porno
tembem amat memek nya,percakapan_porno
maybe i don t know cuman kalau lo mau mempertanyakan kenapa lgbt dianggap salah dan dosa dalam agama ya bego sih,non_porno_non_prostitusi
avail vcs yang mau video call sex sama amora langsung saja ready ya ayo horny wa 083897079106 ponsel real 100 realaccount realangel realvcs vcs vcscolmek vcsbugil vcstrusted vcshot vcs berbayar bahancoli bugilvcs ceritadewasa <links>,penjaja_seks
kalau jadi kamu ya jaga privasinya udahlah yang tau semuanya cukup lo dia dan tuhan dan kayak begini itu seharusnya sudah terpikir sih tidak perlu ditanya di base common sense dipake otak isinye jangan ngentot doang,percakapan_porno
akun lama ke suspend menangis ready open bo dan vcs tetesan keringat info dm wa 081549732960 openbotanggerang botangerang openbooking availbooking botangsel openbotangsel aviltangerang openvcs openvcsreal vcsbugil vcshot,penjaja_seks
lu yang membuang anak ayam jablay gue mei kembalikan kamu sudah 3 bulan dia tidak pulang,non_porno_non_prostitusi
pantat kan memang bolong,non_porno_non_prostitusi
mbar kamu benaran definisi jomblo jablay kebelet pacaran tau nggak lo itu pakai muka org vibesnya jennie memang berkelas tapi plih lah iya mbok utekmu itu dinggo to jangan bikin face klaim jennie tercemar gak kasihan apa sama chara jennie lainnya,non_porno_non_prostitusi
hey pria janganlah jadi bencong ideologi kiara artha proyek rrc di dampingi langsung oleh wakil pm rrc di kasih izin nya sementara ada mantan atlet sampai sakit keras harus hidup di tenda korban kebijakan radikal ridwan kamil jadi kamu itu jangan kayak bencong bicara ekonomi <links>,percakapan_porno
sex music music ngewe sambil dangdutan gitu,percakapan_porno
open bo yoyakarta wajib uang muka no cod no tipu tipu serius direct message wa 082381891956 openbojogja angeljogja realbojogja bojogjacod b,penjaja_seks
kok kamu yang ribut sih lonte,percakapan_porno
oh iya kamu sekarang kontol hunter,percakapan_porno
kenapa kamu jadi ribet di lapak gue kntl,percakapan_porno
lu bego sih dikasih tau logika lurus yang kamu bahas malah ngewe wkwkwkw,percakapan_porno
caper banget iya ngentot gua gampar lu,percakapan_porno
iya mphie tar sore gue tunggu gue jembut dah,percakapan_porno
apa kabar jembut ireng bagaimana jadi debat masalah orang gantung diri tidak berani ya gue tau kamu tidak punya nyali main blokir aja asudahlah dong tow berguling guling di lantai sambil tertawa terbahak bahak berguling guling di lantai sambil tertawa terbahak bahak berguling guling di lantai sambil tertawa terbahak bahak,percakapan_porno
ready ya hati yang berputar panggilandadakan juga bisa wa 083892088384 bojaksel bojakpus bojaktim availjaksel availjakpus availjakbar bisyarjaksel bisyarjakpus panggilanhotel panggilandadakan exclude excluderoom excludejakarta vcs panlokjakarta bisyarjakarta bokemang panlok <links>,penjaja_seks
yang mau fullnya yang mau terangnya bisa direct message kok tungguin aja seru parah mainnya bikin muncrat kemana mana hehe ingin tahu ya,penyebar_konten_porno
nete yang mana dulu ini kak bulan baru dengan wajah untung dn nya benar kalau tidak sudah nate tabok air mata bahagia,non_porno_non_prostitusi
cerita hal yang serupa seringkali aku dapatkan dari beberapa clientku permasalahanya pun hampir sama kurang mendapatkan kepuasan gaya sex yang monoton suami yang egois dan tidak pernah melakukan roleplay gigolotangerang gigolojakarta gigoloindonesia jumatberkah suami,percakapan_porno
berkaca dan lihat saja wjahmu sudah kayak komodo jablay xixi,percakapan_porno
gua kalau jadi kamu malu nder punya pacar atittude nya kayak kontol,percakapan_porno
lo kebanyakan ngentot kamibergerak,percakapan_porno
tmn gue ada yang gay dan pacaran sama suami orang pas dia curhat kena hiv yang pertama gue tanyakan tapi kamu kalau gue sama sih a pakai kondom kan pas dijawab enggak gue lemas anjir terbayang bagaimana istri sih pacar yang tidak tau apa apa tapi kena juga,percakapan_porno
bokep teros,percakapan_porno
wkwkwkek jembut wkwkwkwkkwkwkeke,percakapan_porno
lu sudah broken inside and outside nathan bodoh gue sudah bilang sama kamu dari dua bulan yang lalu buat rest orang leave biar kamu bisa lebih sehat lagi tapi apa kamu malah stay malah menambah menambahkan beban sama masalah buat diri kamu sendiri kamu yang kontol kamu yang bangsat nathan,percakapan_porno
waktu itu anaknya gue aborsi karena gebetan gue barusan mengakui dia maho,percakapan_porno
gini ya gue kelihatan kayak orang tidak punya otak di lini masa bukan berarti bisa seenaknya kamu direct message gue mengajak cuddle ya kontol,percakapan_porno
kalok aku bikin cerita gay fiksi maupun real banyak yang mau baca tidak gaylokal gaysurabaya gaysidoarjo ceritagay,penyebar_konten_porno
maksudnya kamu maho,percakapan_porno
vcs yuk tante kontol gede nih,penjaja_seks
setuju akhirnya ada yang berbicara begini wajah memelas soalnya orang orang suka jwb ya biarkan saja gue suka yang penting gue kan tidak gay lesbi lah kamu suka sama saja memaklumi perbuatan mereka dong wajah memelas,percakapan_porno
avail tanda cium jaksel serius langsung dm wa 6282255173942 bikini availjaksel bokingjakarta jaksel jakartabo angeljakarta ja,penjaja_seks
hai sih kontol lu kira menghilangkan itu semua gampang mek lu kira diet gampang mek lu kira yang kamu mengucapkan semua itu gampang buat dilakuin,percakapan_porno
gua sambit nanti pantat nya kalau macam macem,percakapan_porno
link > <links> kumpulan cerita seks cerita mesum cerita hot online bersambung dan one shot bokep ceritabokep ceritamesum ceritaseks ceritadewasa ceritadewasangentot <links>,penyebar_konten_porno
dasar bencong,non_porno_non_prostitusi
lo kalau tidak bisa nakal jangan mengajak orang dong kamu nya kapok gue yang dicap lonte kan anjim berguling guling di lantai sambil tertawa terbahak bahak,percakapan_porno
dih jablay kamu jaenudin wajah bersungguh sungguh atau mengembuskan napas atau menahan kesal,percakapan_porno
yaelah pecun tidak punya malu punya anak 3 masih bayi2 mengomongnya jorok pak akun asli saja yang ini jangan berlindung pakai akun setan pecundang loser,percakapan_porno
sirik terosssss lihat yang mau nikah sirikkkk dibilang cuma ngebet ngewewajah senang atau tersenyum padahal memang dasarnya gue sama dia sudah sama sama seriuss bukannn karena cuma ingin ngewe doang bukannnnn,percakapan_porno
yg pbwibowo itu gay ya,percakapan_porno
bisa diam dulu tidak ngewe gue terganggu gara gara notifikasi kamu pada <links>,percakapan_porno
disaat negara lain sudah kontra cuma erina doang pemikirannya kayak kontol anjir lurus lurus letoy bagaimana gitu gblk banget tidak paham lagi senang kamu punya otak goblok ya,percakapan_porno
avail booking wanita mengisyaratkan ok wanita mengisyaratkan ok rate by dm wajib dp include exclude apartemen mutiara bekasi availbekasi realangels openbobeka,penjaja_seks
kalau sange kirim no wa lah,percakapan_porno
lu saja paling belum pernah ngewe,percakapan_porno
memang kalau gay kenapa sih nggir tidak terima banget kayknya lo sjw,percakapan_porno
sesungguhnya mereka rezim benar benar anti orang orang lurus dalam beragama semakin lurus beragama dan berwawasan luas semakin tak dibutuhkan negara saat ini rezim hanya butuh orang orang yang loyal dan mampu berhujah untuk memoles kekuasaannya walaupun kualitas banci tetap ia rekrut tidur,percakapan_porno
kasian emak kamu neng gedekan kamu cuma lihat kamu jadi lonte klo ngelonte yang halus lah wajah gembira berurai air mata wajah gembira berurai air mata <links>,percakapan_porno
aachh ngaceng kan jadinya,percakapan_porno
lgbt,non_porno_non_prostitusi
video porno kamu sinting atau bego sih asli tidak jelas u,non_porno_non_prostitusi
mcem orang tolol saja mau jadi tuhan allah suka racist yesus gay coba jlaskan dimana letak dia gay memang di alkitab ada ngjlasin yesus gay yesus saja tidak nikah sampai dia disalib kok telanjang mata kamu buta tidak ngliat ada kain menutupi klaminny allah rasis perasaan tidak deh,percakapan_porno
cewe juga banyak yang ngentot sana sini kenapa cowok doang yang dibangsatin astagfir dimana kesetaraan gender kalian,percakapan_porno
sama om² saja takut gimana kalau kamu ketemu bencong,percakapan_porno
kecuali juyeonnya semua masih avail <links>,non_porno_non_prostitusi
ngewe dulu kalau udh baru kamu bandingkan rasanya gimana,percakapan_porno
bencong jualan meme abis kalau mau dikasih k dia tidak punya namanya juga elbencong wajah gembira berurai air mata wajah gembira berurai air mata wajah gembira berurai air mata wajah gembira berurai air mata wajah gembira berurai air mata wajah gembira berurai air mata wajah gembira berurai air mata wajah gembira berurai air mata wajah gembira berurai air mata,percakapan_porno
hah ini enaknya di sate atau di saus padang titit sebesar gini,percakapan_porno
6 artis yang payudaranya tidak asli aspal <links> <links>,penyebar_konten_porno
kandung bokep <links> 992264942,penyebar_konten_porno
jelas2 kamu yang kemayu dan tidak punya kontol masa info a1 bojong gede gak disamperin berarti memang kamu tidak punya kontol haha <links>,percakapan_porno
gua manusia homo hetero bahkan gue juga bisa menikahi durian dan kol goreng karena itu adalah kesayangan gue 37,percakapan_porno
kalau kamu tidak pernah ngewe itu kenapa garis dua wajah menangis keras atau menangis tersedu sedu wajah menangis keras atau menangis tersedu sedu wajah menangis keras atau menangis tersedu sedu wajah menangis keras atau menangis tersedu sedu,percakapan_porno
sakit hati banget lihat gambar memberi pengarahan sesuai protokol covid19 tapi kamu happy lihat lgbt lomba sepong jangan jangan kamu eo yang menyelenggarakan pesta gay dikuningan nih kok diam saja sama yang gituan lo ada disitu wajah gembira berurai air mata <links> <links>,percakapan_porno
kasih tau juk teman kamu yang jago ngewe itu,percakapan_porno
takut gue kalau orang orang straight bicara lgbt wajah menangis keras atau menangis tersedu sedu,non_porno_non_prostitusi
atlet voly open bo tanggal 26 juni 2020 in out jkt dan private jempol ke atas berkulit sawo matang vcs jempol ke atas berkulit sawo matang jempol ke atas berkulit sawo matang no free wa 0895326393212,penjaja_seks
abang kuli fav penasaran lihat kontol dia,percakapan_porno
ohya lupa memasakkan suami saja di suruh bayar apalagi pap pantat bayar ya maniessst ew,percakapan_porno
kan sudah gue bilang berkali2 gua tidak butuh orang tua kayak lo gua bisa sukses tanpa kamu bedua bahkan kalian semua silakan kamu have fun sama lonte simpanan lu gua bukan anak kalian lagi,percakapan_porno
yang beginian modal kontol doang anjing sis kalau punya kamu tepos tolong jangan berkecil hati tidak semua cowok suka sama yang ttnya gede dan kalau kamu menemui model beginian tendang saja kontolnya,percakapan_porno
open vcs camsex poto sex dan chat sex kalau minat chat langsung wa aku 83132786349 no bocah no tipu no php bagi yang serius aja yang omdo blok bokepviral vcsbugil bokepsma vcs vcsreal ceweksange sangeberat bispakhot bugilhot memektembem realaccount bokep <links>,penjaja_seks
ngewe syg,percakapan_porno
kayak perek anyingsedih atau cemberut,percakapan_porno
emang tolol urusan ngewe saja kamu pinter urusan penyakit menular cuma lihat teman kamu doang,percakapan_porno
eh lgbt tidak uh kamu bilang gue ganteng sory gue normal dan suka cwe beda sama kamu yang suka laki,non_porno_non_prostitusi
ngakak ngaceng lebih dahulu wkwk,percakapan_porno
hei hei heii kalau lewat wajib rep kalau tidak nanti pantat kalian shining shimmering splendid koo junhoe visual koo junhoe vocals koo junhoe perfect koo junhoe best boy koo junhoe sassy raja koo junhoe strong koo junhoe vokal master koo junhoe superior koo junhoe best brother,percakapan_porno
buat yang gay tapi kamu berkeluarga tanpa ada keterbukaan sama istri dari awal fix kamu jahat jahat bgt,percakapan_porno
dari tadi kerja ngaceng mulu ya ampun jadi salting takut ada customers yang notice,percakapan_porno
ngomong ngomong kehidupan pernikahan sudah beberapa hari ini setelah subuh aku tidur di kamar mami karena mami lagi sakit dan papi mengaji di ruang tamu jadi aku yang jagain tadi subuh pas lagi setengah sadar tiba tiba bokong ku ditepuk pelan kayak dininaboboin giu sama mami,non_porno_non_prostitusi
ngentod yuk,percakapan_porno
baperan kamu kontol,percakapan_porno
ngentot seharian yey,percakapan_porno
la mulane niku nyuwon diajari teknik ngaceng ingkang sae yum atau enak atau lezat,percakapan_porno
ga mengerti bola diam kamu anjing udah jelas barca yang tidak mau messi cabut kalo dia tidak keluar sekatang barca rugi taun depan messi gratis kontol,percakapan_porno
dasar mobil kamu tukang ngentot,percakapan_porno
ihhh makin bego dah lesbi guaa,percakapan_porno
cerita dewas pacarku doyan digoyang di apartemennya untuk cerita dewasa silahkan menuju link berikut link » link » <links> partai99 agenbola pokeronline bandarq agenpoker sportbook ceritadewasa agenonlineterpercaya <links>,penyebar_konten_porno
titit kamu sebesar monas hah,percakapan_porno
sumpah nder kok kamu bisa bisanya bertahan sama cowok kayak dia ada hak apa dia berani memaki km anak lonte dll nuntut kamu buat ikut sama dia dia biayain kehidupan km full sehari2 sampai biaya kuliah ikut andil apa dia dalam hidupmu sebegitunya nyuruh2 dan memaki km bjingan emg,percakapan_porno
sakitnya pms hari pertama sama sakitnya kayak titit kamu baru dipotong alias disunat titit dipotong sekali seumur idup gua pms tiap bulan merasakan sakit sampai tidak bisa bangun jinga,percakapan_porno
bikin ngaceng aja,percakapan_porno
udik itu gue kalau habis minum soda langsung sakit tenggorokan senyum keringat dikira sih kemarin karena paketan minumnya soda kan ya meski lemon katanya langsung kayak pilek dan sakit tenggorokan dari bangun tidur menyeringai minum es es kesan juga begitu terutama yang gulanya campuran sensitif wajah kecewa namun lega,non_porno_non_prostitusi
keselek jembut kamu sai,percakapan_porno
open bo toilet wanita bandung st 2jam satu juta bebas crot lt 10 jam 1 7 juta bebas crot vcs 250 jam full bugil bikini include hotel hotel fullservice kiss jilat memek main santai kayak pacar serius dp buat open slot reall account 100 tidak mau ribet <links> <links> <links>,penjaja_seks
suami ibu itu usianya terbilang sepuh si ibu baru 35 dua anaknya sudah kecanduan menonton video porno akhirnya karena sih ibu tidak dapat kepuasan biologis dari suami dia lampiaskan ke kedua anaknya dia punya anak tiri usia 5 th rawatan suaminya si anak dibunuh,non_porno_non_prostitusi
cerita cerita dewasa seperti memikirkan cicilan membayar tagihan listrik masuk angin sehabis pulang kerja hati yang berkilau,non_porno_non_prostitusi
enaknya di dalam memek,percakapan_porno
kemang terbuat dari sange ngewe dan kimcil <links>,percakapan_porno
ngentot kamu jicinta hati wajah tersenyum lebar bermata hati wajah kucing gembira bermata hati,percakapan_porno
lo telat ngentot,percakapan_porno
kumpul kebo yang straight saja tetap digrebek apalagi kumpul kebo gay lu tau kan kalau lgbt itu masih tabu di masyarakat,percakapan_porno
papan clapper open grup brbyr mau lihat video bokep gay lokal brondong bocil artis coli video private gue dll join di grup invite aku di telegram telepon 0895433353500 <links>,penyebar_konten_porno
bisa tidak nder kontol nya ditulis lengkap begitu kental ah kamu bikin gue,percakapan_porno
makanya sih emang nikah cuma tentang ngewe doang pikirin hak kewajiban pasangan itu berat pol apalagi hak dan kewajiban nanti kalau punya anak dasar,percakapan_porno
truss di tambah lagi obrolanya yang di dominasi cowok cowok jadi semakin vulgarrr kayak cerita dewasa,percakapan_porno
otak kamu ngewe terus ajg,percakapan_porno
mati saja kamu kntl,percakapan_porno
buibu atau yang telah menjadi ratu di negeri org kalau nama pada media jasa jangan samaran ya klo2 anak anak2mya tidak kenal terus nete ke wnta lain atau anak jadi anak kalengan,non_porno_non_prostitusi
kontol kamu sudah kerutan tidak mau xixixi,percakapan_porno
sayang seulgi karena cara berpikirnya dewasa banget muda mengerti yah walaupun nih bar bar banget yah kalau seulgi suka cowok bar bar ‘ngegas soalnya gue bukan cowok suka banget ngegas berguling guling di lantai sambil tertawa terbahak bahak jari telunjuk arah ke kanan berkulit putih kuning langsat jari telunjuk arah ke kiri berkulit putih kuning langsat jangan tiba tiba lrp kalau ada masalah langsung cerita jangan dipendam sendiri,non_porno_non_prostitusi
nah iya itu sih gapapa malah bagus kalau bisa debat sehat tetapi gue pernah debat sama org dia gay gue juga gay kok gue tidak setuju sama pendapat dia terus dia bilang kok kamu gay malah tidak support golongan sendiri si sambil marah marah terus didukung sama pendukungnya dia gw balas saja hanya krn,non_porno_non_prostitusi
orang dagang pasar ya jangan disuruh tutup mereka butuh penghasilan buat makan loe yang ketakutan sama corona sudah berdoa saja biar tidak mati kena virus kntl,percakapan_porno
bisa tidak sih pacaran itu yang benar gitu gue jdiin kamu pacar ya karena gue sayang sama kamu karena gue ingin kamu jadi bagian hidup gue bukannya jadi partner ngewe anjim tanpa ekspresi,percakapan_porno
dikarenakan ingin memperbaiki keturunan seekor ayam kampung nekat menikahi ayam kampus,percakapan_porno
udahh video call sex yu sange nihsedih atau cemberut,percakapan_porno
bacot titit kamu baperan,percakapan_porno
karena kamu itu sengaja bikin gaduh bangsa ini jadi kamu puas jika banyak orang yang pro dan kontrak kayak begini lulusan s1 cara edukasi orang lain padahal kamu berkaca deh ibu pacar kamu saja iis dahlia perlu kamu edukasi karena sering pakai bahasa banci di tv apakah tidak merusak morl,percakapan_porno
gue kalau gay adalah sudah ikutan party yang tadi kamu kirimkan dey wkwkwk alhamdulillah masih normal,non_porno_non_prostitusi
hah kamu ngentot pakai korek kuping,percakapan_porno
kuys your jablay here kripik jablay session 2 wajah berkacamata hitam just chilin langsung order saja ke yourbakery 0899 5313 552 bisa cod area rsi klaten klatara ngawen klaten kota jajanan jajanankekinian kripik krupuk pedas kripikpedas krupukpedas homemade klaten <links>,non_porno_non_prostitusi
duh sange duh ngaceng duh horny adalah bentuk pelecehan sexual supaya tidak jadi pelecehan seksual kata kata tadi bisa diganti dengan duh sperma gue mau keluar tidak perlu terima kasih sama gw ini hal biasa,non_porno_non_prostitusi
ada orang bilang ih suka korea padahal plastik ih suka thailand padahal bencong2 ih suka orang bule padahal gay gamau juga paling dia sama kamu eh anjing lu suka anjing gua ga pernah bilang ih suka kok sama anjing pantesan kayak anjing mau,non_porno_non_prostitusi
lmao berguling guling di lantai sambil tertawa terbahak bahak berguling guling di lantai sambil tertawa terbahak bahak kan kamu gay jg artinya kamu ganteng,percakapan_porno
oo berarti kalau mau jadi fnboy syrat nya harus mengetik ganteng pap titit sama nyanyi di post begitu biar tidak di spill sana di kira kosple tidak sgmpng itu tunjukan identitas bro kamu ketahuan teman rl ambyar hidup lo,percakapan_porno
ya bagaimana ya kamu gay,percakapan_porno
apanya yang ngaceng,percakapan_porno
yang mau di mempromosikan grup alpha senin kamis minggu depan follow akun akun di bawah ini facebook 100 kecuali akun porno pengikutnya dan katak yg terlewat kemarin akan dipromote senin <links>,non_porno_non_prostitusi
pagi yang indah seprti memek mu,percakapan_porno
avail semarang timur wa 083102032833 busuisemarang bobusui availsemarang bokingansemarang wpsemarang wisatalendi,penjaja_seks
dua hati avail yoyakarta ready slot dua hati promo 600 2 jam jantung atau hati siapa cepat dapat tambahan spesial say menyentuh hati atau memberikan ciuman hati inc exc rr dm jantung atau hati availjogja angeljogja bojogja openbojogja bisyarjogja bispakjogja jogjabo kimciljogja wpjogja ayamkampusjogja lendirjogja cewekbookinganjogja <links>,penjaja_seks
ih zepeto kamu mukanye kayak bencong anjrit,non_porno_non_prostitusi
hah lah bro mutualan sudah dari tadi x nambah lu saja jablay pengikut sedikit cari sensasi di sini hehehe gaya klasik bgt lemes juga tau adab ga kayak kamu sudah murah tidak tau diri santai dan senyum wajah dengan alis terangkat mon maaf nih ya sebelumnya jari membentuk ok,percakapan_porno
mau bagaimanapun pecun tetaplah pecun tidak bisa lepas mau dari masa lalu masa kini atau masa depan,percakapan_porno
itu orang dipanggil kak saja marah ya bagaimana dipanggil kampang,non_porno_non_prostitusi
kontol kamu sini gue pegang,percakapan_porno
haha kntl babi bil saja tidak punya dasar argumen ngaku saja t0lol modal bacot dan xenophobia ngeles dikasih bukti indonesia dan cina punya alasan yang sama bela palestina tidak apa apa ngeles kalau pakai dasar ini ngeles modal bacod mana bukti kalau suatu saat cina berubah tidak dukung plstn mana gue mau lihat <links>,non_porno_non_prostitusi
padahal di draft2 yang dia2 pada tolak sampai aku ctrl f tidak ada kata kata orientasi lgbt lesbian sesama jenis yada yada pelaku kekerasan mau apapun jenis kelamin dan gendernya kena kok di draft ruu itu fokusnya malah ke pemulihan korban,non_porno_non_prostitusi
diem kamu kontol jangan mengatur ngatur,percakapan_porno
bokep barat nih ada 50 video durasi rata rata 20 menit guys bokepbarat barat bokepbule bule bokephdfull bokephijab bokep2020 bokepviral2020 sex videosange videobokepindo videoviral videomesum videobokep videocrot videobokepterbaru genjot sangeberat viralbokep <links>,penyebar_konten_porno
ini nih mau lihat bencong caper jijik,percakapan_porno
biar suami kamu di penjara 1000 tahun indonesia tidak bakal hancur kali stop merasa diri kamu penting lonte pasar,percakapan_porno
tidak angkut gue tarik jembut kamu termenung atau wajah merenung atau wajah menyesal,percakapan_porno
ajg kalau memang kamu mau jatuhi gue ya jangan pakai embel embel nilai gue jelek bangsat kamu 92 bilang jelek terus gue 60 dibilang apa ngentod,percakapan_porno
nih om bencong banci itu hinaan hanya kalau dari orang yang bukan lgbt lo lgbt,non_porno_non_prostitusi
dua hari yang lalu dia ngechat gue lagi tb tb dia nanya nas menurut lu bahagia itu apa dia tb tb bertanya begitu gede rasa gede rasa sedih pas lihat tentang gay couple begitu di timeline gue bilang suatu saat ya kamu harus meletakkan kebahagiaan kamu di atas ekspetasi orang lain terhadap lo,non_porno_non_prostitusi
ayam rocky kampus syahdan,non_porno_non_prostitusi
emangnya gue ada nanya ngapain kamu nyuruh2 gue belajar bahas korea lo saja yang belajar bahas indonesia wajah bosan wajah tidak senang babi lonte bauk,percakapan_porno
padahal memang benaran sange alibi nya becanda babi memang wkwkwk,percakapan_porno
wkwkwk bohong banget wajah gembira berurai air mata wajah gembira berurai air mata wajah gembira berurai air mata tidak bisa ngaceng lah nanti wajah dengan tangan menutupi mulut <links>,percakapan_porno
follback biar bisa nete eh,percakapan_porno
lgbt itu salah,non_porno_non_prostitusi
ohalah pancen jembut robot,percakapan_porno
anjir itu kota kelahiran gw ngentod sampe kamu permasalahin juga anak anjing memang ini <links>,percakapan_porno
hutang sampai ratusan juta cuma buat menghidupi perek hi tidak malu itu mas duit kamu habis ditinggal kamu wkwk bodoh,percakapan_porno
part2 bo’ol bottom bertato iya masih sempit kontol gue sampai kena tai lagi jempol ke atas berkulit putih seperti ras kaukasian mantappppppppp <links>,penyebar_konten_porno
klo memang intinya mau berkeluarga ya jangan maen2 lagi sama cowok dong kan sudah gede sudah dewasa tau yang namanya konsekuensi kan klo kamu sudah memutuskan nikah ya fokus saja sama keluarga lo apa masih mengurus gay party sgala,non_porno_non_prostitusi
istriku selingkuh dengan orang lain <links> full movie <links> bokep bokepindo bok,penyebar_konten_porno
mau sodom dan gomora 2 0 mereka saja tidak bersyukur diciptakan harus perpasangan sama lawan jenis cowok cewek itu yang bener jgn ngadi2 buat pembenaran lu gue tidak benci lgbt mereka sebenarnya lagi bingung dan susah untuk kembali gue welcome2 saja kalau ada yang mau tobat dan sadar,non_porno_non_prostitusi
kwkwkwk anjgggg gua tidak mau berteman sama kamu soalnya kamu sudah tidak pernah nyetokin gue meme kak ros ngewe sama tok dalang telapak tangan terbuka dengan jari rapat,percakapan_porno
lo boleh gay deh tapi jangan murahan <links>,percakapan_porno
dasar anak lonte goblok wow kamu diam saja begitu mama kamu dibawa2 sedih atau cemberut dan aku adalah langsung ku menyamperi ku injek lehernya,percakapan_porno
orng orng insecure juga sadar sma kekurangan mereka lo puji gue cantik gue bakalan tetep sadar gue banyak jerawat orang puji gue cantik gue tetap itu skincarean ngerawat pujian doesnt mean bikin orang tak tau diri ya pujian itu jadi support biar orang orang makin semangat kontol,percakapan_porno
nak berak susah nak salat susah orang nak meniaga susah bagi hukuman berat sikit boss dasar kontol <links>,percakapan_porno
lo kbnykan picik jadi dungu menyamakan susi dengan neno dasar umat sempak cuma bisa ngaceng dong tidak bisa pikir <links>,percakapan_porno
bacot banget najis kayak mucikari menawari lonte,percakapan_porno
ngentot di toilet mas yuk <links>,penyebar_konten_porno
<links> hotel mewah jember adakah yang harga di bawah 100 ribu perbulan bebas tanpa batas,non_porno_non_prostitusi
mereka memang terlahir ditubuh yang salah whatt maksud kamu tuhan nyiptain mereka salah gitu gamungkin waktu lgbt di hapus dari penyakit mental ilmu psikologi sakit sih sudah benar itu penyakit mental terserah kamu deh,non_porno_non_prostitusi
waduh wajah sedikit tersenyum gini siapapun mau lgbt atau apapun ya boleh sholat tetapi ikuti aturan yang sudah ditetapkan dalam islam jangan malah aturannya diubah2 seenak udel cowok sama cewek solatnya dicampur ya jelas salah astaga wajah lega kalau begini kenapa tidak bikin agama sendiri saja sklian,non_porno_non_prostitusi
dasar jablay bangsat anjing babi wajah gembira berurai air mata wajah gembira berurai air mata wajah gembira berurai air mata wajah gembira berurai air mata wajah gembira berurai air mata wajah gembira berurai air mata wajah gembira berurai air mata wajah gembira berurai air mata wajah gembira berurai air mata wajah gembira berurai air mata wajah gembira berurai air mata wajah gembira berurai air mata wajah gembira berurai air mata wajah gembira berurai air mata wajah gembira berurai air mata wajah gembira berurai air mata wajah gembira berurai air mata nyari duit gitu amat mba semoga mati gak tenang hahhahaa,percakapan_porno
nete boleh menunjuk ke kanan menunjuk ke kiri,percakapan_porno
marai ngaceng,percakapan_porno
tyas mirasih pecun gitu dulu bareng sama aku agency nya,percakapan_porno
apaan sih kontol kamu masuk polisi tidak ada gunanya sedikit pun anjing orang kayak kamu jadi polisi haha bisa apa sih haha menang jabatan hanya berani menindas kaum yang kecil goblok,percakapan_porno
udah beres dong enak ajeu baru mo baca au ni skrng dasar petani toge,non_porno_non_prostitusi
yuk aku avail bandung iya sayang atur jdwal dan rr by direct message ya menyentuh hati atau memberikan ciuman hati menyentuh hati atau memberikan ciuman hati excludebandung availbandung expobandung bobandung availboband,penjaja_seks
yeh kontol tidak jelas kamu pantas saja goblok,percakapan_porno
pokonya harry next tour harus ke jakarta kalau tidak titit nya gue sunat,percakapan_porno
wis to rasah digagas orang kui isuk ngaceng awan loyo og,percakapan_porno
dientot terus dicrotin beberapa kontol uh <links>,penyebar_konten_porno
kok muncrat wajah memerah,non_porno_non_prostitusi
bagaimana kalau itu anak anak anda wajah gembira berurai air mata wajah gembira berurai air mata mengomong sama bapakku tuh jangankan egan sampai gay kalau papa tahu egan enggak virgin ajah jangan pulang lo ketemu papi kamu gue bunuh ku aku dicacag di walang walang tangkurak sia wajah gembira berurai air mata umumnya orang indo itu orang tuanya konservatif,percakapan_porno
dih ngegas udah jelas kamu bertanya di base 18 kamu masih denial tidak ada maksud tertentu orang tolol mana yang tidak paham kalau isi base alter itu paling banyak rated lo bikin menfess begitu harepannya mutualan sama siapa self proclaimed sapiosexual tetapi sikap begini ngentod,percakapan_porno
ngewe tak seindah di film bokep judulnya wajah menangis keras atau menangis tersedu sedu wajah menangis keras atau menangis tersedu sedu,percakapan_porno
semoga besok titit kamu jebol buat ngelahirin amin,percakapan_porno
sok mantap sih ngentot ini,percakapan_porno
butuh cowok kontol gede yang bisa hangatkan dimusim ujan horny ah hawanya bikin ingin ngentot terus ya say menyentuh hati atau memberikan ciuman hati retweet yang nger,percakapan_porno
siapa sih lutfi agizal ini ribet amat sama kata anjir anjrit anjir ngentod lu,percakapan_porno
gua ingin bla bla bla banyak mau kamu kontol,percakapan_porno
meski banyak isu yang menerpa seperti feminisme rasialisme dan bahkan lgbt kaya di film mulan frozen dan remake live action beauty and the beast tetap salah satu kekuatan film animasi disney pada lagu lagunya yang bisa bikin penonton ikut sing along menyenan,non_porno_non_prostitusi
sembarangan kamu memaki orang lonte,percakapan_porno
kontol berbicara itu sama diri kamu sendiri uruskan fandom masing2 cancelled,percakapan_porno
jangan jadi bos batubara juga lagi seret sekarang mah mending jadi mucikari saja alias tukang jalurin orang mau pipis enak,percakapan_porno
apasih kontol lo,percakapan_porno
mamah muda main bigo bikin ngaceng deh <links> goyang bokepjilbab toketbesar jilbooblover videomesum abgngentot mesum bigolive pascolmania bokepjepang chatseks sexy videongentot tiktokhot cewekbookingan ceweksange,penyebar_konten_porno
kontol kamu ada dua ga,percakapan_porno
gua gapeduli sama orientasi sex org tapi bisa tidak jangan pakai seseorang buat jadi tameng menutupi bagaimana kamu sebenarnya nya apa lagi buat kamu yang sex beresiko sampai istri tak tau apa apa ketularan hiv sedih atau cemberut by the way gue juga part of lgbt wajah senang atau tersenyum,percakapan_porno
kontol kamu semua,percakapan_porno
titit kamu ikut tertarik bang,percakapan_porno
gay bukan berarti suka sama semua cowok wajah menangis keras atau menangis tersedu sedu,non_porno_non_prostitusi
ada temen punya pacar baru kelakuan jadi kayak kontol bukan sirik karena gue single ya cuma ya jadi toxic ke temen2nya lu kalau bucin buat berdua saja dong jangan jadi toxic ke teman teman yang lain anjing,percakapan_porno
ya iyasi gue tau lagi repot sama urusan nya tetapi enggak usah pakai bilang lo lagi tidak penting hari ini begitu lah kontol giliran gue langsung bt malah dibilang bawa perasaan tolol kamu saja tidak punya hati wkwk tailah,percakapan_porno
avail hotel polonia medan minat info direct message saja wanita dan pria berciuman yuk sayang isi slot nya sekarang <links>,penjaja_seks
kamu kontol bangsat,percakapan_porno
bingung aku sama cebong yang mengeluh masalah negara tapi tidak berani singgung jkw mending sih ketua sandal mengakui kiri sekalian tapi nyinyir jkw ini cebong cebong bencong tidak mengerti lagi sudah logika mainnya bernegara kayak gimana,percakapan_porno
mereka r mbak wajah menangis keras atau menangis tersedu sedu lu suruh dekati cowok gay apa wajah menangis keras atau menangis tersedu sedu,percakapan_porno
bokep japanese selingkuh dengan nasabah bank <links> bokep pembaruan bokep indo bokepviral bokep barat bokeplokal bokep hot bokep mesum bokep online bokepterbaru,penyebar_konten_porno
uhhh terima kasih sudah di pejuin crotin kontolin bacolin sange cumtribute cocktribute sange jilbabsange <links>,penyebar_konten_porno
ya kata kamu b saja gush lebay apalah tetapi di indonesia masih kontra mbak sama yang berbau lgbt yang ada nanti berpengaruh sama penayangan film² mereka di indo juga itu merugikan fan mereka yang jadi susah buat lihat idoalnya lagi klo boomingny 2gether itu pasti karena pada salah fokus am bright,non_porno_non_prostitusi
yang ada ngentot,percakapan_porno
jembut baik <links>,percakapan_porno
tau begitu mending ku pakai open bo anjir,percakapan_porno
revina gaya lonte sudah over maluin itu tete tepos datar sok kamu pamerin sok pakai kutang padahal itu dada datar coba pakai baliho partai politik biar lebih cetar,percakapan_porno
dalam hal di atas pemeriksaan dalam rangka operasi video porno kan berarti ada izin dan harus bilang dari kesatuan mana misal dari sabhara polisi resor mana mau apa dan gmn kalau analagi mas yang kalau lagi anteng makan terus tiba polisi cek hpmu tanpa ada surat razia ya itunganny illegal,non_porno_non_prostitusi
caper kamu ngentot,percakapan_porno
otak kamu saja dangkal ya kamu harus bisa kontrol nafsu lah kontol kamu sih gue potong pakai piso daging,percakapan_porno
gila sih kalau sudah sampai memaki anak lonte lu mencari cewek penurut adalah memacari art anjing yang bisa nurut,percakapan_porno
sealay alay nya gwe ga pernah itu bilang sama orang mau mengajak joging terus dia bilang tidak ada gue ngajakin padahal dia yang mengetik alah kontol beban hidup kamu apa sih kanjud,percakapan_porno
jembut <links>,penyebar_konten_porno
lonte kamu ganteng pi boong,percakapan_porno
ya tidak begitu lah anjir gue gampang sange tidak pernah ngewe wajah dengan mata berputar tergantung lah prinsip hidup orang ke laut saja kamu bocah stereotype baru tau ngewe mindset jadul jangan dibawa bawa sekolah yang bener,percakapan_porno
<links> < cewek abg polos pose bugil bispak porn bokep,penyebar_konten_porno
naik gunung tapi otaknya ketinggalan dibawah dasar titit siput <links>,percakapan_porno
sejarah mencatat negara yang dibinasakan karena aktivitas seksual sesama jenis yang meraja lela memang selama ini kamu pernah melihat homo ngewe di depan umum homo dengan bangga memublikasikan dia pernah ngewe sesama jenis yang ada mereka menutupi karena takut dibunuh goblok 2,percakapan_porno
aku juga ingin nih genjot ummi,percakapan_porno
pengen banget berbicara kontol di depan muka lo,percakapan_porno
dia yang bercandai sendiri giliran viral malah bilang apaansi cringe mau kamu apa ngentot,percakapan_porno
bejilbab jawabannya tidak berpendidikan tidak mau jawab salam ya sudah diam aja eh malah ngata ngatai rockygerung gimana kalau dibalas sirocky eh kamu lonte emak kamu kemana saja kok kamu tidak dididik jadi cewek benar kenapa kamu jadi lonte rasanya bagaimana mbak bikin minang tambah parah saja kamu <links>,percakapan_porno
ini kenapa di sensor sih alah memang ada yang sange apa lihat begini serius dah wajah menangis keras atau menangis tersedu sedu wajah menangis keras atau menangis tersedu sedu <links>,penyebar_konten_porno
tidak usah takut nder kalau mereka tidak menerima kamu ya tidak usah dipeduliin kamu jadi tau kan teman yang benar sama yang kayak kontol kembalikan saja ke teman bangsat kamu begini lah hak gue mau menonton apa cari perhatian kamu tolol kenapa jadi kamu yang ribet sama kesukaan gua sudah hebat lu,percakapan_porno
ngentod wkwk,percakapan_porno
gw sebenarnya tidak masalah sama orientasi sex orang2 lu suka sesama jenis ya sudah terserah hati tiap orang beda beda kan tpi yang bikin gue tidak setuju lgbt mereka yang sampai berhubung sex dan itu risiko kena hiv nya gede ya gue kasihan saja sama mereka yang berani sampai ewita,non_porno_non_prostitusi
cod orangnya ruet kayak jembut wajah bahagia tersenyum,percakapan_porno
lu bilang buncit sekali lagi nder gue tebas titit kamu make celurit,percakapan_porno
sudah dikasih kontol malah dihancurin dasar hati,percakapan_porno
apa itu anxiety kurang ibadah saja kamu kontol ah alay pisan,percakapan_porno
dipaksa layani kontol dosen <links>,penyebar_konten_porno
kontol gue menyumpahi laki kamu diambil orang pas kamu sudah nikah siapapun lo entah kamu mengirim menfess ini buat cari perhatian doang atau beneran gue menyumpahi suami kamu diembat nanti,percakapan_porno
kamu telat ngentot,percakapan_porno
avail bali ， jantung atau hati availbali openbobali bobali bookinganbali includebali excluderoom realangel realaccount recomended4bo balilendir balibirahi bisyarbali cewekpanggilan cewekbookingan wpbali expobali codnodp buruan booking mulai sekarang <links>,penjaja_seks
ngok akun bokep,percakapan_porno
market sih ziz kemungkinan besar dengan menambahkan karakter gay mungkin akan menambah rating dalam keberagaman karakter,non_porno_non_prostitusi
kalo mereka gay syukur ya kalau tidak just shut up alah memang apa untungnya kalau kamu klaim mereka begitu gadak kan,percakapan_porno
segila itu lu sama pacar orang sampai ngirim kata ga yang harusnya lu bilang ke dia kek ga punya harga diri tau ga kalau berani kaga usah lewat sc dm gue lah gapapa ngomongin baik tau ga sama aja lu tu gatel bajingan lonte ga beda jauh,percakapan_porno
iya kayak lesbi itu tidak masuk ranah lgbt padahal harusnya masukk lesbian itu bukan fetish nya straight atulaasedih atau cemberut they re really exist,non_porno_non_prostitusi
ngapain hayo ngaceng di kamar,percakapan_porno
ava kamu make baju lah man wkwk kesannya kayak mucikari saja lu enggak pakai baju wakakakakakakakaak,percakapan_porno
hala bodoh sih kontol nih kerja kok natural killer kecam orang je anat lo,percakapan_porno
gini ya kntl kamu sudah usaha nih menuruni berat badan tetapi masih gendut berusaha ngurangin jerawat tetapi masib jerawatan tandanya usaha kamu masih kurang gue juga dulu jerawatan banya orang bilang sans saja kamu ganteng kntl ganteng darimana menipu iya bikin gue membaik juga ngga,percakapan_porno
pada ribet banget mengurus dosa orang sih ckckckkc pakai kemben dosa pakai celana pendek dosa wkkwwkwkwkwwk apa kabar kamu ngewe sama cowok kamu memang pahala,percakapan_porno
ni orang kurang jauh mainnya berguling guling di lantai sambil tertawa terbahak bahak mo ngapai juga masa bodoh orang tidak ganggu kamu atau keluarga lo nanti kamu atau keluarga kamu yang dibutuhkan baru kamu tau menyeringai mo terkenal ancam masuk youtube yang ada kamu kena penyebaran konten video porno si anjing bego berguling guling di lantai sambil tertawa terbahak bahak,non_porno_non_prostitusi
<links> < cerita dewasa bercinta dengan tante girang ngentot porn xxx,penyebar_konten_porno
menikah itu bukan tentang sex doang kelak di masa tua kita membutuhkan teman cerita bukan teman sex,non_porno_non_prostitusi
jan salah xixixi loh ada yang lihat kaki ngaceng kan <links>,percakapan_porno
anjing lo babi orang sejenis lo paling ribut di mcd kontol serasa itu tempat milik kaum lo anjing,percakapan_porno
fakta bikinan cebong dibw sumpahtidak ada yang berani kaum cebong haahhaa cm sih ade armando aja jantan kalau cebong dengar kita sumpah jd banci semuanya takut ahahaha,percakapan_porno
ish menyebalkan kntl humor ak anjlok wkwkwk,percakapan_porno
ombak di palung hati dan lutte adalah cerita yang bikin aku banyak belajar dan berpikir dewasa tentang kehidupan orang dewasa dan stigma masyarakat dan tetangga masa begitu adalah cerita yang mengajarkan aku kalau tidak perlu jadi keluarga untuk bisa saling peduli,non_porno_non_prostitusi
ambis itu bukan berarti kamu meminta ketentuan tambahan buat sebuah tugas dan bikin semua teman kamu mengulang ya kontol,percakapan_porno
sifat kamu jelek banget kontol wkwkwkw,percakapan_porno
diam lah babi beli pakai bulu jembut kamu ke,percakapan_porno
ngapain kamu dukung lgbt,non_porno_non_prostitusi
emang dasarnya saja otak ngeres tulisan tahu pereng saja bacanya tahu perek,percakapan_porno
support my english please jangan malah di jawab sok inggris kamu kontol,percakapan_porno
cowonya jablay,percakapan_porno
mau pindah ke bencong lain senyum keringat senyum keringat,percakapan_porno
susah ngewe nanti,percakapan_porno
hobi saya memek tembem dan payudara gede enak ah ah ah,percakapan_porno
gepok bokong pripun mas,percakapan_porno
anjing bangsat taik kontol ngentod babi,percakapan_porno
dasar lonte memek kamu masih muat 10 orang kah sini gue gank,percakapan_porno
gila pecun banget itu perempuan,percakapan_porno
apanya itu yang muncrat,non_porno_non_prostitusi
itu bukan urusan kamu lagi dan ingat juga setiap manusia tidak menanggung beban dari manusia lainnya di hadapan tuhan yang penting kita sudah berbuat baik dengan mengingatkan dan tidak menghakimi wajah senang atau tersenyum hidup damai itu indah lgbt,non_porno_non_prostitusi
itu adalah kamu kali masih banyak pasangan di luar sana yang pacaran tidak ngewe ewe menunggu halal,percakapan_porno
ngentot kapan balik jakarta lu,percakapan_porno
nama gue nete gua suka nete apalagi nete ke uke,percakapan_porno
dibilang baek gue trypophobia malah dengan sengaja dikirimin foto lobang kecil kan ngentot dikira lucu kali bgst,percakapan_porno
wow luar biasa indekos ini memang jam setengah 2 pagi ada saja masih yang teriak teriak sepertinya menonton bareng begitu di kosan mana ada suara lakinya siyaph sepertinya yang bawaannya cewek mulu cuma gue doang di sini wajah gembira berurai air mata wajah gembira berurai air mata wajah gembira berurai air mata smp gue pe,percakapan_porno
senyum keringat senyum keringat emang iya kan dia di fb sepi pindah k twitter banyak yang dp malah menipu dasar lonte tidak ada akhlak senyum keringat,percakapan_porno
farida avail malang jawa timur yuk merapat aku tunggu ya dm ny pengen sensasi sex berbeda bgitu indahnya hari ini andai kamu ada pingin availmalang openbomalang bisyarmalang kimcilmalang expolmalang bispakmalang availmalang <links>,penjaja_seks
sok asyik kamu ngentot,percakapan_porno
halah biasa juga lo pamerin titit kecil lo yang jamet itu setan wkwkwkwkwk sekarang udah gak sesat gitu ye,percakapan_porno
tetapi aku oenah begini juga dong wajah menangis keras atau menangis tersedu sedu pertama muncrat aku langsung kabur wkwk minyaknya kemana² wajah gembira berurai air mata,non_porno_non_prostitusi
banyak banget sih cowok gay apa enaknyasedih atau cemberut,percakapan_porno
abg baru ngewe abgmesum abgngentot abgtoge abgsma ngewe bokep bispak bisyar bokepindo bokepsma bokepsmp bokepabg bispakjkt bisyarbandung <links>,penyebar_konten_porno
bingung lah pokoknya kalau yang lebih banyak ngewe itu di game keduanya wkwk wajah gembira berurai air mata wajah gembira berurai air mata wajah gembira berurai air mata wajah gembira berurai air mata kaget gue main bentar saja tau tau sudah ngewe dong wkwk tapi game kedua memang lanjutan game satu sih jadi siapa seme yang kamu pilih ya lanjut ke game kedua,percakapan_porno
1 cuekk ala sagitarius bgt 2 bukan orang yang suka memberi kabar 24 7 3 stubborn labil plin plan 4 titit kamu pada kalah gedee sama gengsii guaa gimanaa semoga cowok gue tahan sih sjsj lofyu haha menyentuh hati atau memberikan ciuman hati <links>,percakapan_porno
apa sih kontol norak lu inimah di laptop juga bisa,percakapan_porno
dasar kontol engas mulu sih makanya sini corner di ruqyah,percakapan_porno
paling gampang lust dadi mucikari,percakapan_porno
lip tunjukan titit kamu yang bisa jutsu itu <links>,percakapan_porno
positif saja a itu jembut tidak tidak tidak ada hantu ko,percakapan_porno
lo juga mau mauan membicarakan toge haha ngakak thanks gue sangat terhibur dengan perdebatan ini,non_porno_non_prostitusi
yang ber tatto yang lagi di entot kayaknya sih thailand punya enjoy gays kontol coli bahancoli <links>,penyebar_konten_porno
avail ya say tetesan keringat info bisa dm wa panggilan masuk atau telepon masuk 081384277868 availjaksel openbo bispakjakarta availjakarta availjaksel cewekmesum availjakarta bisyarjaksel bojakarta bisyarjakarta realbo bispakjakarta bojaksel bojakarta openbojaksel availjaksel openbooking bokepviral <links>,penjaja_seks
ready ready kudus avail bo kudus yang serius mau ditemani dengan ade bisa langsung dm surel atau email atau surat elektronik ya beb mengedipkan mata wa 088245745788 openbokuddus readyavailbokudus bisyarkudus expokotakudus <links>,penjaja_seks
tetesan keringat masih ready avail pagi sex permata keep slot nya orang infotertawa senyum lebarm permata menunjuk ke kanan 081549732960 dewa asmara availmataram dewa asmara openbomataram dewa asmara bispakmataram dewa asmara bisyarmataram dewa asmara expomataram dewa asmara bolombok dewa asmara bomataram dewa asmara openbomataram openvcs,penjaja_seks
ngewe liburan sama memberi duit,percakapan_porno
tambahan jangan lupa 1 di retweet like komen juga ya openbo vcsfree freevcs vcsgratis vcsreal vcs bojogja sange ngewe bokep <links>,penjaja_seks
dasar bocah kontol nya meminta di gergaji,percakapan_porno
zegan meminta kontol kamu katanya <links>,percakapan_porno
anjing kontol kamu mana,percakapan_porno
hanya melayani open vcs real pisang no bo no hoax no bacot huruf x tanda silang menandakan pembatalan atau larangan atau penolakan atau kesalahan w a 0852 6697 6247 vcs vcsbugil vcscroot vcscolmek vcstrusted vcsberbayar vcsyuk vcs toketgede bisyarjogja bisyarsurabaya vcsbugil <links>,penjaja_seks
tapi aku ngrasa bangga lah diejek lonte sama babang atau dedek alan vvalker ini uhhh keren itu apalagi dia mau launching karya tuh syuksesss yaaaaa tapi bagusan uang muka kamu asli mirror selfie gitu mantaaaapppp stikernya juga wiihhh nggeerriikkkk,percakapan_porno
klo lesbi itu masih pakai dildo kan mending sama yang aslinya sayyyy lbh terasa hangat dan menggelora wajah tersenyum lebar bermata hati,percakapan_porno
halah ngentot kamu <links>,percakapan_porno
open vcs ready slot promo member g is video and foto kalau ikutan member berbayar ya wa 083132786349 line dm aku n,penjaja_seks
rajin amat lo liatin twit gue gak ada kerjaan lo haaa ha hayulaik det tereret tet tereet tet haaa hayulaidett gedebing gedebing gedebing wajah konyol tidak usah sok laki lo kalau memaki orang lewat secreto kntl <links>,percakapan_porno
hypersex banget sangeberat tantengentot ngeweyuk colmeksange memekbecek memekberbulu jandakesepian tantesange ngeweyuk nyepong jembut sangean meki kesepian,percakapan_porno
cerita dewasa nikmatnya memek dosenku yang sexy untuk cerita dewasa silahkan menuju link berikut link » link » <links> partai99 agenbola pokeronline bandarq agenpoker sportbook ceritadewasa agenonlineterpercaya <links>,penyebar_konten_porno
aku mimpi kalau sebenarnya di kampusku itu ada yang kuliah di mimpi itu aku sama teman kelasku berangkat kuliah tidak janjian tapi semuanya ada di kelas padahal belum ada pengumuman untuk datang ke kampus kebanyakan dari teman kelasku ya karena bosen kalau aku karena ingin beli nasi pecun,non_porno_non_prostitusi
aksi begal pantat disebut di kota malang terekam cctv <links>,non_porno_non_prostitusi
wanita rambut merah aku ingin keluar beb wajah meneteskan air liur pingin lihat lanjutan kesangeannya langsung kesini saja sayang → <links> ← f,penyebar_konten_porno
yg ada disturbing content saja udah macam apa itu film yang manusia disambung2 pantat mulut ewww wajah menangis keras atau menangis tersedu sedu wajah menangis keras atau menangis tersedu sedu wajah menangis keras atau menangis tersedu sedu,percakapan_porno
udah tidak jelas ngentod pula,percakapan_porno
kayak punya kontol saja kamu bang,percakapan_porno
memek memek apa yang tembem,percakapan_porno
kamu yang ingin ngewe kita yang disuruh mikir,percakapan_porno
cewek cowok harus jaga diri kalau kamu tidak mau di tidurin tidak bakal ada yang namanya acara ngewe siapapun yang ngewe sebelum nikah namanya pezina baik cowok atau cewek begitu saja pahamnya susah banget sih,percakapan_porno
jomblo dari lahir memanglah epic tetapi pernah tidak sih kamu jomblo nganti dikiro lesbi wajah gembira wajah gembira wajah gembira wajah gembira wajah gembira,percakapan_porno
orang menilai cewek lain sebagai lonte berdasarkan apasi banyaknya cowok yang telah menjamah tubuhnya seberapa banyaknya teman pria nya atau karena dia kind of pernah menyakiti kamu gt,percakapan_porno
mamam itu ngentot tidak pakai pengaman lu pikir mengurus anak itu gampang menyeringai atau wajah tersenyum sombong <links>,percakapan_porno
bebas apa dasar perek,percakapan_porno
iya kalau dilabrak doang diejek lonte perek ih cakap lu mata masih make soflen 35k saja tingkah sudah kayak paling cakep ngadi ngadi jamet serpong,non_porno_non_prostitusi
koq tidak sampai muncrat mas,non_porno_non_prostitusi
kecuali kamu lonte <links>,percakapan_porno
prinsip hidup yang yang penting gue seneng itu salah besar ngentod tidak ada salahnya ketika kamu di baikin org kamu balas lagi dengan kebaikan bukan malah ngelunjak ketika di baikin jangan tolol plis,percakapan_porno
kata indah kamu saja tidak percaya diri titit kamu kecil wkwk,percakapan_porno
setengah mengantuk buka tab mencari di ig banyak banget video tiktok cewek joget2 yang kelihatan pusarnya wkwkw ya bagus sih tapi fetish saya lebih ke bokong ngahhaha semoga warga tiktok mendengar request saya tiktok wish,percakapan_porno
wah habis ngewe ya hehe,percakapan_porno
gue tidak masalah sudah ya kalau misal mereka mempunyai relationship yang sehat dan benar walaupun gay dgn catatan gue respect mereka as a human tapi tidak support kelakuannya lah ini orgy anjim dan banyak yg udah nikah pula dah gila kamu ya tidak ada akhlak,percakapan_porno
bukannya aiyaya aiyaya bang joni suka jablay ya berguling guling di lantai sambil tertawa terbahak bahak,percakapan_porno
iya lgbt itu memang salah tapi ya enggak usah bilang begini juga kali kalau kamu bilang kayak begini malahan kamu bikin makin mereka down dan secara enggak langsung kamu membunuh mereka juga,percakapan_porno
sok banget dibutuhin kamu kntl,percakapan_porno
jadi kalau belum lahiran kamu masih setengah wanita bencong kali ah kenapa sih masih ada saja orang yang pikir kayak gini punya anak atau ga ga akan mengurangi nilai kita sebagai cewe apa tidak pikir ya yang susah payah hamil treatment sana sini bolak balik keguguran apa tidak nangis,percakapan_porno
ngentot kamu yang bikin sw gue yang malu anjg,percakapan_porno
ungkapan hitz netizen 62 selalu bilang main kamu kurang jauh emang kalau mainnya jauh di jamin pintar dan cerdas ya itu kaum homo gay banyak yang suka main sampai ke luar negeri kok tapi tetap bodoh tidak bisa bedakan mana liang senggama mana liang pembuangan kotoran sange,percakapan_porno
gw matre yang bayarkan dia dasar kamu banci potong saja itunya,non_porno_non_prostitusi
retweet bintang avail vcs bintang tarif 200 1jam bintang full body bintang trf via rek atm bintang basabasi cari lapak lain aja oke <links>,penjaja_seks
ngentot lu,percakapan_porno
karena ini ya titit kecil terus main sama sahabat kamu sendiri lagi kik <links>,percakapan_porno
pasti nanti ada yang bilang lo suka beli berarti kamu dukung lgbt di indo heol plis padahal cerita hetero sama homo itu tidak beda dan gue suka dua duanya wajah menangis keras atau menangis tersedu sedu lagian ini cumak di series kok buset dah soal dukung atau tidak ya ofc no lah plis,percakapan_porno
buat kamu semua ya sialan yang berbicara orang tidak dukung lgbt itu tidak open minded lu pikir kita mau begini kita semua begini karena apa coba coba renungkan pikiran jangan dibuat untuk ngeles aja,non_porno_non_prostitusi
harga gelas tidak sampai 20rebu diganti dengan nyawa kucing tetangga kamu suruh sini bro gue wejang sampai nangis,non_porno_non_prostitusi
orang ada twitternya sudah jelas bukan indo buat kelas amatir bokep indonesia paling pakai masker sticker kalau pun muka jelas paling besokannya stress bundir beda cerita orang indonesia yang pro pornstar di luar,percakapan_porno
gue juga lesbi,percakapan_porno
avail cod surabaya tb 160cm bb 45kg bra 36b wa 081339014672 openbo bosurabaya bookingan cewebo bisyarhotsurabaya bispakhotsurabaya realaccount realangel realbosurabaya trustedbisyar recomendedbo cashnodp codsurabaya opensurabaya wpsurabaya angelsurabaya <links>,penjaja_seks
pemuja propesor jadi2 an hahahha otak kamu isi daki kontol yak berguling guling di lantai sambil tertawa terbahak bahak wajah menangis keras atau menangis tersedu sedu,percakapan_porno
ngaceng alias tertawa kencang menonton i see ghost film thailand humornya selalu dapat saja wkwkwk,percakapan_porno
anak dan bapak sama sama sange,percakapan_porno
lgbt adalah isu politik di negara ini <links>,non_porno_non_prostitusi
ih ngentod,percakapan_porno
bokep barat ngentot dengan pengasuh anak ku yang imut <links> bokep pembaruan bokep indo bokepviral bokep barat bokeplokal bokep hot bokep mesum bokep online bokepterbaru,penyebar_konten_porno
gay dsr,percakapan_porno
ada yang mau contactnya retweet sekarang ya banyak banget kenalan tante jilboobs sange ini namanya tante dea o,penjaja_seks
gosah mancing debat kalau ujung²nya kan kembali ke pribadi masing² kntl kamu org,percakapan_porno
pindah jadi nete wajah memerah,percakapan_porno
walah dasar kntl,percakapan_porno
nggak cuma kamu masih ingin ngewe saja sama dia,percakapan_porno
hujan jembut rintik rintik menerawang kisah kita,percakapan_porno
ya tidak apa apa kamu ngewe terserah kamu tapi belajar sex edu dulu dong sayang masa sudah kobel kobel miss v tak tau itu apaan,percakapan_porno
dahlah mau lgbt mau straight urusan kamu suka hati kamu dah bodoh amat gue asal tidak ganggu hidup gw,non_porno_non_prostitusi
lesbi gua udah aja anjir,percakapan_porno
bahasa kamu tidak ada yang lain apa selain titit dan rangkul,percakapan_porno
ya allah jaukan pacar ku dari lonte lonte yang suka menyimpan kertas di tulis nama instagram nya terus di simpan di motor vespa anjing lo,percakapan_porno
lo kawin dan ngewe tapi pakai consent karena biar sama sama enak nyunnah,percakapan_porno
diam kamu gue blok ya anjing sampab kontol,percakapan_porno
video bokep sekertaris memuaskan bos <links>,penyebar_konten_porno
jika mengomongkan soal komunitas disana apakah pemerintah india menyetujui komunitas crypto disana jika tidak bagaimana cara meyakinkan bahwa bisnis digital cryptocurrency sangat berpotensi untuk kemajuan ekonomi,non_porno_non_prostitusi
maho kamu jir v,percakapan_porno
bahkan bendera lgbt sudah ada cepat buang hp kalian segera buat apa kalian tetap memainkannya dasar kalian munafik religius yang bermain tuhan <links>,non_porno_non_prostitusi
berisik otak kamu cuma ngewe saja isi nya,percakapan_porno
dasar lonte murahan,percakapan_porno
bokep indo bokep jepang bokep barat terlengkap kunjungi <links> <links>,penyebar_konten_porno
km juga kntl,percakapan_porno
np di up anjir wkwkwk,non_porno_non_prostitusi
oiya saya ingat nih anda yang selingkuh pakai acara ngewe ngewe itu kan,percakapan_porno
hah jembut,percakapan_porno
tempe 3rb bisa buat 2 hari tahu 5rb bisa buat 2hari oncom 3rb bisa buat 2hari kol wortel 5rb bisa buat bikin bakwan sop toge 3rb tuh gue nyisa serebu ganti2 menu tidak cuma tempe doang sedih atau cemberut bosan bosan kamu seminggu makan tempe doang wajah menangis keras atau menangis tersedu sedu,non_porno_non_prostitusi
ngerti kerja sama tim enggak sih kamu kntl tau tidak cape sndrian ini itu gue kamu malu yang diandelin gue adalah tidak apa apa sebenarnya cuma memikir saja kapan kamu bsanya kalau ngandelin orang mlu,percakapan_porno
jujur gue bacanya nete,percakapan_porno
open bo untuk mlam ini info rr direct message wa 089524548424 serius modus menjauh availserang boserang bokingserang openserang openboserang openbokingserang bisyarserang infoserang cewekboserang openbanten openbobanten openvcs vcscolmek realangels <links>,penjaja_seks
gue tau kamu tadi mengetik kontol jink,percakapan_porno
lo bencong,percakapan_porno
lanjutannya langsung aja kangen lama tidak lihat yang crot crotan,percakapan_porno
yeah ngaceng,percakapan_porno
dekorinspira istri marah karena tikus penis suami jadi korban <links> rumah apartemen interior interiorrumah interiorapartemen tipsjualbeliproperti <links>,non_porno_non_prostitusi
doi lulus uns pakai orang dalam tanpa daftar wkwkwm asu mencoba menipu penipu yang ada malu²in diri sendiri dia ngejudge gue kalah karena sok bgt mengambil ugm makanya deh kalah ngentot kamu buat sbm saja belajar tidak tidak sebanding lah sama gue bodat skor utbk juga palingan tinggian gue 100 poin <links>,percakapan_porno
baru pacaran saja lebai banget kamu kontol namanya juga media sosial ya wajar kalau like2 dan lihat lihat snap org ya kalau cowok kamu masih like foto foto cewek cewek seksi ya wajar dia masih normal anyink bisa tidak sih kamu jadi cewek tidak usah lebai cuma timbang cowok like foto cewek seksi,percakapan_porno
otak bokep tll,percakapan_porno
eh monyet kalau kamu mdkng lgbt jangan hidup di indonesia,non_porno_non_prostitusi
terakhirnya bilang anda pernah dibully wow apa hubungannya kampang,non_porno_non_prostitusi
berisik kamu lanangan kontol <links>,percakapan_porno
ngewe adalah kamu tidak kenal juga bisa lonte pinggir jalan juga banyak,percakapan_porno
mktp muka tertolong tete pantat,percakapan_porno
sementara penis itu bisa ereksi karena banyak saraf dan pembuluh darah nah itu kalau gadilewatin sama darah ya gakkan ngaceng wajah berpikir wajah berpikir hehehe canda jadi darah pun mengalir setelah sih sel otot ini kendor lalu baru bisa ereksi,percakapan_porno
avail booking wanita mengisyaratkan ok wanita mengisyaratkan ok rate by dm wajib dp include exclude apartemen mutiara bekasi availbekasi realangels openbobekasi bobekasi bisyarbekasi bispakbekasi bisyarbks expobekasi bekasibo wpbekasi availjaktim bisyarjaktim jakartatimur <links>,penjaja_seks
❐ 1 21 domba jantan jun kamu gapercaya sama gw rubah tidak begitu yang bunga matahari idih manusia homo rubah chan diam kamu <links>,percakapan_porno
open video call sex ready ayo isi slot nya info rr wa telepon 083197799567 menunjuk ke kiri via rek via pulsa real trusted kembang sepatu vcsbugil sangeberat vcstrusted tantesange vinagarut vcsyuk bugilhot vcscroot vcscolmek vcsberbayar vcsreal vcscroot colmek bugilhot genjot <links>,penjaja_seks
mi ayam rica rica dekat kampus juga adohh,non_porno_non_prostitusi
berasa mucikari tidak bang wkwkwk,percakapan_porno
buka youtube beberapa hari ini menongolnya video tentang lucinta luna mulu siapa sih mau nonton browsing males kayaknya sih bencong,percakapan_porno
tititku ngaceng lihat ini wajah kutu buku menunjuk ke kanan menunjuk ke kiri,percakapan_porno
ngaceng kok diteliti anda waras nggak,percakapan_porno
kontol kamu <links>,percakapan_porno
saya unfollow nih maaf lini masa saya tidak menerima video porno,non_porno_non_prostitusi
anjir kalau tidak gue gedekan kayak pantat astg,non_porno_non_prostitusi
hidup itu simple lo laper ya makan sange ya ngentod,percakapan_porno
yang follow gue terus meminta follow back besokannya gue langsung di unfollow gue do ain titit kamu tidak ngaceng ngaceng,percakapan_porno
klo ada teman kamu yang punya aplikasi ini fix dia lgbt berguling guling di lantai sambil tertawa terbahak bahak berguling guling di lantai sambil tertawa terbahak bahak <links>,non_porno_non_prostitusi
lo saja tidak balas wa gue bencong,percakapan_porno
sebaliknya membayangkan jika jojo adalah atlet perempuan dan aksi buka bajunya beredar ramai di lini masa kan membuahkan komen ‘abang ngaceng dek’ maka ku berkeyakinan jojo akan segera tutup akun sosial media platform yang digunakan meminta warganet agar semua foto dan video dihapus,percakapan_porno
betul pdhl saya tidak ada bilang ngewe dari awal sudah bilang pacar aku lagi ke kota ak ya terus menurut kamu pacar gue ngegembel begitu dari pulau lain emang dasar otaknya selangkangan atau memang niatnya cari perhatian aja kalo peduli sekalian bayarkan listrik gue tidak usah tanggung2,percakapan_porno
tai nya muncrat wajah lega berkilau monyet yang menutupi mulutnya dengan tangannya tidak berbicara jahat,non_porno_non_prostitusi
kita bertengkar saja ayo tot lutfi anjing lempar batu sembunyi tangan lu kntl <links>,percakapan_porno
avail buat hari ini slot nyaa tetesan keringat rr via dm orang wa 082284304533 hotel cinta include hotel cinta hotel cinta exclude hotel cinta bobogor bogor openbobogor bookingbogor openbookingbogor bispakbogor bisyarbogor memekbecek memekbasah availbobogor availbogor <links>,penjaja_seks
kntl lu,percakapan_porno
jeje anjing ngentot gw sayang banget sama lo aaaaaaaaaaaa jantung atau hati jantung atau hati jantung atau hati jantung atau hati jantung atau hati jantung atau hati jantung atau hati jantung atau hati jantung atau hati jantung atau hati jantung atau hati jantung atau hati jantung atau hati jantung atau hati jantung atau hati jantung atau hati jantung atau hati jantung atau hati jantung atau hati jantung atau hati jantung atau hati jantung atau hati jantung atau hati jantung atau hati jantung atau hati jantung atau hati jantung atau hati jantung atau hati jantung atau hati jantung atau hati jantung atau hati jantung atau hati jantung atau hati,percakapan_porno
he kontol tidak menuduh kamu bilang jadi perkara kamu mau melaporkan ke polisi kasusnya apa ngentot,percakapan_porno
toxic banget lu siapasih melarang orang jalan jalan liburan lu siapaaa lagian liburan pakai uang alat dan nama sendiri di sponsori orang orang yang baik hati dua jari membentuk v atau isyarat kemenangan atau isyarat damai ga pakai uang lu kontol najisss banget lu jeleknya tidak cuma muka tapi hati dan pikiran juga,percakapan_porno
diem anying w dh ngaceng,percakapan_porno
ngaceng wkwkwkkwkw,percakapan_porno
kamu adalah jembut di kepala,percakapan_porno
open bo area bekasi kuyy buat janji sama aku siap puaskan kamu openbobekasi availbekasi sex kuyy <links>,penjaja_seks
keluarga bertengkar teriakteriakan pukul pukulan warganet tidak peduli katanya urusan keluarga tetapi ada cowok cewek ngewe atas keinginan kedua belah pihak malah dipermalukan ditarik ke tengah tengah warga sekalian ditelanjangi wkwkwkw dasar urusan selangkangan nomor 1 yeaa,percakapan_porno
titit kamu aman kan boo,percakapan_porno
aku pernah jatuh cinta aku pernah bahagia karena cinta tapi hanya singgah tidak lain cerita di dunia ini hanyalah datang dan pergi tapi aku berterima kasih sudah membuat cerita pelajaran untuk jadi dewasa sampai sampai cintaku rela tersesat tanpa perlu di selamatkan,non_porno_non_prostitusi
gue juga tidak mau sekelomplk sama kamu ngentot,percakapan_porno
woy udah lama nih ngentod,percakapan_porno
trend lagi nih yg bilang gw adalah bodoamat tidak merugikan gue ini lu mau menunggu ini jadi hal lumrah persentase jadi lgbt keluarga kamu makin meningkat itu yang kamu pengen itu yang namanya open minded itu yang namanya menghargai,percakapan_porno
gausah sok sok punya sifat psycho kamu kntl biar apa biar dapat pengakuan kalau kamu itu keren gt hhhh adadaja lau,percakapan_porno
temen gue ada yang gay liat foto kamu auto coli,percakapan_porno
ya terus kenapa kalau dia gay kok bawa bawa orientasi sih wkwk lo masuk ke dunia korea pop dimana lgbt disupport oleh idolnya sn ada ship yang jadi khayalan para yuri lesbi dan yuridanshi cowo penyuka girl x girl kalo jijik sama gay ya bismillah saja kedepannya banyak menyebut wajah gembira berurai air mata <links>,percakapan_porno
bengek banget dari tadi baca twit nya jokers bayangin kamu lagi tidur tiba tiba tangan kamu dicrop tuhan bayangin tiba pas bangun titit kamu sudah dicrop sampai habis bayangin tiba pas kamu lagi ngecrop member lain nyawa kamu juga auto on the way dicrop woey lahh serem wajah menangis keras atau menangis tersedu sedu wajah menangis keras atau menangis tersedu sedu wajah menangis keras atau menangis tersedu sedu wajah menangis keras atau menangis tersedu sedu,percakapan_porno
semuanya lo kira gue lonte wajah bosan wajah tidak senang cuman billkin yin anan porsche pluem purim doang padahal wajah memberikan ciuman dengan mata tertutup dan pipi memerah,percakapan_porno
apa ngentod,percakapan_porno
ngewe dong,percakapan_porno
saat kamu buka mata kita dilahirkan untuk sama saat kamu telah dewasa kamu kan mengerti semua jalan hidup kita kan berbeda takdir itu telah ada sejak alam semesta tercipta segala suka dan duka kan jadi sebuah cerita bagi anak cucu kita jadi kenapa harus ada iri hati,non_porno_non_prostitusi
tidak relate karena tidak pernah ngewe,percakapan_porno
enteng benar kamu main kutip² ayat modal terjemahan tidak jelas kontol <links>,percakapan_porno
open minded dong kita itu sebenarnya bukan benci ataupun intoleran tapi cuma ingin ngelurusin kamu kamu pada kaum lgbt biar tidak sesattt lebih jahat mana coba lgbt dibiarkan atau kita bersuara kalau lgbt itu memang salah,non_porno_non_prostitusi
aksi begal pantat disebut di kota malang terekam cctv <links>,non_porno_non_prostitusi
jangan dipandang remeh isu lgbt hancur generasi bila lgbt ini diamalkan secara meluas sepatutnya kita menjadi penentang bukannya penyokong perkara ini melanggar fitrah manusia dan agama semoga allah lindungi kita malaysiabaharu lgbt,non_porno_non_prostitusi
yaelah gue saja tidak mengeblok kamu padahal tiap hari gue lihat twit anti pelecehan omong kosong kamu tapi kamu sendiri jadi memek hunter dengan malsuin identitas di tinder ngentot kau <links>,percakapan_porno
sok an mau jadi gilang kamu ngentot,percakapan_porno
jadi memang banyak yang bikin ff atau au menjurus ke anggota pelangi pelangi yang jujur gue menikmati bacanya karena gue support lgbt doesn t mean i m not normal ya i used to it teman gue banyak soalnya yang terang terangan kenapa sama,non_porno_non_prostitusi
atau sebaliknya kamu ngentot sama istrilu terus kamu cari cowok remaja buat menyebarkan penyakit kamu doang hahahaha intinya cari sendiri kamu semua sudah dewasa wajah gembira berurai air mata,percakapan_porno
anjeng lo ya jaringan lo kaya tai mahal doang kontol,percakapan_porno
kecuali vagina lo baru adaan di umur 18 wajah menangis keras atau menangis tersedu sedu wajah menangis keras atau menangis tersedu sedu <links>,percakapan_porno
kampang,non_porno_non_prostitusi
lah kan akun dia bangsat ngapain lo ribet2 kontol,percakapan_porno
jilatin memek aku dong mau,percakapan_porno
ya memang kenapa memang kamu tau chara kamu benaran lurus apa ngga kamu sudah jadi temannya sampai bisa berbicara gini lagian menurut gue selama gay atau lesbi tapi masih berakhlak ya gapapa jangan merasa kamu lebih suci cuma gara gara kamu str8,percakapan_porno
jual kantin jual kntl jual kintin tau begitu apa pinjam duit ke saudara sendiri hahaha yoksi nenek ku,percakapan_porno
mmf sis ratu selalu dikejar tidak mengejar alias lonte lu,percakapan_porno
open bo area solo yang serius saja no kenalan langsung blok basa basi blok yg punya dana nakal saja monggo bisa wa 085701350627 buat yang serius saja yang punya dana nakal mumpung baru diskon menyentuh hati atau memberikan ciuman hati wajah tersenyum lebar bermata hati <links>,penjaja_seks
dasar anak lonte maaf banget nih mas kalau kamu terlahir dari rahimnya lonte tidak perlu memaki anak orang lain ya,percakapan_porno
dew bagaimana kalau laki kamu gay bisex wajah menangis keras atau menangis tersedu sedu,non_porno_non_prostitusi
bct kamu jembut <links>,percakapan_porno
sok suci kamu sin muka gila kayak kamu kalau lihat paha putih mulus pasti ngacengan juga kalo tidak ngaceng berarti punyamu sudah disunat lagi sama bini kau,percakapan_porno
buat yang pacaran tolong jangan baper saat anda lagi berada di kawasan zona nongkrong karna bagi teman lu zona kamu sudah dianggap bukan zona nongkrong tapi bencong karna yang maco main mulut buka main batin terus chettingan,percakapan_porno
idih najis sangat ketemu sama cowok macam ini sudah mbak tinggalkan aja seenaknya kata memaki lonte nyuruh2 ikut lg jadi pacar doang suruh ini itu kayak orang tuanya saja lu,percakapan_porno
iya terus gue ikut genjotin sesuai tempo genjotan kamu sambil memeknya gue kempot kempotin sampai kontol kamu kedutan di dalam btw ini dt di tweet anjrit,percakapan_porno
kasar banget tai jamet kontol anjing berengsek biadab psyco kelainan sex kamu anak setan korban kamu kasihan sudah banyak manja setengah mampus cowok lembek anak mama tapi sok jadi raja ditongkrongan dahal sama teman tongkrongan saja takut tukang manfaatkan cewe lebih dr dajjal,percakapan_porno
hehe mu mengandung arti emang dasar kontol,percakapan_porno
hey penyedia kontol ada masalah apa kamu sama mobile legend,percakapan_porno
heh tembalang kenapa kamu panas banget sih ngentod,percakapan_porno
kalau pcarku slingkuh aku ngewe aja,percakapan_porno
penis bisa di bongkar pasang juga ternyata,percakapan_porno
ini survei untuk pembelaan diri apa gmn jelas² itu jalur pembuangan pakai tanya block kasih kesempatan segala kamu yang enak habis hs inginnya dapat berlian begitu tercantol di kontol lu,percakapan_porno
mana ada sih lonte yang dihargai iya dihargai pas lagi dipakai doang setelah itu apa tidak diobral kamu ke temen nya hehehe,percakapan_porno
yang harusnya di salahkan ya otak kamu goblok bukan bajunya otak isinya ngewe saja sih tolol,percakapan_porno
demi perempuan lain cewek kamu lesbi,percakapan_porno
ada bang buat sensasi bisanya ada biji tasbih namanya buat dipasang di penis di thailand pemasangannya sudah banyak maennya abang kurang jauh kayanyahahahh,percakapan_porno
lagian itu cuma semacam ungkapan ekspresi saja tidak si gue tidak pernah kayaknya dengar orang marah berbicara anjay lo lagipula kata itu sudah lama juga dan kalau itu dibilang kata negatif ya banyak kata lainnya yang lebih eksplisit nonjolin negatif e g bgst ngntd kntl etc,non_porno_non_prostitusi
tgok lubang pantat aku dekat dm abg tgok tau,percakapan_porno
emang bukan tapi kamu harus hormati budaya dan masyarakat mayoritas di mana kaki dipijak di situ langit dijunjung put aside mayoritas kalau kita menilai pakai hukum yang berlaku di negara ini juga tidak bisa dibenarkan kok aktivitas lgbt skrg mau berbicara apa lagi lu,non_porno_non_prostitusi
otak kamu ngewe mulu kambing,percakapan_porno
hari ini job menjilat meki pengalaman setiap menjilat tiap orang beda rasa dan aromanya persepsi wanita tidak mudah orgasme itu tidak juga kadang saat aku jilat bebetapa menit sudah orgasme dan pipis di mukaku jobnya sih jilat tapi malah mengegolkan gawang ngentot gigolojogja,penjaja_seks
pas ngecornya ngaceng tidak tuh,percakapan_porno
ngentot maa tuh akun jagoan internet doang lo kontol memek,percakapan_porno
hyung artinya kakak laki laki itu kosakata bahasanya orang orang yang diejek bencong oleh akun anonim tidak jelas kayak kamu yang bisa memaki bencong padahal avatar yang kamu pakai juga orang orang yang kamu sebut bencong freak lo,non_porno_non_prostitusi
gw straight kok pacar gue juga cowo gw ingin mengajak kamu berpikir dari point of view yang berbeda aja bagaimana kalau di posisi mereka lagian tidak usah berharap jauh negara ini menerima hal basic kayak tidak menghina diskriminasi persekusi lgbt saja masih sulit dilakukan wajah lega,non_porno_non_prostitusi
ooo belum meledak muncrat ya,non_porno_non_prostitusi
j e sama b e l jembut belukar,percakapan_porno
lo yang anak lonte goblok anjing ih kesal banget guaaaaaaaa ingin berantemmm cbfbdvdvvdxbdbdbdbdbdvsvdvd,percakapan_porno
lolita alay alay kalau berbicara lebay dasar anaj jablay plihan nya jijik wkwowkw <links>,percakapan_porno
kasusnya bukan masalah melanggar hak asasi atau apa ya cuma ini masa pandemi coy dan kamu pesta begituan lagian mereka seakan memperburuk stigma masyarakat kalau semua lgbt itu sukanya pesta begituan wajah sedikit tersenyum wajah sedikit tersenyum,non_porno_non_prostitusi
tempat favorit kerjain tugas adalah bux karena kita sering dapat kupon gratis dari teman senyum keringat sok lucky lah mengerjakan tugas plus curhat pokoknya baru pulang pas sudah ditelepon wajah gembira berurai air mata kalau tidak makan mi ayam rica biasanya kita jajan mi goreng,non_porno_non_prostitusi
fix kamu semua mucikari banci,percakapan_porno
kok psk yang berhasil mengalahkan memulangkan 4 atlet jepang tidak di kasih bonus 1 5 m,non_porno_non_prostitusi
iya im anjir cuma buat orang yang lemah paling enak itu memang menyebut anjing kamu biadab ngentot kumplit,percakapan_porno
jangan main main sama gue kamu anjing gue cari alamat rumah kamu dasar lonte,percakapan_porno
izin suhu berdoa atau dua telapak tangan menempel available in out vcs jkt 0895334388159 openbo <links>,penjaja_seks
ledakan open bo open vcs panggilan ledakan include exclude ledakan karawang dan sekitar nya minat ledakan langsung ledakan dm wa 083804037401 ledakan pusing openbokarawang pusing openvcskarawang pusing inc exckarawang pusing bopanggilankarawang pusing cewekbokarawang pusing vcssangekarawang pusing cewekvcskarawang <links>,penjaja_seks
dua hati avail tasik ready slot dua hati jantung atau hati promo 600 2 jam jantung atau hati siapa cepat dapat tambahan spesial menyentuh hati atau memberikan ciuman hati inc exc dompet hotel cinta rr dm jantung atau hati botasikmalaya openbotasikmalaya wptasikmalaya bisyartasikmalaya recomended4bo tasikmalayabo lendirtasikmalaya wptasik bisyartasik bispaktasik tasikbirahi availtasik <links>,penjaja_seks
sok iya kamu ngentot,percakapan_porno
gajian mesti kntl,percakapan_porno
najis tidak mau membelai jablay,percakapan_porno
mainanmu sara ntar kalau pecah sara menyalahkan pihak lain dasar jembut monyet,percakapan_porno
kalau aku bilang p berarti lo ngentod <links>,percakapan_porno
situs bokep terlengkap dan terbaru seantero wajah gembira berurai air mata selamatbercrotria tetesan keringat tetesan keringat <links>,penyebar_konten_porno
tembem banget itu memek,percakapan_porno
ih kamu siapa ngentot,percakapan_porno
puput avail hari ini ya kakak cuma 2sllot saja yang mau isi sllot nya puput bisa langsung dm wa 0895806198979yah sayang wajah tersenyum dengan tiga hati waj,penjaja_seks
wkwk memang tai kamu dari dlu ini karena gue saja yang minum coba kalau anak kamu yang minum wkwk paling kamu diam saja kntl,percakapan_porno
mekar tanda cium open tanda cium vcs tanda cium tanda cium vidio call sex tanda cium realaccount tanda cium info bisa langsung dm isi keep slot nya buat hari ini avail sayang tanda cium wa 089570484,penjaja_seks
jaga perasaan bullshit memang gue sama kamu lebih dari temen waktu gue dekat sama orang lain juga gue masih main sama kamu tidak ada masalah ngentot lah,percakapan_porno
proud of kamu brou soalnya gue juga pernah di memasukkan selang tapi di paru2 itu sakit banget wajah menangis keras atau menangis tersedu sedu sampai cairan di paru2 gue muncrat ke apd dokter bedah itu gila gue menangis banget sampai dokter itu kewalahan karena cairan gue banyak banget kayak air mancur wajah menangis keras atau menangis tersedu sedu,non_porno_non_prostitusi
gay kamu ajg,percakapan_porno
yang sange dm,percakapan_porno
kamu kayak kontol,percakapan_porno
wajar sih yang tidak wajar itu sebelum tidur kamu bayangkan ngewe adik kamu trua terbawa mimpi,percakapan_porno
ngentot kamu <links>,percakapan_porno
open bo jaka a 100 cash no dp kantung uang panah kanan wa 08816198356 isi slot yuk sekarang menyentuh hati atau memberikan ciuman hati availgreenpramuka availjakpus openbojakpus panggilanhotel includejakpus excludejakarta includejakarta bojakarta bookingjakarta bojakpus bojaksel excluderoom panlokjakarta panlokjakpusu <links>,penjaja_seks
iri saja kamu ngentod,percakapan_porno
e ngentot gaya kamu sudah cakap emg mending takedown sudah tolol,percakapan_porno
aku emang dasar kontol hmm sudah aku kontol kan,percakapan_porno
kayak kontol km kecil,percakapan_porno
anak kecil baru bisa beol tidur nete saja kok sudah bisa bikin bangga kata ibu terharu wajah gembira berurai air mata <links>,non_porno_non_prostitusi
kontol lu,percakapan_porno
pc sticker suhum pc holo sticker reg irreg cashbee suhum standee holo itu kakak pc pc nya yang masih avail sama lenti fanmade,non_porno_non_prostitusi
kasian ya jadi dewasa tidak boleh cerita keluhnya bahkan mengeluh kalau butuh teman saja dianggep bocah,non_porno_non_prostitusi
yang meminta rate gue potong kontol kamu nih ye,percakapan_porno
kontolku ngaceng area blora ayo tak puasin prifasi di jamin butuk memek ah nhentot yuk,penjaja_seks
kenapa harus banci kamu bawa bawa iya setan,percakapan_porno
najis loe manusia luknut gay itu melawan hukum alam dan hukum allah klo gay ya sudah kumpul ke sesama gay sono gak usah mencari pembenaran dengan menyebarkan penyakit ke manusia normal sodommmmm,percakapan_porno
katanya mau main kamu ngentot,percakapan_porno
aku pusing dengarkan ocehannya panjang benar dukun a b c tiap minggu ritual mandi kembang kamis kliwon lah tidak brasil jadi harus ke yang lebih powerful lagi ke sukabumi sambil muncrat semua tidak pakai masker by the way memang orang didukunin bisa menyadari ya senyum keringat,non_porno_non_prostitusi
wajah meneteskan air liur wajah meneteskan air liur wajah meneteskan air liur iyaaaaa bikin mengiler aja dasar nih maksi cuma pakai urap toge juga wajah bersin menyeringai,non_porno_non_prostitusi
kalo bisa dibilang mereka ini upin ipin nya anak bem kemana mana selalu bareng menurut adnan narendra ini sangat dewasa jadi tidak salah kalau narendra selalu jadi tempat cerita nya adnan,non_porno_non_prostitusi
uda gede masih nete <links>,non_porno_non_prostitusi
sambil colok memek boleh mbak,percakapan_porno
berat mengomongnya ayam kampus,percakapan_porno
ngga semua agama suka mengurus selangkangan pengikutnya makanya tidak semua agama ekslusif bahas lgbtq karena memang pahamnya tidak sampai mengurus persoalan vagina dan penis larinya ke mana mas maaf to sayang sedih atau cemberut,percakapan_porno
same anjir maknya kalau gue dapat berkirim chat kayak begitu bacot ngentot gue sudah sabar saja sama lo sok benar banget anak dakjal niat kamu baik penyampaian kamu salah v mohon maaf aku prontal ಥ ಥ,percakapan_porno
ngentot yukkk,penjaja_seks
lonte media sosial kejang kejang nich,percakapan_porno
apa cuma gue makin dewasa makin tertutup dan enggak mau cerita kesembarang orang yak,non_porno_non_prostitusi
kasihan deh jadi disaltyin kalau mau cari kontol beneran cari gigolo di daerah lo bukan di rp,percakapan_porno
mending kamu beli kondom tidak usah malu kasirnya juga tidak mengurus kamu mau ngewe apa tidak kok timbang sudah jadi begini kasihan anj ntu anak manusia bukan anak cebong pakai di buang sembarangan,percakapan_porno
mereka tidak biasa sama yang kayak begitu mungkin di mata mereka itu terlalu frontal terlalu kasar mending ya cari teman baru saja sih yang bisa terima kamu berbicara kontol di depan muka teman kamu like gue contohnya wwkwkw,percakapan_porno
kenapa gue jijiq gua mandangnya sebagai orang awam yang gak suka kpop jadi pikir kan orang korea itu homo atau lesbi padahal itu idol kita adalah di korea hidup tentram normal dan gue yakin sih beberapa idol sudah punya pacar jadi wajar saja selama masih lawan je,non_porno_non_prostitusi
yang pesta gay orang indonesia yang kena hujat gay thai maksud kamu apa wajah sedikit tersenyum,percakapan_porno
ngangkang selebar lebarnya mainkan memek sendiri depan kaca lemari,percakapan_porno
ngewe itu kan jawaban yang kamu mau,percakapan_porno
lo tidak keren kontol,percakapan_porno
i said plis tonjolin talent lo di socmed bukan slangkangan lo mulu yg lo tonjolin kelebihan itu banyak lah kayak bisa masak selain masak nasi aer tlur mie terus drawing dancing decorating styles dll issa better content tahan pamer tonjolan titit saat sange <links>,percakapan_porno
kata kata hormati dulu baru kamu dihormati cintai dulu baru kamu dicintai itu bacot doang percuma bree kalau dari sononya itu orang sudah tidak suka sama kamu ya tetap saja tidak dihormati tidak dicintai catet kntl,percakapan_porno
di ocica nyus dikarenakan chury chury chupke chupke dengan aromah minyak wayang yang adindut di banjaran sang lekong serta bawang minaman kera sakti di muamalat diana setiap polo kerajaan perek berumrah 40 elong di desa injit injit semut siapa takut naik di atas,percakapan_porno
kalau kamu tinggal di dunia kamu sendiri tinggal di pulau kamu sendiri ya tidak masalah bro cuma kamu tinggal dimana masih banyak orang yang suka sama lawan jenis dan penyakit lgbt kamu bisa menular,non_porno_non_prostitusi
macam ngentot semua busuk dibelakang di depan sok manis pler,percakapan_porno
streaming bokep online ya di sini lah > <links>,penyebar_konten_porno
senggol mulu pantat nya tidak cape apa,percakapan_porno
open bo vcs st dan lt ya say cek rr wa 083168983723 tanda cium tersipu atau tersenyum dengan mata bahagia openbojogja availbo jogjaopenbo jogjabo availjogja angeljogja bojogja openbojogja bisyarjogja bispakjogja jogjanakal wpjogja ayamkampusjogja lendirjogja trustedbisyar cewekbookinganjogja <links>,penjaja_seks
ngewe mulu lo kn jadi pengen,percakapan_porno
temen gue gay ciuman saja tidak pernah pegang tangan sama cowok saja tidak pernah berbicara gay saja takut terus kamu mau generalisir itu bukan gay namanya pedofil makanya gue suruh kamu baca itu buku tadi malih,percakapan_porno
gue dengar lagu ini benar benar lagu lesbi,non_porno_non_prostitusi
saya menolak lgbt berkembang dan di dukung kalau sudah masalah manusia nya jangan di dukung dengan tingkah e,non_porno_non_prostitusi
lagu2 yang jarang diputer mereka be like ini lagu bagus sayang banget underrated giliran lagu lagu yang hype dan diappreciare karena ya memang lagunya enak mereka be like overrated wajah muntah bagusan juga lagu a halah kontol lu semua,percakapan_porno
lgbt l lo g goblok b bego t tolol hidup kamu laknat hidup kamu khianat hidup kamu bejat hidup kamu penuh hujat tobat woiii tobat,percakapan_porno
kazel tau ga sih aku nyimpen beberapa titit yang emang mau kukasih ke lu ahhdjdj sialan gue masih curi baca manhua wkwk,percakapan_porno
hati yang berputar open bodanvcs hati yang berputar sistem wajib dp pin bulat gedung kantor info rr dm wa 082286957321 bojakarta availjakbar bokingmalang bomalang vcswhatsapp bomalangkota bomalang angelmalang wpmalang openbomalang malang malangbo availmalang includemalang availjakarta vcs vcsyuk vcscolmek <links>,penjaja_seks
mau memetwit cerita dewasa nanti banyak yang cepat gede nya,percakapan_porno
pengen ngentot kamu dong,percakapan_porno
wdym kalau gay orang lesbi bisa kamu ladenin orang yang menonton 18 tidak kamu ladenin i m just asking,percakapan_porno
bersepeda pagi ini terasa beda ditemani ukthi2 bokong gede wajah gembira berurai air mata <links>,penyebar_konten_porno
gini bro kalau kamu hukum mati orang yang lgbt terus bakal selesai semua urusannya ditangkap itu sudah cukup tidak harus di hukum mati bro meskipun kamu hukum mati semua lgbt lgbt itu pasti tetap ada,percakapan_porno
cowok goblok macam begini yang memaki cewek dasar anak lonte tidak patut untuk dipertahankan atau diperjuangkan putus saja lah nder by the way kalau km perlu orang buat ludahin nih cowok aku siap di garda terdepan,percakapan_porno
lucu kamu kayak titit gw,percakapan_porno
sok iya banget kamu lonte,percakapan_porno
sesayur percakapan gue pake wallpep izone ayah kak ini siapa sih ganti lah kayak banci saja kamu another day gue pake wallpep svt ayah kak kamu suka sama mereka kamu homo iya yah gw ngefans sama batu aja deh tangan terkepal ke atas wajah menangis keras atau menangis tersedu sedu,percakapan_porno
ya mau bagaimana lagi kalau memang sudah bakat pecun adalah susah sana sini mau sedih atau cemberut,percakapan_porno
indo bokep bokepjapan bokepcina menonton film bokep bokepindia gudang bokep bokeparab cerita bokep bokepthailand bokep indo terbaru video bokep indo bokep hot bokepperawan ><links>,penyebar_konten_porno
eh kamu di apakan gue juga pernah diejek lonte malahan ahah,percakapan_porno
woi salah aku lemah lembut sama mantan ku ternyata blak blakan selingkuh sampai cerita ngentot kayak bagaimana sama selingkuhannya bahkan tidak tahu diri masih berusaha deketin perempuan lainnya kalau enggak dikerasin enggak tahu diri kan pada dasarnya aku cape sama teori ini <links>,percakapan_porno
kerja kelompok sambil ngentot <links> bokep ngentot memek bugil bispak,penyebar_konten_porno
dasar pendokong lgbt,percakapan_porno
mudah2an ada anak atau keluarga dekatmu yang jadi pecun dan pecandu narkoba supaya anda sadar dan paham mengapa tempat tempat surat pemberitahuan tahunan alexis harus di tutup,percakapan_porno
orang orang yang glorifikasi ngewe iya sex itu keren tapi pernah tidak sih kamu tiba tiba kepikiran beli saham lalu membuat pulau pribadi,percakapan_porno
maaf itu ngaceng apa ngacung sist maaf sebelum nya berdoa atau dua telapak tangan menempel berdoa atau dua telapak tangan menempel berdoa atau dua telapak tangan menempel,percakapan_porno
tanda centang berwarna putih guys yg punya komitmen setelah di follow pasti ikuti boleh daftar disini tanda centang berwarna putih open promosi menunjuk ke kanan ceria bersama ketik,non_porno_non_prostitusi
sumpah ya selama seminggu ini war mulu isi teel gw dan gue berusaha tidak waroin tetapi kenapa selalu bawa jd sih bangsat memang dosa kalau orang mau bahagia kontol kayak kamu ganpgen kawin aja kalau kamu sudah frigid dan tidak ingin ngewe gue bolehin kamu hujat bias gw lah kamu saja masih suka nge,percakapan_porno
dari tadi gue berbicara lgbtqa bla bla bla tiba kamu menanyakan gue tau gay itu apa ketawa gue sekarang anjrt lmaoooo better kamu educate yourself sebelum debating something more sensitive like this,non_porno_non_prostitusi
halah kontol manner gaada terima kasih sudah menunggu maaf mundur dari jam jadwal he ajg jangan mentang mentang kamu itu pinter dan berpendidikan kamu jadi bisa semena2 sama org percuma s3 kalau manner gaada terima kasih bu kamu kayak anjing,percakapan_porno
ready bo orang video call sex sygku langsung direct message saja yang berminat openbobali angelbali bobali bookinganbali wpbali bispakbali bisyarbali bodenpasar bobaliarea cewekbobali availbali availbobali infobookingbali infobobali lendirbali cewekbali <links>,penjaja_seks
ngaceng jari telunjuk arah ke atas berkulit hitam gelap,percakapan_porno
olahraga ngewe lah,percakapan_porno
baik buruk itu relatif tapi benar salah itu mutlak lgbt itu salah mau kamu teori dari mana aja salah ya salah perbuatannya yang salah tolong catet,non_porno_non_prostitusi
hmm ada sebagian lgbt paling tidak suka di bilang tidak normal tapi selalu merasa dirinya spesial karena lgbt bangga itu karena achievement kayak kamu ranking 1 atau kamu buat sesuatu yang positive banyak lah yang lgbt tapi tidak kelihatan begitu biasa saja kayak lahir segimana mestinya,non_porno_non_prostitusi
adib gay sial berguling guling di lantai sambil tertawa terbahak bahak,percakapan_porno
menurut sebuah survei di majalah playboy sekitar 86 memiliki video porno di dalam komputernya,non_porno_non_prostitusi
jembut,percakapan_porno
emg di islam ada tafsir yang memperbolehkan lgbt kok bilang banyak lo dapat dari mana pemahaman begitu,non_porno_non_prostitusi
nete online karena lagi sosial distancing <links>,percakapan_porno
capek cape aktivis perempuan menuntut dewan perwakilan rakyat agar ruu penghapusan kekerasan seksual disahkan lihat mengetren rahimku anget rahimku welcome kontol mau kamu apa sih cewek cewek 62,percakapan_porno
cantik sih tapi kalau dandan menor banget sama pakai baju sukanya pamer belahan dada sama paha mulu kayak bispak saja kamu ih jijik lihatnya,percakapan_porno
gue ingat banget adegan ini kalo buat ngewe sih ayo anjing kamu bilang waktu itu sekali saja ya tolong wajah gembira pisau,percakapan_porno
ini kalau ada yang memanggil asadekon nanti yang lain nyaut sama kamu semua ngentot ngentot ga,percakapan_porno
wahh kntl kalau malu tidak usah kamu memacari dia biar dia dapat cowok yang lebih baik dari pada lu tidak cocok kamu sampah soalnya kayak duit bapak kamu halal aja,percakapan_porno
tadi aku meeting ala ala sama fadel buat proyek baru kita terus aku berbicara kita harus mikirke tempat duduk untuk supir gojek pas nunggu trs fadel jawab pas aku lagi minum ha itu teko nganggo dingklik ng ngomah we okeh njuk aku ngguyu sampai muncrat semua ke muka nya dong,non_porno_non_prostitusi
binor keselek jembut berguling guling di lantai sambil tertawa terbahak bahak tetesan keringat tetesan keringat tetesan keringat ayo unduh versi full panah kanan <links> panah kiri <links>,penyebar_konten_porno
aku membaca jembut,percakapan_porno
tembem banget memek nya asyik nya,percakapan_porno
mau dong ayam kampus,percakapan_porno
gatau ya kenapa gue sih sebenarnya cuma tkt mereka yang berbuat orang yang tidak berbuat kayak mereka juga ikut kena sudah pernah baca kisah nabi lut blm klo belum coba baca like kamu bakal tau kok kenapa masih ada orang yang gadukung lgbt,non_porno_non_prostitusi
kamu mau ngewe yang halal ya,percakapan_porno
tidak punya ibu wajah menangis keras atau menangis tersedu sedu kalau habis ngentot jadi ingat ibu skrg wajah menangis keras atau menangis tersedu sedu wajah menangis keras atau menangis tersedu sedu dasar twit anjayy wajah pusing,percakapan_porno
lagu lawas berbicara njalok saja atek kata ngentod,percakapan_porno
ntar sudah di ngewe baper merasa memiliki giliran ditinggal galau merasa dicampakan padahal cuma dianggap temen padahal situ yang gatal saja kayak ulet bulu halu wajah lega,percakapan_porno
rindu apa sange,percakapan_porno
seandainya hari ini kita membiarkan penyakit berkudis ini bertapak maka sedikit demi sedikit ia akan menjadi barah yang tidak mampu diubati kata pu amin lgbt utusanmalaysia utusanonline <links>,non_porno_non_prostitusi
paansi ngentot ribet amat lo kalau memang kamu gari keras pungut yang tengil jangan di akun,percakapan_porno
kalau enggak salah ini sinetron yang mirip2 dua garis biru itu kan cuma ya katanya jadi melenceng kesana kesini ceritanya pakai ceritakan cerita cinta kaka2nya dsb sepertinya sinetron sex education begini memang harus adaa cuma ya tolong fokus saja ke intinya begitu bisa enggak sih sedih atau cemberut,non_porno_non_prostitusi
tidak nikahi penis kamu gue tebas,percakapan_porno
ya sudah open bo saja senyum keringat,percakapan_porno
diem dh emng kenapa kalau masih nete tanpa ekspresi,percakapan_porno
emang ada istilahnya ya kalau suka budaya negara lain artinya tidak cinta budaya negeri sendiri dude pikiran kamu pendek banget kayak pohon toge,non_porno_non_prostitusi
pakai foto kamu sendiri apa ngentod,percakapan_porno
elidah menjulur keluar nakal ceria atau mengejek dengan mata tertutupokota padang real angel avail ledis boking info langsung dm wa 081348422146 no php avail buat pagih ini say exclude,penjaja_seks
5 posisi seks video tante ngentot cara bercinta di kamar mandi tontong selengkapnya <links> jangan lu,penyebar_konten_porno
nder kalau misal tidak ketahuan punya video porno apa tidak merusak moralnya dia lagian dia juga umurnya di bawah 18tahun bagaimana ya nder aku bingung,non_porno_non_prostitusi
wkwk nete ke bapak2,percakapan_porno
masalah mental mereka lgbt jelas is wujud sebenarnya mereka tidak dilahirkan begitu mereka menjadi begitu disebabkan ada kisah dan pengaruh kebebasan tanpa batasan yang kian meluas manusia normal juga akan mempertahankan hak amalan normal sama,non_porno_non_prostitusi
ha kamu lgbt kok sange sama cowo,percakapan_porno
hadeh gajetot gak jelas ngentot,percakapan_porno
bebas tapi kamu harus memberi jaminan dulu titit gue pegang,percakapan_porno
sore mawar ready vcs dolar bebayar merpati perdamaian real akun daun maple full bodydanface daun maple via pulsa rek daun maple wa 081267850459 <links>,penjaja_seks
hari ini masih open ya include exclude danvcs juga yaa tanda cium wajah tersenyum lebar bermata hati rr by dm menyentuh hati atau memberikan ciuman hati openbosurabaya bookingansurabaya availsurabaya bisyarsurabaya surabayabo bosurabaya vcsbugil vcscrot vcscolmek bispaksurabaya angelsurabaya bisyarsurabaya angelsurabaya surabayanikmat <links>,penjaja_seks
dudu kok dadi butuh pdhl kalau di kaltim butuh itu artinya pantat menyeringai menyeringai menyeringai,non_porno_non_prostitusi
kalau kamu adalah menembak dulu baru ngewe iya bg,percakapan_porno
bukan begitu semua agama ada kali yang lgbt cuma ya tidak ketahuan aja klo ketahuan misalny nih teman kamu terus dia seagama pasti bakal di ingat tin lah walaupun kita tidak tau sebenarnya dia kayak apa ya pasti tidak jauh jauh untuk mengingatkan kalau itu salah dosa dan bla bla bla,non_porno_non_prostitusi
udah ready pagi ini say jantung atau hati open bo plus 2 magelang open pijat dan exclude kota magelang bingkai film yang mau isi slotnya bisa direct message wa 0831 5399 2399 vcsmagelang bisyarmagelang bisyarmagelang openbomagelang openbomglng bomglang availmglang availbomglang availmagelang magelang<links> <links>,penjaja_seks
hufftt expobandung kalau tidak sabar psti cpt gntung diri di room deh wajah bosan wajah tidak senang di ksih cod ngeprank sistem dp bilang tkut ketipu di ksih rr bilang mahal wajah bosan wajah tidak senang menyeringai atau wajah tersenyum sombong ehh asep klo pgn murah di saritem aj jgn di ksur yang empuk wajah berpikir pgn enk takut mahal ngentot saja sama emak lu tong wajah konyol menjulurkan lidah dan memejamkan mata gratiiiiss <links>,percakapan_porno
gak apa apa kan itu wajib mau kamu homo kamu lonte gundik salat ya tetap wajib urusan diterima atau enggak itu cuma tuhan yang tau jadi tetap lakukan saja salat 5 waktu sunnah juga kalau bisa,percakapan_porno
lah yang lebih dahulu menghina siapa natya bro kamu kate dimana dia menghina idol gua di tau bro tau itu apa media sosial bro wkwk banget komentar lu hahaa yang menghina lebih dahulu dia yang kamu bela dia dia juga ya walaupun di sini sih adik ikutan salah ya tidak perlu lah kamu membela yang lebih dahulu ngebacot kntl,percakapan_porno
ngentot lu sono tidur,percakapan_porno
guys ni akun selain buat enggak ada juga buat film film rate sama aktris hollywood merekajuga punya telegram ayo rnb selain video berunsur porno mereka juga sering bawa bawa idol enggak yang underage <links>,penyebar_konten_porno
puting aku dari tadi ngaceng terus kenapa ya <links>,penyebar_konten_porno
sg benar lek artinya ngentot ikut dancuk dancok nganggo d soalnya kata dasar encuk ditambah awalan dak ko di dadine dak encuk artie tak kenthu melebur dadi dancuk,percakapan_porno
loe urus lgbt di daerah mu itu hahahahahahahahah <links>,non_porno_non_prostitusi
apa enaknya ya hyung video call sex untuk apa ada penginpan murah bisa silahtuhrami pentil,percakapan_porno
ngentod itu apa man,non_porno_non_prostitusi
orang awam kontol bisanya memaki doang muka kamu saja sana yang oplas ngentot,percakapan_porno
paansi kontol kamu di aku kamuin bocah suka gitu goblok <links>,percakapan_porno
cerita becek foto becek video becek bokep online liputanbecek onopoker,percakapan_porno
kebaca mau nete,percakapan_porno
orng komen dimana eh malah dia yang ribut sukaw gue lah mau berbicara apa bebas berpendapat kan di negara ini ngapain kamu tiba tiba retweet terus cari perhatian kayak kontol,percakapan_porno
nah kamu terciduk lgbt wajah gembira berurai air mata senyum keringat,non_porno_non_prostitusi
ga menyangka saja rupiah cowok tapi nyinyir nya mengalahkan bencong atau jangan memang bencong kamu ya,non_porno_non_prostitusi
kinow tidak mau lesbi sama gw,percakapan_porno
canciy lebih baik kamu ngewe daripada pusingin sl orang,percakapan_porno
ditunggangi kontol jumbo sampai bool ketarik nikmatnya ngentot <links>,penyebar_konten_porno
ngewe terus kerja qm sekali2 dong sama kita2 hehe,percakapan_porno
kya yrr mind hai kayak nahi ap hamra sat apna bacha bajo pata chal saja gay mara ghar waduh though mana kar raha hai ku ke mari gali seal hai cbse apa he paper banao or apa he log da da na delhi sama saja be 2500 covid case ada hai kayak yrr hat badcbse ofline online kar kamu though thick apa i,non_porno_non_prostitusi
fandom kntl bangsat lu armpit ketek busuk,percakapan_porno
benci banget anjing sama kurir si cepat kontol gue lagi beli barang ditelfon akhirnya tidak dapat barangnya anjing bangsat kontol kesal banget tau tidak kamu kdhgsfjwjkahf,percakapan_porno
lu tak tau kan rasanya berjuang diet kayak apa njing gue sudah olahraga gue minum air putih sudah kayak sapi gelonggongan gw makan kalau bisa sehari sekali iya gue tau ini tidak sehat gue tidak nyemil gue perbanyak gerak pakai bgt dan kamu body shaming bahas bahas gendut kontol,percakapan_porno
mau banget dong ktmuan sama mb maya biar bisa ciumi jilati memek mb maya yang superrr tembem mantap itu sampai pagi biar sama sama puassss,percakapan_porno
suka tertawa sih yang dulu pernah bilang banci ego lu terus sekarang jadi cariin gue cewek dong,non_porno_non_prostitusi
paling malas teman cerita soal abusive boyfriendnya tapi tetap mau sama dia kayak gua cuma di begitukan doang habis itu dia meminta maaf itu namanya dia kasar sama kamu kontol,percakapan_porno
dear ceue motivasi lu ngasih pap vagina tt atau ngasih keperawanan kamu buat cowok yang belum tentu jodoh kamu itu apa,percakapan_porno
sejak awal banget kayaknya masih ratusan atau malah puluhan waktu itu belum ramai orang kirim tubir jadi adminnya yang mancing inget dulu saya dulu debat lgbt kan nah saya pura pura jadi cons eh dikira homophobic benaran dan dihujat sekar,non_porno_non_prostitusi
ini pasti titit ngaku lo ya kan sayang jugaa mwah mwah mwah,percakapan_porno
bulan puasa adalah dilarang mengeluarkan kata kata kasar >anjing setan bangsat kampang bedul,non_porno_non_prostitusi
jembut kok apik mrn chah,percakapan_porno
generasi milenial sudah buanyak terperangkap dalam lingkungan lgbt pecandu narkoba begal psk online ngeriiiii jika umat tidak peduli dengan hal tersebut untuk memberantasnya mungkin ke depan negeri ini akan dipimpin kaum lgbt atau bandar narkoba,non_porno_non_prostitusi
orang yang lgbt juga tidak semua mua nya kemauan dia please kamu bacot menyuruh kita lurus kita juga mau bangsat cuma kita bukannya tidak benar benar di niatin tapi memang benar benar susah pleasee jd kamu menasihati boleh tetapi jangan menghakimi iya cantik ganteng <links>,non_porno_non_prostitusi
kok ada ya yang ngaceng lihat kucing mat malam degenerat,percakapan_porno
hmmmm tidak terlalu jelas kayak film sadis luar sih tetapi ya gitu darahnya muncrat muncrat wajah gembira berurai air mata,non_porno_non_prostitusi
woi anjing bangsat kamu apa sih pose begitu bikin panas²in gue saja anjing bikin kontol gue cenat cenut saja sih lu,percakapan_porno
di kiss doang ewe adalah ngga nunggu nikah dulu biar halal dan tidak ribet pas di ewe,percakapan_porno
bokep indo cerita pengalaman mengesankan waktu itu <links>,penyebar_konten_porno
ingin nete,percakapan_porno
belajar lagi deh bro bahasa inggris kamu masih tidak bagus masih an gausah pakai bahasa inggris deh bro sok sok an bahasa inggris kamu bro bro bocah woi ngentod anjing kerek asu seng ngomong ngono lambe lambe mangan tempe tahu ae sok sok an ngomen wong iso opo gak e bahasa inggris,percakapan_porno
kalau anak kucing nete sama ibu anjing bagaimana ya,non_porno_non_prostitusi
yg pastinya memek kamu tembem kan,percakapan_porno
b aja kntl,percakapan_porno
gay kamu ya,percakapan_porno
anjing kamu ngentot,percakapan_porno
orang kalau mau ngewe kenapa tidak pikir akibatnya nanti sih wajah menangis keras atau menangis tersedu sedu wajah menangis keras atau menangis tersedu sedu,percakapan_porno
dasar jembut,percakapan_porno
tanpa ekspresi tanpa ekspresi kamu di plot kan tidak spank2 babee jadi masij segelan ini pantat berguling guling di lantai sambil tertawa terbahak bahak berguling guling di lantai sambil tertawa terbahak bahak badannya adalah bagus kamu tapi pipinya tidak bisa disembunyiinn mbull nyaa,percakapan_porno
yg open bo tolong merapat v <links>,penyebar_konten_porno
kalau pekerja seks komersial yang kamu pakai kapan kamu nikahi ndre,percakapan_porno
oh kamu toge gue kira kamu alpin,non_porno_non_prostitusi
kamu khawatir dia tersinggung sementara dia bebas menyinggung kamu hell no sis bilang saja titit kamu kecil anjing,percakapan_porno
enaknya sama hyper sudah crot lanjut ngentot lagi tetesan keringat <links>,penyebar_konten_porno
wooiii hartoyo setelah gerebek pesta gay murka allah turunkan gempa di maluku kaum lo bikin bencana aja,non_porno_non_prostitusi
kontol ego mulut lu gapantes kamu jadi pembicara di di seminar mental health awareness asli iya kamu doang yang badannya bagus nih gue puji tidak gue jelek2in tetapi maaf cara kamu kayak sampah,percakapan_porno
aku sange,percakapan_porno
akwokaowkwkwk ngentot kamu der,percakapan_porno
lagian apa sih repot amat mengurus penis dan anus orang mau dipakai buat tusbol atau buat ganjel mobil kek toh tidak merugikan orang orang di sekitarnya gagal paham saya,percakapan_porno
ku iya terheran2 moso ono sing seko magelang ganti kulon progo apa tidak pegal bokong kalau betis e,non_porno_non_prostitusi
nih avail lirik ini yuk kak mau open batch bintang jatuh,non_porno_non_prostitusi
avail ya hari ini info dm aja availsolo bispaksolo angelsolo bisyarsolo bosolo wpsolo readysolo realbosolo openbosolo bokingansolo lendirsolo solobisyar solobirahi solobispak vcsreal vcsready vcsbugil vcscolmek vcsberbayar <links>,penjaja_seks
iya anjing bagus pada akhirnya semua nya saling menyalahkan dasar dunia kontol,percakapan_porno
avail untuk malam ini hanya 2slot ya tanda cium wajah tersenyum dengan tiga hati openbojakarta openbojakartapusat openbojakartabarat openbomanggabesar openbotamansari openbojakartautara openbojakartaselatan openbocod bojakpus bojaksel bojakarta bojakbar vcskuy jakmania ommauiphone <links>,penjaja_seks
2002 mereka masih nete merem melek gw sudah menonton dik doang gocek del piero,percakapan_porno
ga koo kamu tidak kayak gay jangan mau dih sabar astaga,non_porno_non_prostitusi
betul asal jangan interaksi sama akun shitpost yang suka posting video porno pic porno nanti muncul di lini masa yang lain,non_porno_non_prostitusi
eue sana sini bawa kabur duit puluhn jt,percakapan_porno
ngewe wkkwkwkw,percakapan_porno
ketika habis sunatan dan semua tamu datang buat cek titit lu tapi tidak apa apa sih kan dikasih amplop <links>,percakapan_porno
kagak bisa ngaceng lagi itu dua org udah tua sudah loyo cm komen doang sok sok kenceng,percakapan_porno
lgbt tidak menular dalam bentuk apapun yg bilang begini bukan gue science gen berpengaruh faktor prenatal dan struktur otak juga sangat berpengaruh itu teman kamu yang dasarnya memang gitu tetapi ya sadarnya lama dan science literally agrees that sexual orientation isnt a fucking choice <links>,non_porno_non_prostitusi
lah gue sampai diejek kampang ya gue adalah anggap bercandaan aja,non_porno_non_prostitusi
lembut sembut jembut wajah menangis keras atau menangis tersedu sedu,percakapan_porno
seandainya hari ini kita membiarkan penyakit berkudis ini bertapak maka sedikit demi sedikit ia akan menjadi barah yang tidak mampu diubati kata pu amin utusanmalaysia utusanonline <links>,non_porno_non_prostitusi
kamu tidak merasakan bagaimana jadi bangtan jadi diam saja kontol,percakapan_porno
hey kontol kok lu hapus tol apa bener begitu jok wajah berkacamata hitam <links>,percakapan_porno
mana enak begitu doang ngewe donk,percakapan_porno
kasihan banget banyak yang tak tau ini itu maksudnya love is love even if you re gay orang transgender <links>,non_porno_non_prostitusi
ngentot kamu hibari kyoya,percakapan_porno
dasar lebay kontol mampuss,percakapan_porno
kalo lewat jawab dong kalau gue spam konten lesbi kamu pada ke ganggu tidak,percakapan_porno
kntl sepi terkutuk,percakapan_porno
dasar kontol sudah nyetim hahahaja,percakapan_porno
habis perang bantal terus eue,percakapan_porno
banyak aslinya film begini dulu gue suka pembaruan lagi soalnya sejak x1 d tidak lagi jadi banyak lupa ada sih rekomen lagi jepang banyak tapi kamu bisa menonton film lesbi tidak tidak parah sih tidak ada adegan bagaimana bagaimana cuma confess tapi bagus tentang kutukan di sekolah,percakapan_porno
sekarang kalau mau berbicara anjay diganti tak terkalahkan aja anjing juga diganti woii dasar hewan berkaki 4 yang menggonggong ngentot juga diganti kegiatan suami istri saat membuat anak biar difilter sedikit wajah gembira berurai air mata wajah gembira berurai air mata <links>,percakapan_porno
jeno di sini avail yuk <links>,non_porno_non_prostitusi
ewe neh,percakapan_porno
ada teman gue lesbi tapi tidak sampai trauma jugaaih xari teman baru aja tidak semua cewek yang tampangnya agak laki itu lesbi kok,non_porno_non_prostitusi
nonton bokep itu manusiawi kan ya jari telunjuk arah ke kanan berkulit putih kuning langsat jari telunjuk arah ke kiri berkulit putih kuning langsat,percakapan_porno
lgbt itu salah di mata agama dan di mata negara dan kamu mau itu di biarin cba begini misal ada lingkungan ini lgbt isinya terus ada orang yang straight masuk ke lingkungan itu karena tidak punya tman sebut saja di sekolah otomatis dia bakal mengikut penyakit itu bully dan lain lain itu sanksi sosial,non_porno_non_prostitusi
lonte teriak lonte wkwkwkwkwk sini lah bos bilang langsung menjulurkan lidah dan memejamkan mata wajah gembira berurai air mata sirik kamu sama gue yang suka kamu cuma itu fake pula wkwk bacot doang gue adalah santai kamu adalah tidak ada apa apanya kalau gue bandingkan sama yang lain jadi enggak usah ngrasa kamu paling oke dah soalnya tidak sama sekali menjulurkan lidah dan memejamkan mata <links>,percakapan_porno
indo bokep bokepjapan bokepcina menonton film bokep bokepindia gudang bokep bokeparab cerita bokep bokepthailand bokep indo terbaru video bokep indo bokep hot bokepperawan ><links>,penyebar_konten_porno
kita ini bisnis kawan mau kawan dari masih jadi ari ari kalau sudah judulnya bisnis ya bisnis jangan teriak icip lah diskon lah ngentot lah,percakapan_porno
bokep barat ngentot dengan penjaga toko <links> bokep pembaruan bokep indo bokepviral bokep barat bokeplokal bokep hot bokep mesum bokep online bokepterbaru,penyebar_konten_porno
main sama kawan yang lebih tua ceritanya sudah mulai tentang kredit rumah persiapan nikah gaji dan segala cerita dewasa main sama kawan sebaya ceritanya cerita sedih semua mengeluh tentang beban hidup masing masing cerita fase quarter life crisis asuu,non_porno_non_prostitusi
mana kakakku rambutnya bergelombang panjang se pantat anjirlah sudah ky kuntilanak beneran wajah menangis keras atau menangis tersedu sedu telapak tangan terbuka dengan jari rapat,non_porno_non_prostitusi
dipikir nangisin anak kayak begitu malah bikin orang kasihan sama lo ga pengen ku teriak tepat di telinga kalo gamau repot punya anak ya gausa ngewe tolol,percakapan_porno
skrg gue bertanya nih ya untuk membuktikan yang tadi gue bilang it’s true 1 lu tau dari mana gue waktu itu dekat sama teman sampai kamu yang klsnya sebelahan sama kelas kita 2 dikelas kita ada yang gay dan itu kita tau dari mana dia benaran belok,non_porno_non_prostitusi
ewean cuma percepat desahan doank ngewe saja sama knalpot kendaraan,percakapan_porno
hallo say udah ready lagi nih tanda cium open bo apa emen kemang view jantung atau hati wajib kondom dan no anal no pap bugil dilarang cek rr dm wa 08872492734 openbobekasi bobekasi availbekasi cewekbookingan bispakbekasi ceweksange realangels crottsayang sangeberat bekasibo includebekasi <links>,penjaja_seks
pgnnya di euesedih atau cemberut,percakapan_porno
dengan senangnya mereka meneriakan kontol dasar seperti kita,percakapan_porno
ya sudah uninstal lah anjing lini masa gue isinye kamu doang kontol tidak guna,percakapan_porno
mampus gabisa lapor kalau semisalkan kamu dipaksa ngewe sama suami kamu nantinya apelg sampai disiksa yang padahal itu case kejahatan seksual tidak bisa ya kamu ngadu kan kita kamu itu sampah <links>,percakapan_porno
ya kamu jelek kenapa tidak jadi lesbi gay,percakapan_porno
pernah gue cuekin 2 bulan gara gara gue capek dia sedih sendiri cerita ke teman kita terus tau ga respond itu orang begini yaudah kita mengerti sajalah kita lebih dewasa daripada sih kan haha mannn,non_porno_non_prostitusi
bayar internet berempat tetapi satu orang torrent an terus speed kesedot ke dia doang ngentot tau tidak lo,percakapan_porno
ya sama saja kayak mustopo ayam kampus wkwk <links>,percakapan_porno
mucikari ya lu,percakapan_porno
kamu tau arti lonte kan kalau mengetik disaring dulu cuy,percakapan_porno
pngen banget kontol gue ada di mulut lu,percakapan_porno
emg kontol kamu pada,percakapan_porno
apaan sih kamu ngentot sjw tolol,percakapan_porno
kalo niat nikah cuma buat ngewe halal mending pikir lagi sih gua kelahiran 90 tapi belum ingin nikah ortu gue juga tidak masalah gue mau nikah apa kagak seriusan deh kamu pada cepat cepat mau nikah biar apa sik,percakapan_porno
izin promo suhu berdoa atau dua telapak tangan menempel avail in out wa 089693229738 balinesemassage terapis pijatpria,non_porno_non_prostitusi
anjing dasar kntl ternyata ada zoom tapi gurunya ga bilang bilang goblokkkkkk,percakapan_porno
ente bilang lgbt banyak jadi pendukung pak jokowi gue kasih kamu fakta ngeles lagi sekarang ini banyak jenis jenis lalat yang mengganggu kehidupan bermasyarakat semoga anda bukan lalat jangan lupa makan siang kalau tidak ada uang daftar terima bansos kwkwkw,percakapan_porno
avail say 100 open bo jakpus cash no dp tetesan keringat cek rr segera telepon 085607318116 availjakarta availjakpus bojakarta bojakpus openbojakarta availjkt bispakjakpus bisyarjakpus bispakhot wpjakpus panlokjakarta kulinerlendir angeljakpus realbo trustedbo recomended4bo <links>,penjaja_seks
video bokep siska atau siskaeee pns bokep ojol dan sma ada semua di sini <links> unduh dan menonton gratis tanpa vpn,penyebar_konten_porno
hemmm dasar kontol wrwrrwrr,percakapan_porno
dasar pencinta toge,percakapan_porno
ngentot kamu anjg,percakapan_porno
dasar kontol dianya saja yang sangean hih dia yang sange tapi betina yang ribet,percakapan_porno
kalah bacot ya apa kamu nya juga gay,percakapan_porno
we ngewe ngewe mlu tobat kamu pda,percakapan_porno
ka radha vidcall aku pindah ke ruang tamu biar tidak kedengaran orang orang rumah kakak anna suara kenceng adin lo mau liat lonte dandan gak,percakapan_porno
retjeh dasar abang toge,non_porno_non_prostitusi
wah jangan ngentot mulu kenapa nanti tidak bisa gacenk lu,percakapan_porno
hshshsh kalau bisa ini terakhir kalinya ya kamu cerita ini karena pas kamu cerita aku yakin itu mengupas luka itu lagi dan bakal susah lagi buat dilupain walaupun jarak waktu kejadiannya sudah lama tapi rasa sakitnya tetap sama apalagi makin dewasa pikiran makin kemana2 smangat syg denyut jantung hadiah hati,non_porno_non_prostitusi
temanku tidak main twitter aku tidak ingin dia melewatkan cerita bayi bayi yang nete di titit wajah menangis keras atau menangis tersedu sedu wajah menangis keras atau menangis tersedu sedu wajah menangis keras atau menangis tersedu sedu wajah menangis keras atau menangis tersedu sedu wajah menangis keras atau menangis tersedu sedu wajah menangis keras atau menangis tersedu sedu wajah menangis keras atau menangis tersedu sedu wajah menangis keras atau menangis tersedu sedu wajah menangis keras atau menangis tersedu sedu wajah menangis keras atau menangis tersedu sedu wajah menangis keras atau menangis tersedu sedu wajah menangis keras atau menangis tersedu sedu wajah menangis keras atau menangis tersedu sedu wajah menangis keras atau menangis tersedu sedu wajah menangis keras atau menangis tersedu sedu wajah menangis keras atau menangis tersedu sedu wajah menangis keras atau menangis tersedu sedu wajah menangis keras atau menangis tersedu sedu wajah menangis keras atau menangis tersedu sedu,percakapan_porno
bandel juga ini kakek berguling guling di lantai sambil tertawa terbahak bahak bokep bokepindo ngentot bokepasian crot bokephot horny sange kontol boobs blowjob milf blondecum filmmalam nontonbokep bokeponline <links>,penyebar_konten_porno
kok percaya diri ya kamu foto pakai caption gitu masa gue harus titit gua keras mbak siap menghangatkan rahim mu,percakapan_porno
beb kamu sudah siap aku jembut ya sesaat sebelum perkelahian dimulai,percakapan_porno
fix kucingnya gay,non_porno_non_prostitusi
pegi lu sana g sudi gua enggak maho,percakapan_porno
itu jembut,percakapan_porno
hati kuning avail sekarang juga real angel not fake bisa direct message ya openbooking bojakpus bojakarta openbojakarta cewekbojakpus availjakarta openbooking bisyarjakpus bisyarjakarta availjakarta availjakpus bojakarta angelbojakpus openbojakpus openbojakpus realangel,penjaja_seks
anjing dari tadi gue kira kamu makan titit benaran wajah kecewa namun lega wajah kecewa namun lega wajah kecewa namun lega,percakapan_porno
setuju sama semua poin disini meskipun kamu gay menurut gue tetap ada namanya kesetiaan sama pasangan terlepas dari orientasi seksualnya yang menyimpang ya <links>,percakapan_porno
dan dua duanya berisiko besar berpenyakit knp sih para homo sudah tau berisiko penyakit menyeramkan kayak begitu masih mau di jalan begituan lu suka cowok okela tetapi bisa tidak sih tidak sampai ke ngewe,percakapan_porno
ohh dulu tiao aku main game sekarang kamu pula main game cb buang masa ngentot ngkak anjir kamu bajingan hehe luv kamu qil,percakapan_porno
dasar perek,percakapan_porno
jembut sapa yang kamu bawa bawa syg,percakapan_porno
open video call sex berbayar tarif cek wa lia wa 0812 5291 8987 terima kasih yang sudah transfer mengedipkan mata mengedipkan mata menyentuh hati atau memberikan ciuman hati menyentuh hati atau memberikan ciuman hati berdoa atau dua telapak tangan menempel <links>,penjaja_seks
negara ini kan punya aturan kenapa orang psk tidak tau aturan jika benar menjamin pengambilan jenazah covid 19,non_porno_non_prostitusi
avail morningsexy yaa beb rr dm kembang sepatu pelangi wjb cpas noanal openbojogja jogjaopenbo jogjabo availjogja angeljogja bojogja openbojogja bisyarjogja bispakjogja jogjanakal kimciljogja wpjogja ayamkampusjogja lendirjogja cewekbookinganjogja <links>,penjaja_seks
masalah suka knalpot di bawa ketopik talkshow yang bahagia itu para agen lgbt nya yg gay ngelanjutkan pestanya an y lu,percakapan_porno
kntl loe,percakapan_porno
mau itu gay bi straight yang jelas itu bukan urusan kamu buat mengurus hal pribadi orang lain catet,non_porno_non_prostitusi
lu diejek lesbi masa,percakapan_porno
lo tidak lihat twit terbaru gua pliss gaosah ganggu gaosa jadi perusak hubungan gue sama tayanx mpi alias v alias kim taehyung titit,percakapan_porno
saya tidak salah kan saya bukan pencuri kan kontol kamu anjir tidak menyambung tolol wkwk <links>,percakapan_porno
masih untung mamak2 dan tante tante setengah tuwir pada teriak ovarium gue meledak atau rahim gue anget waktu jonathan jojo christie buka baju nanti kalau dia buka baju lagi pada teriak teriak meki gue meledak tidak ya wajah dengan mata berputar wajah berpikir wajah berpikir,percakapan_porno
maklum bencong,percakapan_porno
asadekontol sama kamu smwa ngentot ngentot sama kamu smwa boun cikadap <links>,percakapan_porno
jancuk asu jembut kirek jaran wedhus matamu tempik kimpet bangsat bungul tambuk hali gkda otak gkda akhlak tai kuro anak coro tai laso yang kasar banyak cuma 1 kata saja yang kamu bahas anjay,percakapan_porno
baguss kelihatan muka muka penis,percakapan_porno
snap penuh dengan welcom september semoga lebih baik tai kucing kalau pekerjaan kamu cuma rebahan scrool scrool handphone doang mana bisa lebih baik kontol,percakapan_porno
baru masuk sudah bagi bagi bokep bagaimana tidak ambyar <links>,penyebar_konten_porno
konsepmu agak beda ya wajah gembira berurai air mata kalau butuh pelukan dan belaian cari suamin saja ciiiin menanggung kalau sama gay monyet yang menutupi mulutnya dengan tangannya tidak berbicara jahat,percakapan_porno
open vcs cs ps camsex nobasabasi wa 083136337843 mumpung promo gratis video and foto yg ikut vcs real dan terpcya basabasi auto blok no php vcsbugil bokepviral vcs memekperawan openvcs vcssange videomesum vcsberbayar vcsreal bokepsma vcsyuk trustedangel open <links>,penjaja_seks
wis to rasah digagas orang kui isuk ngaceng awan loyo og,percakapan_porno
memek rapat memek ngewe ngentot sange bahancoli <links>,penyebar_konten_porno
ngentot di kost dengan pacar <links>,penyebar_konten_porno
jablay militer apaan lagi wajah menangis keras atau menangis tersedu sedu,non_porno_non_prostitusi
memek sudah lower juga kontol kamu masih ngaceng tidak berhenti kawin yangciuman,percakapan_porno
ngewe adalah belakangan yang penting banyak duit dulu akwowkoqkwowkwowkwk,percakapan_porno
lu mending cari penis benaran dek daripada gtan ga muat juga di elu,percakapan_porno
apa hak kamu memaki anak gadis orang anak lonte cowo anjing,percakapan_porno
gabisa berak begah banget perut kayak habis korup duit rakyat tubuh lelah tetapi tak bisa tidur dari kmaren mata merah seperti overdosis bokep oh jadi begini cara organ tubuhku membalasku setelah bersama selama hampir 19 tahun oke baik bajingan jika ini maumu <links>,non_porno_non_prostitusi
mau video boleh mau video call sex juga boleh yang tidak boleh ya tidak bayar senyum keringat open video call sex by wa 083180276414 ditunggu orderannya vcscrot vcstrusted vcssange vcs vcsbugil vcscroot vcswhatsapp vcsreal memekbecek abgsange openbojogja toketgede camseks itsokaytonotbeokayep7 <links>,penjaja_seks
ngentot lu tau ngentot tidak kamu ngentot,percakapan_porno
iya wak bencong toxic iyakan harhar,percakapan_porno
gue kayak mucikari,percakapan_porno
copo pantas emak kamu ragu kamu bisa ngaceng apa kaga,percakapan_porno
malang betul nasib pria yang satu ini ia terpaksa dilarikan ke rumah sakit setelah sang istri melukai penisnya karena perkara tikus gimana ceritanya zambia via <links>,non_porno_non_prostitusi
tapi di bawah nya ada kontol kan ngaku kamu wkwk,percakapan_porno
lahyo makae lek onok grup bahas gema positif metuo ojok ngewe ae,percakapan_porno
and aslo to put it in a legal context tidak ada dasar hukum yang mengkriminalisasi kegiatan ini mau straight atau gay semuanya cuma persekusi tanpa dasar <links> <links>,non_porno_non_prostitusi
bacot kontol kalau sb kotor gue gaplok kamu sumpah,percakapan_porno
yang bilang bubble nya baekhyun itu fakesub atau mistranslation ngentot lo buta mata lo ketutup konten apa gimana jelas jelas semua fanbase nge translate begitu dan bisa bisanya kamu bilang itu fakesub lah drama lah kontol lo katanya fan tapi tidak percaya apa yang idolanya bilang jari tengah,percakapan_porno
alah kamu adalah kayak lonte,percakapan_porno
gue kok tidak enak begitu ya mau mengetik kntl soanya nama pengguna kamu ustd,percakapan_porno
blood link tiap episode nya ngewe ngewe saja tros anjrot apa tidak cape wajah menangis keras atau menangis tersedu sedu,percakapan_porno
ngentot lu,percakapan_porno
punya anak cewek pas nanti dia merid、air mata bisa muncrat deras keluar bang berdoa atau dua telapak tangan menempel berdoa atau dua telapak tangan menempel,non_porno_non_prostitusi
si desi cemen kayak bencong saja wkwkwkwk,percakapan_porno
kenapa sih kamu bencong,percakapan_porno
kalo mengikuti katanya revina kelamin kelaminnya mereka ya terserah mereka lah kalau mau ngentot emang dasar pemuka agama sama negara saja kurang kerjaan orang ngentot lah diurusin menonton bokeplah diurusin padahal banyak hal yang lebih penting,percakapan_porno
iyah di cewek yang akhlak nya glowing kalau malam open bo juga gpp,percakapan_porno
100 ready open bo 100 sex pagi ini di palembang minat langsung info dm panggilan masuk atau telepon masuk wa panggilan masuk atau telepon masuk 085381665317 lontepalembang lendirnikmat lendirpalembang openbopalembang exclude memekbasah memekbecek memeklonte kontolsange kontolngaceng ngentotcewek availpalembang include include <links>,penjaja_seks
malah dikira ngeprank anjing pada baca berita tidak sih ngentot e maaf habis gemas jadi cowok goblok amat pada,percakapan_porno
kan aku yang mau nete ajg masa aku isep tete aku sendiri,percakapan_porno
lgbt tidak mandang fisik saja bro isi sempak kamu juga mengundang dia buat punya ketertarikan sexual jadi fine fine saja jaga jarak dan agak membatasi pergaulan dengan dia,non_porno_non_prostitusi
merda merda kasihan banget hidup nya klub nya yang kalahan yang salah juve banyak alasan kelihatan banget pecun dang,percakapan_porno
ia meminta agar anak anak tersebut berhenti menonton porno <links>,non_porno_non_prostitusi
cb kamu bikin anak dulu toyo baru rasakan malu tidak anak kamu ketangkep jadi gay,percakapan_porno
sahabat twitter sosok mana yang lebih anda sukai kaum radikal ganteng hafal quran mahir bhs arab ahli soal agama,non_porno_non_prostitusi
real booking kota jambi angel real accont avail booking ledis angel no php isi keep slot nya sayang info bisa langsung direct message wa avail pagi ini sayang indo07,penjaja_seks
ketemu bencongsedih atau cemberut,non_porno_non_prostitusi
knp sih itu blog tanggal 14 agustus noel di twit jelas lgbt nya wkwk itu bukan lgbt anjir menurut pendapat gue namanya tarian kontemporer tidak harus ditulis lgbt kok gue kesal sih wajah gembira berurai air mata di situ memang noel bilang tidak terbatas oleh gender tp bukan berarti kamu harus bilang itu lgbt,non_porno_non_prostitusi
hai wanita kesepian gigolo gigoloindonesia gigolobandung gigolosurabaya gym sixpack cowokbokingan cowokpanggilan cowokbayaran cowokatletis ccsteam cowokbu escort maleescort cowokescort gigolobali bokep videobokep cowokcoli videocoli kuli <links>,penjaja_seks
tapi kalau sudah dikasih jatah tidak sange lagi paling besoknya wkwkwk,percakapan_porno
ah tdk enak itu tdk ada gairahnya cari yang bokong besar agar nikmat tersipu atau tersenyum dengan mata bahagia,percakapan_porno
kanker serviks adalah kanker yang menyerang area serviks atau leher rahim yaitu area bawah pada rahim yang menghubungkan rahim dan vagina,non_porno_non_prostitusi
gua tau kalah bikin emosi nyari point perlu effort tapi apa perlu kalau marah sampai bilang orang tua lonte kalau kamu dibegitukan seneng ya kalau mau bacot ya bacot playernya bukan orang tuanya senyum keringat,percakapan_porno
hamil kalau habis make kamu ngewe,percakapan_porno
yaudah minggu depan cerita pakai video porno,percakapan_porno
main ke instagram menemukan beginian di instagram cerita teman aku hadeh it s just straight up ignorant padahal sahabat gue yang gay temannya dia juga he must be feeling sok bad reading this kadang heran yang homophobic justru lebih koar koar soal ginian <links>,non_porno_non_prostitusi
kwkwk banci bisa saja kalah debat pasti gue ama gay ampun bang kamu menang,percakapan_porno
hmm mulai ada bibit2 jadi mucikari nih menyeringai atau wajah tersenyum sombong menyeringai atau wajah tersenyum sombong jualkan gue ke tante tante bisa,percakapan_porno
ktanya dia jadi gay habis dengarkan solo stuffnya j wowkkssjjsjshsdh j malah meladeni lagi anjir klo kamu mau gue juga mau wajah menangis keras atau menangis tersedu sedu wajah menangis keras atau menangis tersedu sedu wajah menangis keras atau menangis tersedu sedu mereka jadi sohiban banget sama sekarang dimana ada j di situ ada kris wajah menangis keras atau menangis tersedu sedu,percakapan_porno
ya kamu kalau ngaceng nya sama laki laki terus dipaksa ke perempuan bisa ya itu saja sebenernya hak ngacengnya itu lah yang dimaksud kalau sampai melanggar hak anak anak ya itu jadinya child molester jangan misconception sih,percakapan_porno
gapapa bor hari ini gue belum bisa partisipasi maksimal besok hati hati ya gue boyong ayam kampus jadi jawara di kampung ini,percakapan_porno
si didu belum sempat ambil sabun sudah keburu muncrat manuke,percakapan_porno
mau kamu apa sih anjing tadi mengajak ngewe,non_porno_non_prostitusi
tantangan ngaceng selama seminggu nonstop,percakapan_porno
apasi sayang kurang di ngewe ya,percakapan_porno
muka kamu kayak kontol,percakapan_porno
dari sekian banyaknya organ tubuh kenapa harus titit kamu yang ngilu,percakapan_porno
orang lagi batuk tidak ditutup lagi dasar kontol,percakapan_porno
rangga sini gue potong titit lu,percakapan_porno
masih sore masnyaahh banci pengkolan saja masih baru pada mandi,non_porno_non_prostitusi
woi mukontol keluar lo pelacur sok agamis lo dasar titit cingkrang,percakapan_porno
mulai sekarang open vcs real bo tarif dm trusted real no hoax ya say vcscolmek vcscroot vcsbugil vcsreal vcsready bokephdfull openvcs vcsline memekperawan memekbasah vcstrusted ngentot vcsreal sangeberat vcsberbayar,penjaja_seks
kasi tau video call sex atau jual konten yang trusted dong itu namanya mucikari gblk cari sendiri lah kalau bertanya ini real atau menipu baru gue jawab komisi ya wkwk,percakapan_porno
wis ra nggumun nih sama liga opa perek ballon d or saja isoh dituku apa lagi mung laliga cuakxkszzz wajah lega,percakapan_porno
nah kamu teganang jembut pang ngakak,percakapan_porno
bruh aku pribadi tidak dukung lgbt ya biarkan saja deh dan mang kalau mau kiamat bisa apa manusia cuma bisa buat keputusan kiamat urusan allah swt dan umat manusia tidak straight kea kamu doang,non_porno_non_prostitusi
eh bang perek baru keliatan wajah gembira berurai air mata wajah gembira berurai air mata,percakapan_porno
cam cum cam cum coli masih sedetik doang saja bangga kamu kntl buang buang kuota banget dih,percakapan_porno
kayak kamu tidak bencong saja tolol dia masih mending cakap adalah cakepan selangkangan katak,percakapan_porno
avail bomagetan menyentuh hati atau memberikan ciuman hati serius minat langsung wa sayang ornamen tanda seru hati yang berat gk suka php dan basa basi hati yang berputar wa 082152064870 bikini lipstik availmagetan expomagetan bomagetan wpmagetan availmagetan expomagetan bisyarmagetan bomagetan realangel rekomendedbo realvcs trustedbooking vcsberbayar <links>,penjaja_seks
dongok banget anjing otaknya pindah ke pantat itu org,percakapan_porno
ready avail bogor paku penanda atau pushpin bo vcs info rr direct message ya jari membentuk ok amplop dengan panah angelbogor expobogor bispakbogor availbogor trustedbooking realangels,penjaja_seks
berbuih aku suruh ajar semalam pantat,percakapan_porno
nah itu paham istilah marital rape berarti ada cuma kamu pakai narasi haram aja ngewe halal memang ibadah selama ada consent di kedua belah pihak jadi perkara ngewe consent itu bukan omong kosong malih,percakapan_porno
ngewe vcs pap meki pap tete ke pacar lu tidak jadi jaminan pacar kamu bakal setia cokk wajah gembira,percakapan_porno
cewe mana tau rasanya ngaceng tanpa alasan,percakapan_porno
wedok isinya sindar sindir tok cok anjing ngentod,percakapan_porno
mau ngentot kok nikah sih ya bo saja anjing tidak usah nikah kalau mau ngentot doang mah kalau mau berkeluarga baru nikah tolol lu,percakapan_porno
eh kontol babi anjing apa kamu masalahin kata anjir kayak kurang pekerjaan saja kamu mending kamu pikir bagaimana majuin indonesia ngapain kamu malah masalahin kata anjir dasar kamu lutfi ngentot babi,percakapan_porno
lu enggak bisa anjing dengan mudanya ngomong lu harus bangkit memang kamu enggak kasihan sama orang tua lu atau kata kata tai lainya sama orang yang lagi down enggak bisa ngentot kalau memang bangkit yang kamu mengomongkan itu gampang tidak bakal ada itu yang namanya depresi di dunia ini,percakapan_porno
balas lagi nder bilang kayak gini titit lu kecil banget bangsat lu niat gak jadi cowok gue mau cari orang lain aja yang tititnya lebih bagus dan mulutnya beradab titit kecil juga banyak tingkah lu,percakapan_porno
halah tai kalau dapat pap kontol dari contact person saja kamu berkoar di lini masa guys jadi aku mau spill contact person ku yang penjahat kelamin a thread,percakapan_porno
kecil banget kayak titit lu,percakapan_porno
bangsat buat yang ngepost poto telapak kaki tapi ada lobang lobang nya anjing babi lo ngentot,percakapan_porno
gw tidak suka ya kamu cerita tentang masa lalu kamu yang ngewe ngewe itu ya gue tidak suka tau tidak sih gue itu jelous bgstsedih atau cemberut,percakapan_porno
sange lihat memek kamu,percakapan_porno
kan menerima sebagai manusia bukan menerima lgbt nya mau kamu kontra dan pro lgbt gue tidak peduli tapi menerima mereka sebagai manusia itu sudah dasar dari kemanusiaan,non_porno_non_prostitusi
lu lagi memikirkan apa aa masa mau ngewe muluk,percakapan_porno
sorry kalau komen teman malah ikut video porno tidak tau,non_porno_non_prostitusi
harusnya kakek yang empok empok in cucu nete,percakapan_porno
zdi uwu,non_porno_non_prostitusi
lu mancing bencong jam segini gus,percakapan_porno
ngentot pelupa lo melakukan dosa gamungkin kamu lupa sejak kamu save the photos najis dengarkan suara orang doang bisa masturb dude kamu need doctor <links>,percakapan_porno
suaranya memek tembem ya harus gitu berguling guling di lantai sambil tertawa terbahak bahak berguling guling di lantai sambil tertawa terbahak bahak,percakapan_porno
ngaceng dan wkwkwk,percakapan_porno
untuk orang yang ngata ngatain orang atas nama agama agama lu dimana ngentot lu nyembah tuhan apa ego lu <links>,percakapan_porno
polos seperti pantat bayi,non_porno_non_prostitusi
ready sekarang auliya open vcs bugil tarif dm wa trusted real wa 082179455719 no hoax ya say vcscolmek vcscrot vcs,penjaja_seks
kok darahnya tidak muncrat ya,non_porno_non_prostitusi
pgn doggy in cewek sange,percakapan_porno
yang ngewe orang yang ribet lu,percakapan_porno
yaudah 1 apa yang buat kamu jadi lgbt berarti sebelum nya kamu normal kan 2 lu pikir kita mau begini berarti kamu sebenarnya tidak mau jadi lgbt terus kenapa kamu tidak berubah kayak dulu lagi,non_porno_non_prostitusi
to pleass daro us waqat sayang jub app allah kay samny jao gay abi be waqat hai apny app kok islami trqay sayang sahi kar kamu werna merna to sub kok hai,non_porno_non_prostitusi
lo kan sudah gede sudah jembutan mengerti ngewe kenapa lo tolol banget bego sudah jelas di haramkan anjeng percuma sudah lo juga di sekolahkan tapi masih bego juga dahlahmakintololajalo,percakapan_porno
nder gue kasihan sama lu kamu mau maunya di begoin cowok lu nder kamu umur masih 21 terus kamu bunting sama pacar lu terus kamu gugurin kandungan lu nder suatu saat pacar kamu bisa meninggalkan lu itu catet omongan gua tau punya mental tidak stabil tapi ngewe saja stabil,percakapan_porno
cocok nama kamu jadi kintot kinara ngentot,percakapan_porno
open bo or video call sex ke enakan banget di genjot kuat lelaki ini yang mau bayarkan video full nya langsung transfer ya tidak suka yang basa basi lama banget lo durasi nya menyentuh hati atau memberikan ciuman hati menyentuh hati atau memberikan ciuman hati menyentuh hati atau memberikan ciuman hati openbo openvcs vidiobokep vidioberbayar topshemale wariabayaran ladyboydating recomended4bo rimming top bodygools <links>,penjaja_seks
eh salah metal crush kamu ya ngentot,percakapan_porno
hanya kasur dan bantal menjadi tempat paling nyaman untuk mereka <links>,non_porno_non_prostitusi
posisi begini mantap iya coli kontol gay <links>,penyebar_konten_porno
privasi bagaimana sih astaga jelas2 video porno ditonton sama yang cukup umur saja bahaya kalau sering apalagi di bawah umur wajah senang atau tersenyum,non_porno_non_prostitusi
happy wekend syang tanda cium dua hati tetesan keringat dhea ready vcs booking dan member foto video juga ready wajah tersenyum lebar bermata hati menyentuh hati atau memberikan ciuman hati cusss yg mau order join dm ya jari membentuk ok vc,penjaja_seks
sampe salah gue ngakakin kamu sampai muncratwajah senang atau tersenyum <links>,non_porno_non_prostitusi
bokep <links>,percakapan_porno
tidak mau bangsat nanti kamu adalah buat ngewe,percakapan_porno
lgbt gmna sih rasanya dibegitukan sama teman sendiri temen kamu sendiri coy yang kamu percaya sedih atau cemberut dan kamu baru sadar sejak kejadian waktu itu,non_porno_non_prostitusi
apa sange itu termasuk overthinking,percakapan_porno
iya iya anjing ga semua cewe cantik tapi emg sebegitu susahnya saying kind words ke jenis sendiri kontol lo lo semua iya iya makan tu freedom of speech bsk2 kl kita cmn dinilai dr fisiknya sm kaum lelaki gausa rewel feminisme2an ya anjing gausa koar2 mental awareness ya mmk,percakapan_porno
siang sayang avail video call sex dan bo no basa basi info by wa 085271571147 <links>,penjaja_seks
ngaceng <links>,percakapan_porno
enak saja kamu punya masalah sama satu orang tapi berani menunjuk semua orang sambil neriakin babi kurang ngewe anda mbak kalau ada masalah di rumah jangan lampiasin ke orang goblok,percakapan_porno
selembut jembut sembut <links>,percakapan_porno
obrolan ringan dengan bisa diakses di link berikut monmaap para suhu dan mastah kalau banyak yang kurang podcast csd cerita sex dewasa <links>,penyebar_konten_porno
availbali bagi yang serius ya bunga tulip bo vcs akun real 100 panggilan masuk atau telepon masuk wa 082268017985 pin bulat denpasar bali include exclude gedung kantor bobali avail,penjaja_seks
gajetot ga jelas kamu ngentot,percakapan_porno
goblok kamu kontol,percakapan_porno
tapi kamu bilang milik kami yang artinya kamu ikut didalamnya dan gue gabilang nabi ada yang gay kok gue gue tanyakan bagaimana kalau mereka yang gay tapi tidak melakukan perbuatan tersebut apa pantas mbaknya menilai mereka hina kayak gitu,non_porno_non_prostitusi
knp bisa sange sama orang gila kayak gwe wajah berpikir <links>,percakapan_porno
iya saya juga tau banget mas bukan dijauhin saya di sini sangat menyayangkan mas yang bilang sekarang tidak usah mengurus apa yang bukan urusan lu seolah olah lgbt bukan permslhn besar dan saya tidak ada itu bilang mas mendukung mereka oke aku salut sama mas yang sudah ngelurusin mereka srry,non_porno_non_prostitusi
di dekat kampus gue ayam geprek sepuluh ribu sudah dapat nasi tahu tempe sambal sayur2,non_porno_non_prostitusi
suami tidak mau ngalah anak nete dia juga ikutan wajah dengan tangan menutupi mulut wajah dengan tangan menutupi mulut wajah dengan tangan menutupi mulut,percakapan_porno
memek mu tembem bangettt,percakapan_porno
eh lur kamu kalau cuma lihat dari satu sisi iya bakal mojokin salah satunya coba kamu lihat dari sisi yang lain kontol,percakapan_porno
berarti kalau tidak pergi tidak pernh sisiran rambut kamu sudah kayak jembut dong jadi nya,percakapan_porno
memang ya ngelawanin bencong tidak ada abisnya namanya bencong tidak suka perempuan dan tidak mau kalah dari perempuan xixixi,percakapan_porno
lu berdua gay,percakapan_porno
gerombolan partai keadilan sejahtera masih bisa booking pecun di hotel travel fashion hotel dan area sekitar gunung sahari plus markas besar dan sekitarnya aleksis adalah cuma tumbal buat pencitraan sisanya di amankan sama wan abud,percakapan_porno
gua tidak ada masalah sama yang gay tapi kalau kamu punya istri dan kamu ngebohongin dia nyelingkuhin dia nularin dia penyakit macam macem sumpah gue potong saja titit kamu sini atau gue tusuk bool kamu sini pakai besi panas kesel banget gua mau apapun orientasi seksual lo tolong setia,percakapan_porno
ngewe kebutuhan men,percakapan_porno
sama saja kamu kayak ilhan wajah gembira ngewe tidak tapi disuruh minum obat kuat,percakapan_porno
gue gapeduli banget mau kamu gay apakek gapeduli tetapi tolong kalau sudah tau orientasi seksual kamu kayak begitu ya enggak usah nikah cuma buat menutupi kedok egois tau tidak njingggggg nyepam banget kamu hidup ah elah,percakapan_porno
betulll sangattt i ada anak sedara wallpaper dinding semua moto kereta rentas negeri hasil seni diorang kalau tanya tu dia akan cerita satu² wajah gembira berurai air mata wajah gembira berurai air mata wajah gembira berurai air mata harap pandai seni sampai dewasa sebab selalu menang competition,non_porno_non_prostitusi
ahh jadi tipikal cewek alter yang di ajak ngentot sama masnya yang good looking toh kmren bacot doang menurun ya aku kira kamu baik ya ternyata ya kontol mu layaknya teh celup sana sini ah kmu menjijikkan banget lah haha untung tidak pernah cerita banyak jadi tidak jadi bahan motus buat ewean,percakapan_porno
p for kampang,non_porno_non_prostitusi
woi kalau kamu perlu sex education bukan berarti ku harus open bo atau ngewe ya googling sono,percakapan_porno
vcs availvcs avail seperti biasa ya sayang langusng saja wa 081271780431 buat video call sex langusng layani vcsbugil vcscroot vcscolmek vcscroot realangels realangel vcsindonesia openvcs openbo availjogjakarta vcshot availvcs availvcs vcscolmek vcscrot <links>,penjaja_seks
open bo pijatdenpasarbali area denpasar wa 081260768114 pasutrijakarta pasutrimedan pijattante brondongtante pijatplusplus tantesangeberat tantemalang pasutri3some pasutribali openbooking massagebodytobody massagefullbody massageplusplus tantegirang,penjaja_seks
moga kontol lu bucat semua anjing,percakapan_porno
kntl kamu dil,percakapan_porno
dari kemarin kamu cuma mengutip soal no gay gene pdhl gue tidak pernah lo menyertakan soal gay gene ke dalam diskusi gue sama lo dlm penelitian itu malah membuktikan kalau kenapa seorang jadi homoseksual itu lebih kompleks simak juga pendapatnya neurolog di sini <links>,non_porno_non_prostitusi
open order pijat dan bo wa 08121 8631 9945 pijatjakarta pijatpriajakarta pijatprofesionaljakarta pijatpanggilan pijathotel massageboy pijatplusplus massageboy,penjaja_seks
ace kok follow dan rep base alter ya memang orang ace kamu kira tidak boleh follow base gitu terus kamu kira semua orang follow base buat cari partner ngewe doang apa main kamu kurang jauh bro,non_porno_non_prostitusi
udah lihat instagram story mahasiswa kampang mengeluh dengan tugasnya belum hari ini,non_porno_non_prostitusi
kelar juga nih proyek kampang,non_porno_non_prostitusi
perawan itu kalau sudah ngewe berarti sudah tidak perawan tetapi kalau selaput darah low yang tidak ada tetapi kamu tidak pernah ngewe berarti kamu masih perawan,percakapan_porno
cerita dewasa pemerkosaan terhadap april cewek bandung untuk cerita dewasa silahkan menuju link berikut link » link » <links> partai99 agenbola pokeronline bandarq agenpoker sportbook ceritadewasa agenonlineterpercaya <links>,penyebar_konten_porno
ini yang gue gasuka kamu gay tapi kamu menarik yang straight buat ikut sama lo jahat anjir wajah sedikit tersenyum <links>,percakapan_porno
ye jancuk juga artinya ngentot kamu saja yang gatau,percakapan_porno
pelaku memeras korbannya dengan menggunakan video porno <links>,non_porno_non_prostitusi
gimana perasaan kamu kalau di fitnah suka ngewe sama teman sendiri karena satu room terus padahal tidak ngewe si jelek ini bikin fitnah bahaya banget anjing ggggeraammm,non_porno_non_prostitusi
<links> kumpulan cerita sex,penyebar_konten_porno
jakajaksjkf lo siento,non_porno_non_prostitusi
gue enggak bisa ngewe ca,percakapan_porno
apalagi pas ngaceng tidak pada tempatnya wajah menangis keras atau menangis tersedu sedu,percakapan_porno
barusan aku menonton film monster film tentang aileen wournos omg sedihsedih atau cemberut selama ini aku tau dia dari tulisan tulisan di google doang aku tau kisah kisah masa lalu buruk dia dan keluarganya yang bikin dia jadi sehancur itu dan jadi psk,non_porno_non_prostitusi
mkssst tanda mengedipkan mata atau menyeringai ditengah tengah kntl,percakapan_porno
itu titit kamu ngaceng kecil amat <links>,percakapan_porno
kapan ya muka aku semulus pantat bayi baru lahir,non_porno_non_prostitusi
alah ayu2 gayane selangit paling dilit ngkas iya open bo,percakapan_porno
hahaha iya bener gk pernah gue lihat lgbt diusir dimall kecuali kamu mantap2 disana dan dikosan adalah cewek cowok juga akan terciduk kalau ngewe bray kalo tau dilarang ya main aman aja spupu gue gay noh tinggal sama pasangan gaynya udh 6th gue sama kakak doang yang tau karena dia tidak pamer,percakapan_porno
masak air biar mateng nonton bokep biar ngaceng,percakapan_porno
tapi kan kamu bisa baca kontol bukan ledis dan jentelmen tolong welcome to mei contri,percakapan_porno
skandal bokep terbaru bawah meja download full <links> <links>,penyebar_konten_porno
drama bencong meme wajah gembira berurai air mata <links>,percakapan_porno
di masalah begini gue pikir lebih berharga lonte benaran anjir daripada lonte alter dibayar kaga digilir apalagi tanggungjawab wajah bosan wajah tidak senang,percakapan_porno
coba sudah musim begini ya mas mas dts sih dikon open bo wajah gembira berurai air mata,percakapan_porno
maunya ngewe kamu,percakapan_porno
open vcs tetesan keringat tetesan keringat vcscrot yang mau langsung aja wa 085854559676 no basa basi tanda cium tanda cium vcs vcscolmek vcscroot vcsbugil vcsreall vcsreal vcsberbayar vcsberbayarpulsa vcswhatsapp vcscolmek vcsyuk vcssidoarjo availsidoarjo bosidoarjo vcssange videobokep vinagarut <links>,penjaja_seks
lu berdua gay <links>,percakapan_porno
ketika memek becek aku harus apa,percakapan_porno
udah dibilang anak lonte wicis dia bilang mak kamu lonte klo masih bertahan saja pintarnya kebangetan kamu nder,percakapan_porno
bot under 20 kurus mana ya lagi ingin ngewe nih cus direct message tidak pakai lama gayjogja,percakapan_porno
tidak pernah ngewe,percakapan_porno
lgbt lu goblok bat tolol,percakapan_porno
kakek bisa apa sih jalan aja dah sempoyongan belagu mau rontokin jembut orang dah kamu tenang2 saja di rumah kakek peot wajah gembira berurai air mata menyeringai wajah gembira,non_porno_non_prostitusi
kontol belum dilarang kan kontol kamu lutfi,percakapan_porno
pusing avail area jakarta 100 real cod no dp wa 085770190458 openbojakarta availjakbar elidah menjulur keluar nakal ceria atau mengejek dengan mata tertutupojakarta bojakpus bojakbar availjakarta availjakpus panggilanhotel bisyarjakarta openbojakarta expojakbar availjakpus wpjakarta expojakbar expojakpus excludejakarta <links>,penjaja_seks
download <links> untuk menonton bokep gratis,penyebar_konten_porno
open vcs berbayar real no tipu tipu open member video foto di bawah 18 tahun dilarang 200k dolar 1jam 100k dolar 30 mnit 50k dolar 15mnit info rr wa panggilan masuk atau telepon masuk 085838773021 vcscolmek vcsbugil vcs vcscrot vcsreal vcsberbayar vcsyuk vcshot vcsindonesia vcstrusted realangel availvcs vcsjilbabb <links>,penjaja_seks
nyari jalan keluar buat balik ke kota taunya disasarin ke tempat psk bangsat memang google maps,percakapan_porno
ngewe saja kerja lu,percakapan_porno
kalau mau membodohi orang lebih pintar sedikit ke anjing sampah banget drama kamu kontol,percakapan_porno
we ve been through this b4 dan ingat siapa yang meminta maaf diakhir menyeringai atau wajah tersenyum sombong anget kemudian dipakein parasetamol masuk ngaceng dipakein parasetamol bagaimana pak eko,percakapan_porno
senior kontol kayak begini cocoknya diramein biar tidak kebiasaan buat lo yang merasa senior kamu itu cuma masuk duluan bukan berarti yang paling hebat ya,percakapan_porno
dr dulu benci banget sama orang pelit anjing kamu kontol,percakapan_porno
dulu kamu mati matian menjelekkan pemerintah sekarang giliran dapat blt kamu ngemis ngemis kapan nih duit cair blablabla kan kntl masalahnya kamu punya bpjstk apa tidak kalau tidak ada ya tidak usah ngarep anjay,percakapan_porno
lu kntl,percakapan_porno
idih dikira lucu ya dasar bencong,percakapan_porno
anjing ngentot kamu semua bacot kamu bisa diam tidak wajah menangis keras atau menangis tersedu sedu,percakapan_porno
gue bencong,percakapan_porno
itu angin nder coba saja pakai celana pendek pas lagi ada topan nanti bagian bokong kamu juga gede gitu,percakapan_porno
sadar kek lu kntl <links>,percakapan_porno
eh ajg isi lini masa kamu gay semua bngst jangan jangan kamu yang kenapa kenapa nih,percakapan_porno
ngentot kamu semua anjirrr berguling guling di lantai sambil tertawa terbahak bahak wajah gembira berurai air mata <links>,percakapan_porno
haha orang tolol awal nya sombong pas ketahuan takut dasar bencong ragunan,percakapan_porno
pegang kepala bingung sini dilapin air mata kamu pakai kain pel lu kan manusia homo mbar kenapa sudah cari nuna nuna <links>,percakapan_porno
seburuk2nya manusia lonte lebih baik daripada kamu yang sok alim ingat tuhan lebih sayang am orang yang menyadari kesalahannya dari pada mereka yang hanya pura pura baik berguling guling di lantai sambil tertawa terbahak bahak berguling guling di lantai sambil tertawa terbahak bahak berguling guling di lantai sambil tertawa terbahak bahak berguling guling di lantai sambil tertawa terbahak bahak jangan merasa kalian yang lebih suci,percakapan_porno
9 bulan mengandung sekarang begadang buat nete in anak,non_porno_non_prostitusi
bocah smp jaman now colok memek sampai becek bahancoli memek colmek colokmemek jembut memekbecek <links>,penyebar_konten_porno
keren ksatria jantan berani patuh pada hukum bukan banci yang kabur saat disapa polisi wajah berkacamata hitam <links>,non_porno_non_prostitusi
warung jablay wkwk,percakapan_porno
kamu hancurkan masa depan dia kamu tebas itu kntl buruan,percakapan_porno
sempet2nya gambar titit ya kamu pat wajah menangis keras atau menangis tersedu sedu nih lyn sudah emosi tidak bisa diajak bercanda ya mungkin lyn sedang pms ฉลาดเกมส์โกงep10 badgeniustheseriesep10 badgeniustheseries <links>,percakapan_porno
titit kamu menambah pendek daf,percakapan_porno
<links> hotel mewah untuk masyarakat kelas atas tts adakah yang harga di bawah 100 ribu perbulan bebas tanpa batas,non_porno_non_prostitusi
jembut kamu cakap banget dik,percakapan_porno
terus kamu ngaceng sambil mentwit ya wajah meneteskan air liur,percakapan_porno
ngentot kamu dedi cabul diam tidak lu,percakapan_porno
wahh ngece aku sudah nduwe 3 menjulurkan lidah dan memejamkan mata,non_porno_non_prostitusi
ada pesta gay ada mentri yang sibuk mengurus orang ke mesjid bicara radikal radikul khilafah hti sj mau dibilang ngaco ngawur nanti dituduh dasar kelompok intoleran hadehh,non_porno_non_prostitusi
pentil tertoel mghh dasar lonte main pegang,percakapan_porno
ngaceng sudah jadi kejahatan menyeringai,percakapan_porno
hampir semua teman cowok aku pernah ngesex sama aku maaf ini tolol apa gmn gue punya banyak sahabat cowok dan kamu tau tidak cowok memang tidak suka gossip tetapi sekalinya gibah mulutnya pedes bgt tidak terbayang teman teman cowok kamu saling gibah eh kemarin gue ngewe sama aulia lah gue juga jir <links>,percakapan_porno
open semarang area vcs ready untuk 1 slot info tarif dm bosemarang bokingansemarang openbosemarang availsemarang angelsemarang bisyarsemarang bispaksemarang includesemarang semaranglendir semarangbo <links>,penjaja_seks
ngentod kamu bisa diam tidak sehari saja goblog sumpah lama lo didiamkan ngelunjak asli kemarin sudah gue tegor kamu iya doang kayak orang tolol bukannya berhenti spam ini malah makin jadi mau kamu apa sih anjink gue cari alamat kamu benar sudah sampai ketemu,percakapan_porno
ready ya khusus area solo bagi yang serius bokingsolo saja yaa bosolo openbosolo bispaksolo bisyarsolo angelsolo availsolo recommended4bo realangel realaccount angelsolo bokingansolo kulinerlendir wisatalendirsolo wpsolo cewekpanggilan excludesolo <links>,penjaja_seks
kamu saja mi penis kalau aku boyfriend ajah wajah gembira,percakapan_porno
bokep pedo lagi bokepviral bokepindonesia bokepmahasiswi bokepjilbabindo bokepviralindo bokepviral2020 bo,penyebar_konten_porno
lu september belum ngewe ya,percakapan_porno
nih bang titit kamu sama gue apa bedanya kan sama² titit wajah gembira berurai air mata,percakapan_porno
lu mau clubbing kamu mau ngentot kamu mau party kamu mau nyimen ngobat atau apalah itu gue gaperduli itu hidup hidup kamu tetapi paling benci gue sama mengurus hidup org sekarang terbukti kan kamu yang begitu be wise lah next time jempol ke atas,percakapan_porno
awas muncrat kopinyaaa wajah gembira berurai air mata,non_porno_non_prostitusi
jembut arip,percakapan_porno
kalo kamu sudah mati matian mengejar cewek tapi tidak dapet2 juga positif thinking saja mungkin jodoh kamu itu cowok lgbt,non_porno_non_prostitusi
kenapa bulu jembut lebih cepat tumbuh daripada rambut padahal ketutupan sempak,percakapan_porno
bingung habis ekstra mau menonton apa lagi malas unduh jg maunya rewatch saja deh wkwk istirahatin otak sama hati naik turun dari yang romance menegangkan ke anak sma ke fantasi ke santai2 persahabatan ke mucikari hadeh,percakapan_porno
mardani bisa ngaceng apa bro,percakapan_porno
gw juga sebagai teman careless banget sama kehidupan sex dia ga memberi edukasi apa apa dari awal sedih atau cemberut kukira dengan gue cerita tentang aman sex yang gue lakukan dijadikan contoh sama dia ternyata ngga,percakapan_porno
nih du saya kasih foto paha sesuai permintaan kamu kira ngaceng enggak sih didu lihat foto paha mulus doi wajah dengan tangan menutupi mulut saiddidungacengan <links>,percakapan_porno
ngomong asuh enak tetapi lebih enak berbicara anjrot pakai muncrat ya biar kerasa feelsnya,non_porno_non_prostitusi
maksudnya ayam yang dijual di kantin kampus,non_porno_non_prostitusi
dih sok rebel kamu ngentot,percakapan_porno
meri shakal lga kamu sb bhagain gay,non_porno_non_prostitusi
kalau ngewe yang hilang ovum lu baru gue bingung sudah itu ngewe itu kan titit cuma menumpang cilup ba doang cilup ba cilup ba sudah kan ya sudah kok kan kamu tau itu slh jangan di ulang lagi ini mentang mentang gue berbicara gini nanti kamu malah ngelunjak ngewe sana ngewe sini hiv baru tau lu,percakapan_porno
bapak islam bukan ya bapak punya agama kan bapak punya kitab tidak di situ sudah jelas kaum sodom dilaknat allah swt poin terakhir yang saya ingin tanyakan apa kurabg enak ngewe sama lawan jenis kamu maksiat kita juga yang kena anjay,percakapan_porno
gw benaran stalk mengikuti loe tidak ada itu yang ku ikutin malahan gue nemuan alter alter ava lgbt wkwk,non_porno_non_prostitusi
diam saja lah km ngentod,percakapan_porno
maaf bro sebenarnya kita tidak mempersoalkan lgbt sebagai orang nya ya itu hak anda tapi yang dipermasalahkan itu perilaku nya dari dulu juga begitu lu pikir kita mau begini darisananya tuhan yang nyiptain sama halnya tuhan menciptakan jin dan iblis ya harus kita perangi,non_porno_non_prostitusi
percaya pelic siau hti bela pancasila ibarat percaya psk mengakui masih perawan wajah gembira berurai air mata senyum keringat berguling guling di lantai sambil tertawa terbahak bahak,percakapan_porno
pantesss tren di gue isinya bokep semua wajah menangis keras atau menangis tersedu sedu wajah menangis keras atau menangis tersedu sedu wajah menangis keras atau menangis tersedu sedu wajah menangis keras atau menangis tersedu sedu,percakapan_porno
suatu saat ya kamu kamunya aku dimanapun sekarang berada ketika aku kamu sudah menjadi kita kita habiskan senja di ujun,non_porno_non_prostitusi
ampe sekarang masih kesal saja gue sama abby pecun njir tanpa ekspresi,percakapan_porno
tt ke depan bokong kebelakang,percakapan_porno
gesek di kontol lo,percakapan_porno
gue sekolah 12 tahun yang namanya baca itu pakai mata siapa yang bilang emak kamu punya kontol makannya kalau lagi plajaran ilmu pengetahuan alam jangan coli ke wc,percakapan_porno
loe saja banci bagaimana mau hapus orang wajah gembira berurai air mata wajah gembira berurai air mata wajah gembira berurai air mata wajah gembira berurai air mata wajah gembira berurai air mata wajah gembira berurai air mata,percakapan_porno
kamu mau gue eue,percakapan_porno
tai mengajak balikan tante jablay makan lemon mampus kamu tidak bisa move on kampred menunjuk ke kanan menunjuk ke kiri wajah terbalik,percakapan_porno
kepala yang isi otaknya kak kalau kepala kontol kan tidak ada otaknya berguling guling di lantai sambil tertawa terbahak bahak,percakapan_porno
dia semalam habis ngewe sama suami nya udah lepasin dari pada kamu yang sakit,percakapan_porno
avail padang open bo dan vcs info rr surat cinta dm aja sayahg menyentuh hati atau memberikan ciuman hati realangels vcsbugil openpadang vcsreal vcsberbayar vcstrusted realaccount padang padangbasah bisyarpadang padang vcsreal vcsbugil bopanggilan recommended4bo <links>,penjaja_seks
haduh ini lagi penyakit masyarakat dasar lgbt <links>,percakapan_porno
bobekasi masih avail area bekasi nya yuk isi slotnya 100 cod no dp panggilan masuk atau telepon masuk 082211808960 openbojakarta elidah menjulur keluar nakal ceria atau mengejek dengan mata tertutupojakarta bojakpus,penjaja_seks
promo khusus malam ini yg mau bo vcs bisa order sekarang wa 089501340105 di tunggu via wa say evailboking liveboking becekrasa jilmexsek vcslive rasapacar bokingledies <links>,penjaja_seks
krisis warga venezuela pilih makan daging busuk dan jadi psk <links> <links>,non_porno_non_prostitusi
hen kamu kan lagi di bandung carikan cewek hen biar asyik ya ngentot,percakapan_porno
iya nete aamiin cepat menyusul gih,non_porno_non_prostitusi
lo kan juga cantik masa tidak lesbi pasti cewek banyak yang mau,percakapan_porno
lo contact person an mengejar kontol nya ya,percakapan_porno
garagara sering ngepost tidak pakai kerudung dibilang jamet wkwkwk mengurus hidup orang amat kamu bro dosa ditanggung pribadi kalo mau mengingatkan ya pakai cara yang baik baik bisa kan ga perlu memaki pakai jamet lonte dll santai dan senyum,percakapan_porno
wkwkw tidak baca ya gue sudah bilang kalau sempat menegur kamu begitu juga tidak perlu teriak2kan kalau pedofil dan narkoba itu santuy ketahuan ya jebloskan penjara beda sama lgbt mereka kan tidak ada merugikan kita toh diam diam baik apa kita marah marah tidak jelas,non_porno_non_prostitusi
bahagia nya sejenisnya nongol bs buat arisan noh sesama banci sudah saling fl lom,percakapan_porno
jembut dong istighfar kamu cadbury berguling guling di lantai sambil tertawa terbahak bahak berguling guling di lantai sambil tertawa terbahak bahak,percakapan_porno
sirik saja kamu mucikari,non_porno_non_prostitusi
lu cowooo mulutt kamu kykk bancii anjir dmn² cowok itu kalem terus pendiemm kamu kayak banci sumpahhh,percakapan_porno
semalam tidak ikutan gue sedih atau cemberut bela membela ngewe tapi gagal wajah senang atau tersenyum,percakapan_porno
sumpah baunya tidak enak banget kayak bau jablay gue sebel,percakapan_porno
gatau ya dari jaman aku 9 tahun yang lalu fanboyingan an kata kata gue ngaceng kontol gue berdiri itu kata kata yang sangat dilarang karena idol athletes itu bukan sesuatu yang bisa dijadikan objek seksual then it comes cewek yang sange dibilang nya jokes yah it backs to y all lah,percakapan_porno
kerasukan setan pohon toge lu,non_porno_non_prostitusi
gue bagian yang ngewe kamu pada ngeliati aja,percakapan_porno
km perlu minum teh tawar kontol ya zeynggg itu juga bisa menyumbat bool yang kurang seyhadd,percakapan_porno
fanboy bukan banci tolong deh itu teman kamu tidak pernah belajar ilmu pengetahuan alam apa bagaimana enggak bisa bedain tolol ah males jangan dipikirkan ye,percakapan_porno
bencong kaaan hhh,percakapan_porno
suka suka gue dong mengurus hidup orang kamu buat klarifikasi sambil nangis awas saja ngentot <links>,percakapan_porno
masih sayang sama hoseok jung cokelat panas yang sudah seperempat dihirup sayup nyaris muncrat hah— kutanya ulang namjoon berdeham kamu masih sayang sama hoseok iya kenapa tanya ada dilarang bebas aja ya udah jawab jungkook geming,non_porno_non_prostitusi
enteng kamu bilang orang lonte dapat karma kamu di masa depan memaki orang lonte,percakapan_porno
foto kamu kayak banci sudah tar pakai lipstik,non_porno_non_prostitusi
banyak kenangan suka duka zaman remaja hingga lah dewasa aku kat sini cerita sedih cerita gembira banyak kenangan tak akan dilupakan sampai bila2,non_porno_non_prostitusi
film semi bokep ini bercerita tentang wanita karir yang beralih menjadi prostitusi kelas atas di india <links> filmsemi video,penyebar_konten_porno
pesan moral jangan menikah fix jangan nikah ngewe sakit kayak di siksa bukan enak tapi tersiksa,percakapan_porno
makanya like the game itself is sangat open to everything fck kamu mau markus ngewe sama simon instead sure here is the canon in game story— orang bikin itu bertiga sama markus jadi poly serah but as biasanya bule itu memang banyak,percakapan_porno
lgsg pada mencari kambing hitam bilang lgbt ini lah itu lah bangsat kelen yg bikin party juga bangsat bego banget bisa bisa nya sudah punya istri begini salah lah goblok kamu kalau sudah nikah ya diam di rumah apa coba kamu ikutan ngentiaw,percakapan_porno
dia selalu bilang mana ada pulang kerja jam segini dasar lonte atau perempuan sholehah tidak ada yang berteman sama banci selalu mencari gara gara setiap aku ada kerjaan,percakapan_porno
mupenggg kamu kntl,percakapan_porno
berguling guling di lantai sambil tertawa terbahak bahak berguling guling di lantai sambil tertawa terbahak bahak berguling guling di lantai sambil tertawa terbahak bahak berguling guling di lantai sambil tertawa terbahak bahak berguling guling di lantai sambil tertawa terbahak bahak berguling guling di lantai sambil tertawa terbahak bahak banci yang berbicara berguling guling di lantai sambil tertawa terbahak bahak berguling guling di lantai sambil tertawa terbahak bahak,non_porno_non_prostitusi
foto bugil cewek ngangkang pamer memek foto bugil cewek ngangkang pamer memek – oke kali ini memeka i <links>,penyebar_konten_porno
ih nete aku baru tau kamu kerja,percakapan_porno
ngaceng ngakak kenceng,percakapan_porno
sembuh saja dulu kamu kntl,percakapan_porno
udah avail malam nih wa baru lagi ya beb wajah lega tarif dm wa 081264145462 line sange aaaaaaaaaah openvcs realvcs,penjaja_seks
kpopers idiot kuadrat yang bencong itu idola kamu <links>,percakapan_porno
ortunya hoshi sudah memberi restu tapi hoshinya tidak mau q tips kamu bisa dekat sama haru gimana sob a ngewe untung aku engga lagi minum wajah gembira berurai air mata wajah gembira berurai air mata wajah gembira berurai air mata <links>,percakapan_porno
avanya sih ngustadz twitt nya legalkan main pedang2an dasar manusia homo pekok <links>,percakapan_porno
aduh ingin di ngewe <links>,penyebar_konten_porno
okep cina bokep gratis bokep baru bokep sama bokep smu bokep sekolah menengah kejuruan bokep sd bokep barat bokep perawan bokep abg perawan bokep,penyebar_konten_porno
iki apa jembut cok cokk,percakapan_porno
lo nge rt masalah perselingkuhan tapi kamu sendiri jadi selingkuhan lo godain dia cari perhatian banget padahal kamu tau dia ada cewe mental lonte memang susah,percakapan_porno
serah gue najis kamu gay,percakapan_porno
secara tidak langsung memang tidak ada bilang gua gay tetapi kesimpulan dari omongan kamu di atas sudah gamblang <links>,percakapan_porno
avail 2slot pohon palem c o d no dp pohon palem area bekasi dolar bayar ditempat no dp di bawah 18 tahun dilarang cek rr wa 0895351071050 ngeweyuk availbekasi openbobekasi openbookingbekasi bisyarbekasi realbekasi bobekasi bispakbekasi realaccount realbo avail4booking kulinerlendir recomended4bo <links>,penjaja_seks
jantung atau hati avail sekarang beb gedung kantor apartemen greenpramuka rr wa 08871918960 ponsel openbooking bojakpus bojakarta openbojakarta avail4booking availjakarta openbooking bisyarjakpus bisyarjakarta availjakpus bojakarta angelbojakpus openbojakpus openbojakpus kulinerlendir <links>,penjaja_seks
sok banget centil hidup lo cantik kagak kayak lonte iya,percakapan_porno
sambil jalan ngeluas penismu biar ngaceng dikulum,percakapan_porno
kalo kamu mau nikah ya stop membangun hubungan dengan manusia lain stop cari pelarian karena kamu tidak puas sama pernikahan lo mau kamu normal bisex gay lesbi trans once kamu nikah ya kamu harus commit sama satu orang selingkuh sesama jenis tetap saja selingkuh dan nyakitin,percakapan_porno
bokep wajah gembira berurai air mata wajah gembira berurai air mata,percakapan_porno
thread lomba lari tim ayam kampus,percakapan_porno
kucing gue laki sama laki suka ngewe kamu uruskan dulu hidup lo baru uruskan hidup orang lain,percakapan_porno
open bo lingkaran hitam minat langsung chat lingkaran hitam no php dan modal bacot lingkaran hitam info rr via dm lingkaran hitam tdk melayani chat selain bo lingkaran hitam wa 082137870836 bojakarta availjakarta openbojaksel premiumangel angeljaksel bojakartaselatan amoscozy wpjaksel trustedangel bojaksel bisyarjaksel <links>,penjaja_seks
menurut kalian sayang enakan jilat memek memek mulus apa memek yang lebat bulunya yang bikin sensasi,percakapan_porno
dapet penis apaan vangsattt,percakapan_porno
tarra sekarang jadi mucikari sedih atau cemberut,percakapan_porno
teko o rek maksudnya bukan arek tapi perek,percakapan_porno
jembut lumer wajah menangis keras atau menangis tersedu sedu,percakapan_porno
titit peler kontol baru jadi kupu kupu,percakapan_porno
dasar kontol anjeng,percakapan_porno
ngewe ngewe saja kamu je,percakapan_porno
dan jangan menyentuh perut atau bokong kucing alpha male dua daerah ini dianggap spot menyerah dalam dunia kucing merek,non_porno_non_prostitusi
ngentot sama pacar di hotel ngentotabg sange toketgede abgbugil tantekesepian memekbecek tantebugil <links>,penyebar_konten_porno
plss buat couwo teman teman gue jangan sakitin mereka woi gua tau circle keluarga mereka tidak harmonis cukup keluarganya yang hantui bayang bayang keretakan sebelum pernikahan lo para laki jangan menambah menambah trauma ya gua tidak sampai hati lihatnya lgbt,non_porno_non_prostitusi
gue juga mau bagikan cerita teman sekelas gw dia lgbt lebih tapatnya gay dia mengakui ke gue dan yang lain pas sudah rebut cowok gw gue juga lakukan apa yang kamu lakukan kak gue tidak nge judge dia gue tidak menghakimi dia bahkan beberapa kali gue bertanya ke dia,non_porno_non_prostitusi
pas kamu ngentot kamu spontan desah anjay,percakapan_porno
punya duit dikit narkoba punya duit dikit beli ganja punya duit dikit tur vagina umur 35 sudah nongkrong bareng hitler kamu keknya,percakapan_porno
ngewe nya enak note <links>,penyebar_konten_porno
kalo masih lemah tidak usah sok keras kntl gue gedor diam kan lu <links>,percakapan_porno
waw banyak banget pejuh mu bro klu masuk memek istri aku bisa langsung hamil tuh,percakapan_porno
gue gak tau tapi fynn jamal nih ok ke tak sebenarnya point dia semua dia tekankan part salah perempuan sebab itu ini dia tak tahu ke lelaki punya nafsu lagi besar dari yang dia sangka bukan sepakat menampak perempuan je kalau lah semua salah prmpuan takdenya gay wujud cetan,non_porno_non_prostitusi
ps vcs cs yang mana yang buat kalian semakin hot rep ya wajah gembira berurai air mata,percakapan_porno
mari ngewe,percakapan_porno
ya gue tau pesta sex yang isinya gay yang lagi ramai di indonesia itu memang salah karena kebanyakan dari mereka sudah menikah tetapi jangan menyalahkan orang orang lain yang lgbt juga i mean stop to judge lgbt ppl kasian anjrit kamu pikir kalau sana sini pada ngejudge terus mereka akan selamanya baik baik aja,percakapan_porno
bapak kamu gay ibu kamu tidak tau apa apa ibu kamu cuma jadi pajangan status sosial trus kamu suruh ibu kamu stay sama bapak kamu selamanya kalo iya hebat kamu boy,percakapan_porno
udah avail open vcs real via wa 082283214424 sange aaaaaaaaaah openvcs realvcs vcscolmek vcsbugil vcshot o,penjaja_seks
yaaahsedih atau cemberut jangan mau deh naik titit sen mualsedih atau cemberut,percakapan_porno
pengalaman terbar bar gue part 2 kan gue pernah cerita pas gue ngentot sama teman saudara kakak gue itu awal mulai nya pas teman nya main ke rumah saudara kakak gue terus kan gue lagi di rumah saudara kakak gua lagi main game kan itu gue terus teman saudara kakak gue kayak bhas,percakapan_porno
halah tolol tak tau apa apa mau mengurus acara goblok jam terbang kamu saja masih di situ situ saja kontol dikasih tau malah bawa perasaan payah timun,percakapan_porno
penggemar korea pop ya ih dasar alay apaan suka plastik plastik nge dance banci banci cowok kok pakai makeup bla bla bla bla bla pandangan non k popers,percakapan_porno
dasar kadrun goblok kamu dari tahun jebot dan di rezim manapun juga ude ada itu gay memang kebiasaan kadrun yang selalu menyalahkan pemerintah dalam segala hal <links>,non_porno_non_prostitusi
kondomisasi di lokalisasi itu bulsit puas pekerja seks komersial hiv hamil h sekian jam sc masih mangkal gapake caps malah laris kamu pekerja seks komersial hamil tuh karena client merasa bebas enggak usah pakai caps wajah terbalik caps itu gaenak harus disiplin pula padahal disiplin masalah orang indonesia puas,percakapan_porno
gw sadar kalau gue terlahir dengan wajah yang biasa aja makanya gue rawat pakai skinker ber step step ya bodoh gada hubungannya banci sama merawat muka gua cekokin aha bha juga mulut kamu itu,non_porno_non_prostitusi
babyyy huh tidak ada bukti kau hyung sudah besar titit nya saja kecil huhh,percakapan_porno
semoga rekan2 homo di twitter bisa lebih teredukasi lagi jika melihat berita pesta seks sesama jenis ingat itu rekan sejawat kamu juga lu tidak lebih hebat dr mereka karena kamu mungkin belum kena grebeg aja pas lagi ngewe baik sama stranger bf lu daddy lu,percakapan_porno
biasanya kalau sore dolar menguat pagi nya melemah kok sekarang aneh ya ngaceng mulu dolar minum viagra kali ya,percakapan_porno
cerita fantasi sex saja yuk komen di bawah nanti aku bales yang mengajak direct message tidak aku respon,penyebar_konten_porno
yang butuh memek hubungi rupiah haneul terdekat,percakapan_porno
kalau gue yang ciduk belajar ngewe kamu ya pakai kondom ga nih abng kasih masuk tidak kalau tidak berarti kamu bego belajar biologi nya de belajar yang benar dulu biar bisa memasukkan ya mengedipkan mata,percakapan_porno
avail jakartabarat mawar hari ini aku open promo ya mawar jangan sampai ketinggalan tersipu atau tersenyum dengan mata bahagia panah pengait kanan rr via dm panah pengait kanan wa 082268017985 availjakbar openjakbar realangel realaccount bispakjakbar bisyarjakbar bojakbar angeljakbar realbojakbar jakbarbisyar openbojakbar expojakbar jakartabo <links>,penjaja_seks
jajan perek,percakapan_porno
in my opnion ya le ini video porno juga tidak baik buat otak sepengetahuan gue tapi kayaknya kalau sampai di penjara tidak benar juga deh daripada penjara mending dikasih sosialisasi si,non_porno_non_prostitusi
he sg tanggal 16 jadian siapa woi di kalender google gue ada ngentod,percakapan_porno
aduhhh gue jambak ya jembut kamu lama lama kalau masih banyak bacot wajah gembira berurai air mata,percakapan_porno
jadi ayam kampus raa,percakapan_porno
jadi gue yang fake apa kamu yang fake sih kontol,percakapan_porno
ngentod sama kambing divideoin bang,percakapan_porno
jancok malu memalukan nama nctzen saja kamu ngentot,percakapan_porno
sange berat konthol sudah ngaceng trusss,percakapan_porno
kamu seperti orang di depan kaca terus teriak bohong jangan lupa sikat gigi jigong muncrat,non_porno_non_prostitusi
lingset titit kamu ilang,percakapan_porno
hahahaa cupu lo ngentot gw jg mau hujat appliances yg gw gak srek ah wkwk <links>,percakapan_porno
ian pantat,non_porno_non_prostitusi
video call sex sama kakaknya dapat adiknya juga full video <links> jangan lupa follow dan biar semangat pembaruan ab,penyebar_konten_porno
nanti yang keluar gambar toge <links>,non_porno_non_prostitusi
kamu atur sama kamu lah enaknya gmn jembut punya kamu juga kenapa jadi gue yang disuruh mikir wajah sedikit tersenyum,percakapan_porno
psk artis online marak kembali di bicarakan tyas mirasih peringati netizen netizen tyas mirasih <links>,non_porno_non_prostitusi
memang kayak kontol laki kamu,percakapan_porno
kenapa awalnya gue harus kenal kamu kalau akhirnya kita sama sama kayak saling tidak kenal dasar banci,percakapan_porno
ya menurut kamu saja kontol ini juga gue tidak yakin banget ini titipan kok kamu mau maunya dititipin kayak ginian,percakapan_porno
ngewe mulu kamu,percakapan_porno
kamu salah satu kampang berarti menyeringai menyeringai dua jari membentuk v atau isyarat kemenangan atau isyarat damai dua jari membentuk v atau isyarat kemenangan atau isyarat damai,non_porno_non_prostitusi
kontol mati saja kamu lutfi <links>,percakapan_porno
titit kamu kecil,percakapan_porno
lo kalau mau oi kamu tidak keganggu bikin tempat ngegym sendiri ngentot,percakapan_porno
nyamuk saja suka netesedih atau cemberut,percakapan_porno
lo kaum lgbt ya ko pergi nya ke hrs tersinggung ya kaum kamu tertangkap kaum sodom menjijikkan kamu suka lobang taik,percakapan_porno
kalo pas lagi posisi masuk usahain bagian bagian titit kena semua dari lubang pipis sampai ke memew entah itu sama testis kamu atau bagian badan yang otomatis akan ngebuat sensasi enak plus geli ya pastikan juga anggota badan tidak ada yang diam membeku tangan lidah mulut lakukan kerjaannya,percakapan_porno
udah unduh belum aplikasi menonton video bokep gratis di sini <links>,penyebar_konten_porno
wkwkwkkw ngentod,percakapan_porno
sok banget cara berbicara lo kontol,percakapan_porno
gue potong titit kamu nanti <links>,percakapan_porno
nunggu pengantin masuk berbicara dalam ati wah sih gogon ini sudah ngaceng lebih dahulu sepertinya bisikin ke ody dia daddy kamu lagi jalan altar nanti ngaceng duluan arcallwed,percakapan_porno
masih ada slot video call sex real nya tanda centang berwarna putih wa 083170728853 line nonareal vcs vcsbugil vcscolmek vcscroot vcscrot vcsindonesia camseks realvcs realangel vcshot realaccount <links>,penjaja_seks
tidak mau jawab ah kamu yang ngewe,percakapan_porno
dilihat makhluk hidung titit kamu <links>,percakapan_porno
pecun kamu kontol,percakapan_porno
penyebab luka lecet hingga bernanah pada penis dan ini dia obatnya <links> via,non_porno_non_prostitusi
siap suhu ditunggu grebek sesi 2 nya ya siap siap jadi tameng lagi buat mereka sambil bertanya lagi ko bisa ya pesta gay lebih viral dibanding dosa dosa lain sampai semua orang kena hiv kamu baru sadar dah eh pas banyak yang kena hiv kamu bertanya lg kan hiv pnybbnya bukan dari gay doang hahahahaaaaa,percakapan_porno
ada masalah apa sih mas ngewe dulu sana mas biar tidak marah marah mulu pekerjaan lu,percakapan_porno
positif kok se positif respon masyarakat terhadap cangkul impor garam impor beras impor jagung impor tenaga kerja impor esemka impor <links>,non_porno_non_prostitusi
ya kamu ngewe ga,percakapan_porno
dibiarin cowok genit ke cewek lain tau2 ngewe di belakang eh pulang pulang bawa penyakit gausah ngadi ngadi lo,percakapan_porno
iya tapi kalau tidak dukung kamu langsung dibilang gak open minded kan gue juga bodoamat sama lgbt malahan langsung dibilang closed minded kan gaje,non_porno_non_prostitusi
temen cong kan kamu suka kpop gue mau bertanya deh lagu korea pop yang liriknya toge gurih tang tang tang tang itu lagunya siapa sama judulnya apa ya mau unduh gue gue allahu sih hyunjin bisa bisa menangis dengar ini wajah menangis keras atau menangis tersedu sedu wajah menangis keras atau menangis tersedu sedu wajah menangis keras atau menangis tersedu sedu wajah menangis keras atau menangis tersedu sedu,non_porno_non_prostitusi
nah itu saja sih ocehan w pokoknya gue senang banget sih kenal twice tp memang sempat kayak dicap ih cewek masa nge stan sama twice mo jadi lesbi lo tp terserah teman teman gue mau bilang apa gue tidak peduli sekali lg makasih bnykk dan w gapernah se alay ini nulisin ginian buat kpop wajah menangis keras atau menangis tersedu sedu,percakapan_porno
iya ya mau ngewe juga terserah wkwkkwkw iya di sini kamu mau membayangkan siapa pas imagine terserah dah aduh kebanyakan terserahnya emang,percakapan_porno
begini de kamu lahir bisa memilih memangnya sexual orientation lu kalau kamu pikir mereka memilih itu pilihan mereka coba di pikir bisa tidak kamu gay sehari aja terus besok straight kamu bakal nyaman ga i guess not karena memang kamu r straight orang tidak become lgbt they just are,non_porno_non_prostitusi
yang suka nyogok2 nyuap2 jalur blakang lo kontol bangsat,percakapan_porno
morning sex avail yuk tetesan keringat tetesan keringat akun lama ke suspend keringat info rr dm wa 087894567649 openbo availserpong availtangsel availtangerang openbobsd openbotangsel openbotangerang boserpong bobsd openvcs vcsbugil vcsberbayar realvcs vcscolmek vcstrusted availvcs vcs <links>,penjaja_seks
sebab kita nak terapkan rutin tidur untuk dia sebelum tidur rileks baca buku dengar cerita baring atas katil dan tidur kita yang dewasa pun sepatutnya buat benda sama ada rutin sama yang relaks sebelum tidur supaya badan kita bersedia nak masuk ke fasa berehat,non_porno_non_prostitusi
anjirrr sama wajah menangis keras atau menangis tersedu sedu dikira suka sama begituan padhal adalah jiji bukan benci pernah menonton 1 episode yang beli itu nah anjirrrrr kayak apa yaaa wajah menangis keras atau menangis tersedu sedu wajah menangis keras atau menangis tersedu sedu wajah menangis keras atau menangis tersedu sedu wajah memelas gue di situ awalnya tak tau apa itu beli cuma di kasih tau ya gitu dan teman gue banyak banget yang suka gay wajah menangis keras atau menangis tersedu sedu lu sendiri,percakapan_porno
di sebelah gue bencong,percakapan_porno
bokep lewat siang siang anjir,percakapan_porno
berkilau open vcs dan open bo berkilau jaka a berkilau depok berkilau include exclude berkilau minat langsung chek rr berkilau dm berkilau wa 083866988472 pusing openvcsbojktdepok pusing openbobksjktdepok pusing cewekvcsjktdepok pusing bopanggilanjktdepok pusing realaccontjktdepok pusing vcsbugiljktdepok <links>,penjaja_seks
reaksi apa menyebarkan data pribadi anda macam ibu rumpi tukang gosip eh dia ini kamu eh dia itu loh dasar banci,percakapan_porno
karena mancungnya jadi tempat peranakan maka itu bukan janggut tapi jembut yang alih posisi ke dagu brader <links>,percakapan_porno
ternyata accepting bukan hal yang salah juga memang susah asal belajar belajar menerima di tolol in di bego in sampai kamu berjaya they show kamu how proud they are after they told me goblok tolol murahan jablay,percakapan_porno
gue pernah punya teman gay dan dari cerita dia dia tidak dilahirkan seperti itu kalau alibinya orientasi seks ya balik lagi ke masing masing njing kalau kamu punya orientasi seks sama bocil orgtua binilaki org tetap saja salah intinya jangan membenarkan apa yang memang sudah salah dari sononya,non_porno_non_prostitusi
ya begitu bego maksudnya kan kamu mamaknya yang nete dia lah masa elu,percakapan_porno
lucu2an kntl,percakapan_porno
eh ayank beb huhu gue nyesel tidur awal met ultah ayankkk titit titi tifu ti tipu panjang umur sehat selalu bahagia selalu semoga apa yang kamu inginkan tersampaikan wajah berpesta wajah berpesta hati yang berkilau dua hati <links>,non_porno_non_prostitusi
yeu pilih jablay menyeringai atau wajah tersenyum sombong,percakapan_porno
tetapi apa yang mereka lakukan ini tidak cuma sekadar soal orientasi aja ini itu sudah menyangkut banyak hal jangan kan gay yang straight saja kalau ketahuan party gjls begini ya pasti diperlakukan sama kamu tinggal di sebuah negara yang punya norma aturan jadi selama kamu masih tinggal di negara ini ya hargain taatin,non_porno_non_prostitusi
tanggung jawab gue lagi minum muncrat,non_porno_non_prostitusi
ingin ngentot ya,percakapan_porno
aku jomlo kok kon memilih ki bagaimana terserah kamu wajah menangis keras atau menangis tersedu sedu <links>,non_porno_non_prostitusi
ni orang sapa si tante gue pas gue berbicara anjir dibilang mengikuti nih orang kan gue bt juga lu mending tidak united state of america berbicara dah lonte <links>,percakapan_porno
hati yang berkilau open bo surabaya hati yang berkilau udh ready di hotel ya sayy gedung kantor wa 089512446655 surabaya availsurabaya wpsurabaya bisyarsurabaya bosurabaya bosurabaya readybosurabaya surabayabo surabayabasah excludesurabaya lendirsurabaya openbosurabaya bispaksurabaya bbwsurabaya recomended4bo,penjaja_seks
kirain lo ngatain gw lonte >sedih atau cemberut,percakapan_porno
maksud anda seperti open bo wow wow wow chkuakskssz,percakapan_porno
duh di tusuk gaya miring rasa nya wah banget yuh ah mint video call sex atau member tinggal wa aku no basa bsi langsung blok bagi yang mampu b,penjaja_seks
mksd kamu apa sehan menyuruh gue sama yang jablay wajah cemberut putih,percakapan_porno
blh izin tepok bokong nya che,percakapan_porno
lembut su pikiranmu ikut lah jembut waeee,percakapan_porno
heh bukan gua kutil kebo ratu eue mah si acha,percakapan_porno
ikon bling bling bling bling bling bling bacot lo njing terus part nya chanwoo gue mau goreng bakmi goreng bling bling nih banci memesan beling bling bling,non_porno_non_prostitusi
ready open vcs berbayar minat wa 0853 8665 0071 noribet tren vcssange <links>,penjaja_seks
kamu kontol,percakapan_porno
lonte yip mau jadi lonte ya ampun yip gue tidak mau punya adik lonte sini gfw ceramahin biar ada pencerahan g <links>,percakapan_porno
tidak merugikan pala kamu gedak boss bayangkan saja anak kamu jadi gay bayangkan saja dulu gila nya belakang <links>,percakapan_porno
kau nih kenapa sih dri tadi sensian terus sama akusedih atau cemberut dasar lonte,percakapan_porno
foto bugil gadis penari bali foto bugil gadis penari bali – cewek bali cantik dengan kulit hitam manis berpos <links>,penyebar_konten_porno
heh lonte anjing kemana saja kamu ha itu piaraan gue sudah kangen memek kamu buat penampungan pejuhnya cepat sana kamu layani anjing gue yang di kandang,percakapan_porno
terlalu banyak fan tidak berotak isinya cuma anak ikon dijadikan bahan sange kalau dikasih tau salahnya apa malah sibuk mencari k,percakapan_porno
tembem banget itu memek nya,percakapan_porno
jembut api ada saingannya sekarang,percakapan_porno
ni orang sudah gila apa bagaimana si iya memang my insecurity is my problem tetapi kamu enggak usah mcing orang buat insecure kontol org awalny tidak insecure tetapi pas kamu kata in dia jadi insecure berarti yang salah itu kamu kontol kl kamu tidak sok ngta in pasti orang itu tidak insecure mmk memang revina kntl <links>,percakapan_porno
bukannya close minded tetapi kamu tau lah ini lagi corona malah mengadakan pesta pesta gay lagi kamu tau kan budaya indonesia sama orang luar itu beda,non_porno_non_prostitusi
kalo pun itu homo punya istri cuma kamuflase berapa persen yang benaran berhubung sama istrinya byk juga yang istrinya lesbi sama sama menutupi aib berhub seks sama pekerja seks komersial ya memang tidak aman tapi kamu tidak bisa berbicara persentase bandingkan saja berapa homo yang mati sama hetero yang mati akibat aids <links>,percakapan_porno
jembut kamu itu merapak,percakapan_porno
makanya gue suka heran meromantisasi pernikahan dini tapi apa tidak dipikirkan secara matang dulu nih prospek keuangan terutama minimal buat 5 10 tahun ke depan kek lu pikir nikah perkara ngewe halal doang gituh,percakapan_porno
tugas mulu ngentod,percakapan_porno
baru kenal terus nikah ternyata ngewe nya tidak enak piye yah,percakapan_porno
gue masih ingat sw kamu yang lihat titit secara live anjing wajah menangis keras atau menangis tersedu sedu,percakapan_porno
open bo untuk rr y langsung saja dm wa 085223057499 ada promo khusus hari ini mengedipkan mata <links>,penjaja_seks
sabar ya gue yakin suatu saat ada kok yang mau sama kamu tidak lihat dari segi bisa ngewe apa engga semangat <links>,percakapan_porno
nggak aku lesbi,percakapan_porno
si memek super jumbo tembem mantap banget dan lebat jembutnya,percakapan_porno
dapet kamu aku berhenti menonton bokep soalnya langsung praktek,percakapan_porno
open vcs ready yaa tetesan keringat bagi yang minatdanserius ya tetesan keringat info rr panggilan masuk atau telepon masuk dm vcsreal availvcs vcswhatsapp vcsberbayar vcscolmekk vc vcsready vcstrusted vcssangek vcsrealpict vcsberbayarpulsa realaccount vcsyuk vcscroot openvcs realangels trustedangel realbo <links>,penjaja_seks
tiap gue tidak ngabarin salah kamu saja suka tidak ngabarin gue tidak masalah kontol,percakapan_porno
kampang memang harapan huhu,non_porno_non_prostitusi
u make me hard but she makes me weak kamu dibegitukan orang apa rasanya kntl,percakapan_porno
abu semua putar bale gua adalah jujur apa adanya bahkan gue sebut namanya juga bisa kalau kamu gantle cowok baku hadap jo deng kita pemar dang bencong bagi yang merasa saja,non_porno_non_prostitusi
tolol banget sih sudah ada lubang memek malah ingin lubang tai entar kontol kamu bau tai lgbt itu penyakit jangan berlindung dalam kata ham,percakapan_porno
mau cerita sedikit jadi dulu awal md disuruh battle dance kan dibagi dua kubu eh pas jea maju gue maju dia menabrak bahu gue terus gue sudah menjauh dia tetap menabrak dong kontol lu ada masalah apa sm gw dulu je <links>,percakapan_porno
emosi tingkat dewa sahabat sndro diejek lonte sama lonte benaran sini kamu aulia sini kita main brg wajah senang atau tersenyum,percakapan_porno
cewe rahimku hangat cowo tytydku ngaceng,percakapan_porno
tidak ngaceng sama dlurmu kan yang,percakapan_porno
kntl ihhh wajah menangis keras atau menangis tersedu sedu,percakapan_porno
twit sih anjing ini reply nya di off dasar perek peradaban lu adik ipar edo kondologit merampok memerkosa lalu membunuh seorang perempuan umur 70 masih saja kamu jualan derita orang papua demi biayyain beasiswa kamu ya balikin itu duit negara buruan dasar kuman <links>,percakapan_porno
gw bukan anti lgbtq but kamu know this is indonesia tidak sembarangan kamu melakukan hal yang tidak sesuai norma di sini and pesta seks gay itu ramai ramai mana kondisinya lagi pandemi,non_porno_non_prostitusi
ni amma puku kamu pawala mada lanjodaka counter rakapothe muskoni undali ra gay pawala,non_porno_non_prostitusi
sitante lagi pamer bokong sama alamnya yang lagi ingin sesuatu siapa tahu ada jadikan melirik mmm lumayan buat iseng2,percakapan_porno
follow dan request video porno yang ingin kamu unduh secara gratis di sini kepada kami nanti link downloadnya akan kami kirimkan melalui inbox wajah senang atau tersenyum,penyebar_konten_porno
makanya kamu cocok jadi mucikari pit wajah menangis keras atau menangis tersedu sedu,percakapan_porno
anjir titit kamu sepotong sisanya,percakapan_porno
sini queen aku coba memek kamu,percakapan_porno
kok jerawatan si kok jerawat lo kok kok kok kontol,percakapan_porno
sok pintar kamu anjing kontol,percakapan_porno
<links> cara buka situs yang diblokir tanpa aplikasi tambahan di pc bagaimana ya >,percakapan_porno
lagi lihat bokep terus lihat komen ada yang bilang ceweknya transgender titit gue langsung bingung mau ngaceng atau gimana,percakapan_porno
childish kamu kontol,percakapan_porno
jual sextoys pria wanita <links> wa 082316414268 bbm sextoys1 <links> bispak bokep celotehlombok,non_porno_non_prostitusi
nah iya bisa muncrat kalau di makan haha,non_porno_non_prostitusi
bacot lu ngentot mau pamer ke keluarga lu aja engga bikin pikiran aja ngentot,percakapan_porno
yang minat malam ini openvcs bo dm lsg sayang vcs bugil open colmek openbobali bisyar jilbobs togelovers sange aaaaaaaaaah vcs berbayar vcshot vcswhatshap vcsreal trustedaccount readyvcs availbali bokep jandangentot <links>,penjaja_seks
dasar kamu memang kuat yaa hanya penzina pemabuk lgbt syiah yang membenci hati ngaca kamu <links>,percakapan_porno
avail tegal ya sayy tanda cium isii slotnyaaa ayo wa 083822518788 slot terbatas sayy tanda cium tanda cium availtegal botegal bisyartegal openbotegal wptegal tegalbokingan tegalbirahi angeltegal tegalbasahavail tegalcod excludetegal <links>,penjaja_seks
sange banget hari ini sayang jilati sedotin ampe muncrat keluar lendir memek tante perkosa tante ngewe yu 081314769237,penjaja_seks
emang cara jwabnya kan begitu kampang wajah menangis keras atau menangis tersedu sedu,non_porno_non_prostitusi
inik sikiring ti gibisi di itir ye ngentot di kata lo bener,percakapan_porno
dasar pendokong lgbt,non_porno_non_prostitusi
kontol bengkok puas <links>,penyebar_konten_porno
nah nah kan begitu sih kamu pada itu komentar jadi makin jelek saja sama soal kaum gay <links>,non_porno_non_prostitusi
gahabis pikir masih muda padahal kamu bang sudah beranian ngelapor sih anjir ke kpai padahal kan enggak salah jadi disalahkan kan gara gara ente ngentot jadi lebih baik kan sekarang dari pada kamu anjir anjaykpai,percakapan_porno
titit kamu kecil ya makanya rajin2,percakapan_porno
ada yang bisa bantu saya menyebarkan foto bugil silvia dm saja cewekbugil ceritadewasa cewekmesum ceweksange fotobugil toket bokep bokepsma bugilhot bispakhot pejuhin cewekbispak silviadominica <links>,penyebar_konten_porno
lewat dalan tol raine kyok kntl,percakapan_porno
calon mucikari,percakapan_porno
open bo vcs isi dulu slot nya say menyentuh hati atau memberikan ciuman hati hati yang berputar info rr dm wa panggilan masuk atau telepon masuk 085822314083 real terpercaya 100 availkediri expokediri openbokediri angelkediri bokingankediri bokediri bisyarkediri includekediri lendirkediri abgkediri excludekediri bispakkediri vcskediri bokepviral <links>,penjaja_seks
kukok baca nya ku mau pantat termenung atau wajah merenung atau wajah menyesal,percakapan_porno
awas saja kamu kalau titit kamu kejepit seleting teriak banci,percakapan_porno
positif thinking saja bang mungkin dia mau open bo,percakapan_porno
ga ganggu tapi orang orang kayak kamu yang ngebuat orang malah menghujat lgbt sudah di diamkan malah bikin twit ingin dihormatin merasa tidak dihormati cih ketertarikan seksual yang melanggar kodrat malah ingin di terima dihormati wkwk lucu,non_porno_non_prostitusi
ya kalau yang ramean kayak begitu kayak tidak punya otak jadi manusia gue juga jijik sluur oh gue baru tau komen kamu sebelumnya itu di ln di sini belum pernah ketemu lgbt yang sukses punya manner tetapi menikah dan adopsi anak,non_porno_non_prostitusi
ye kontol kamu saja masih make filter instagram anjing revinaa revinaa meminta disambit,percakapan_porno
udh menyimpang skrg malah menyalahkan agama gw tanya sama lu klo misal kedua orang tua kamu laki² dan gay apa mungkin kamu lahir ke dunia ini apa bisa perpaduan sperma dan tokai jadi janin mikiirrr,percakapan_porno
keren banget ya hets ada kabar pesta seks gay langsung dihujat mati matian sekan yang straight tidak pernah kegerebek pesta seks lupa semua lupaa sudah suci kamu pada,percakapan_porno
malah disuruh nete <links>,percakapan_porno
ngentot ngentot ngentot ngentot mulut kamu itu bau jurang,percakapan_porno
klayapan mulu jablay lu,percakapan_porno
hallo open bo bumil ready pagi ini ya include wajib dp ya kak untuk tarif yang mau isi slot hari ini langsung wa mode getar 0838 6698 8954 openbosidoarjo availsidoarjo includesidoarjo wpsidoarjo bisyarsidoarjo bispaksidoarjo recomended4bo <links>,penjaja_seks
gak papa tapi siap terima konsekuensi kamu mau jadi miskin terima konsekuensi tidak punya duit kamu mau jadi fakboi terima konsekuensi di spill kamu mau jadi psk terima konsekuensi penyebaran penyakit kamu mau tidak nikah terima konsekuensi digunjingin tetangga,percakapan_porno
kb tb thlman kok shirk lgbt k aad me trmpa k sat sajhedari chhupaoge bhkto firqaprsti ki hdd iya h ki tmko vo citznship nih dege chahe jitni chat kamu unki thlman trmpa kakak gulam h sachhai kok qubul kro wrna djjal ki trh tmb glt kok sahi dekhoge,non_porno_non_prostitusi
pelaku pelecehan seksual seorang dosen di malang akhirnya tertangkap publisherstory <links>,non_porno_non_prostitusi
ooggaaahhh kek lonte tar klo manyun,percakapan_porno
dia bilang miris lihat anakanak kecil bilang anjayy sekarang kata anjir anjrit bermasalah juga sekarang gue yang miris lo lebih baik kamu buka diskusi bukan malah mempermasalahkan ngentot <links>,percakapan_porno
kek bencong kamu jal wmwkwkw,percakapan_porno
apaan sih ini yang mengetren kok lgbt ingat tobat woy jangan melawan takdir makannya kamu sering bercumbu sama lawan jenis biar tau nikmatnya kayak gimana,non_porno_non_prostitusi
berkilau open vcs dan open bo berkilau jaka a berkilau depok berkilau include exclude berkilau minat langsung chek rr berkilau dm berkilau wa 083866988472 pusing openvcsbojktdepok pusing openbobksjktdepok pusing cewekvcsjktdepok pusing bopanggilanjktdepok pusing realaccontjktdepok pusing vcsbugiljktdepok <links>,penjaja_seks
cowok kok skincareran mau jadi bencong diem lu bùrreeque <links>,non_porno_non_prostitusi
tidak dulu kamu gay,percakapan_porno
nikah kalau sudah ada jodohnya sudah ada yang mau serius yang mau nerima yang mau melakukan semuanya bareng bareng bukan cuma ngewe ngewe doangg ya bamsat wajah sangat marah,non_porno_non_prostitusi
morning sayang ready video call sex berbayar buat yang serius wa 082171233038 <links>,penjaja_seks
coba deh tinggal di asrama yang isinya cowo cewe semua dan isinya orang² homo gua kasih piring mama lemon kalau kamu tidak ketularan kan katanya lgbt tidak menular,non_porno_non_prostitusi
ketika aku kecil sempat berpikir menjadi dewasa itu menyenangkan ternyata asumsiku salah ukiran cerita tentang beban hid,non_porno_non_prostitusi
lu kalau ngewe yang benar makanya <links>,percakapan_porno
i mean kalau kamu mau ga miskin pas dewasa ya kamu kerja keras pas gue masuk sama yang punya sekolah gue cerita kalau dia dulu juga hidupnya susah terus dia rajin belajar kerja keras masuk militer terus dia naik pangkat dan investasi kemana² dan sekarang dia punya banyak bisnis,non_porno_non_prostitusi
pengen video call sex yuk tetesan keringat tetesan keringat <links>,penjaja_seks
iya yang paling benar lagi kamu anak kontol yang menelponi gue ama fahrul pas ml jingan,percakapan_porno
pak lihat paha macam begini juga ngaceng ya wajah gembira berurai air mata,percakapan_porno
ngapain nikah sama cewee sih kalau kamu manusia homo ih kesal gue kasihan anak istri kamu sedih atau cemberut masa cuma dijadikan biar status di kartu tanda penduduk kawin alah tokai <links>,percakapan_porno
maho lu,percakapan_porno
avail ya sayang phonesex 75k 30mnt vcs 150k 30mnt no dildo vcs 200k 30mnt pake dildo tanda centang tebal no face all tanda centang tebal no tester cek testimoni difav yang minat cus wa 088224926664 <links>,penjaja_seks
klo niat berteman seharusnya ya tidak mandang gender fisik maaf homosex lesbi bisex siapa lo agama kamu etc nahh kalau sudah begini pada kabur kesel gw just respect begitu loh,percakapan_porno
ada yang cerita ke admin dia khawatir anak anaknya yang perempuan semua di cap negatif karena aktivitas wisata sex da,non_porno_non_prostitusi
udah avail bo dan vcs nih say tanda cium include exclude yuk yang mau isi slot panggilan masuk atau telepon masuk info dm availjaksel availbooking openvcs bojaksel openbojaksel bojakarta trustedangel trustedbisyar availjakarta openbojaksel vcscrot vcskuy vcsbugil bisyarjakarta vcsreal <links>,penjaja_seks
pantat dih,percakapan_porno
ih mirip bekantan kea anjing banget sih kamu kontol,percakapan_porno
lu semua yang punya masalah aku saran kan jangan sok berat berat kan masalah kamu kontol aku yang tiap hari tiap jam selalu di salah kan biasa ya anjim,percakapan_porno
kamu kontol,percakapan_porno
kayane lagi ingin perek sama wedon koh dadi kayak kue,non_porno_non_prostitusi
oh my god kamu r sok rude ya hahaa ya kalau kamu normal ya iya im a 100 hetero terus kenapa lgbt kamu bilang kamu bukan homophobe dengan kata lain kamu bilang lgbt tidak normal wakaka diejek bendera pelangi bts saja tidak homophobe mereka tidak jiji sama gay maap baca itu thread yang benar mba stop being denial,percakapan_porno
nama panjangnya icel mucikari,percakapan_porno
celakalah para penikmat video porno <links>,non_porno_non_prostitusi
memek gatal ingin di ngentot pakai kontol keker,percakapan_porno
film jepang romantis diantara dua pilihan subtitel indonesia <links> sange ngewe memek tante ngentot sex janda sexy bispak birahi toket puting jilmek sangek seks kontol abg pentil payudara bokep horny bokepsemi bokepindo,penyebar_konten_porno
untung sampai gue di ajarkan contoh ngewe yang benar alat kontrasepsi berapa sendok sperma yang keluar dan sebagainya jadi tidak goblok goblok amat lah buat materi kayak begini gimana lu bisa hamil tanpa tytyd yg mengeluarkan sperma dikira kambing kali ah,percakapan_porno
tergantung orangnya mas saya berteman sama lgbt sudah 9 tahun dia tidak pernah menarik saya buat belok kok,non_porno_non_prostitusi
gila kamu nanti gue diajak ngewe wajah menangis keras atau menangis tersedu sedu,percakapan_porno
jembut ohhh,percakapan_porno
sma cabecabean kuliah bispak kerja aniani hadohhhhh siapa yang gitu mention — ini berbicara apasedih atau cemberut <links>,percakapan_porno
kamu goodboy bang manteppp cpan enggak harus ngewe,percakapan_porno
gajelas kamu perek,percakapan_porno
meski pun kamu lonte tidak semua cowok mau kamu grepe ttep ingat adab ya pantek,percakapan_porno
melayani 2 kontol security di meeting room for the video <links>,penyebar_konten_porno
penderitaan masa lalu yang seperti apa justru semakin lama dia menjadi lgbt akan semkain dia menderita lebih baik disembuhkan karena pada dasar nya manusia hidup bersma lawan jenis nya memang lgbt itu jangan dimusuhin tapi harus disembuhkan,non_porno_non_prostitusi
sst anak gue lagi nete,percakapan_porno
ini baru ngewe cape <links>,penyebar_konten_porno
ya kali kabelnya putus ngentod,percakapan_porno
sains di sebalik seksualiti anda adakah seseorang boleh pilih untuk menjadi straight gay lesbian transgender atau mung,non_porno_non_prostitusi
hidup memang prakontra tetapi jgn kaya banci jdi kompor hidup lu,percakapan_porno
<links> < cerita asyikknya bertukaran istri dengan teman ngentot porn xxx,penyebar_konten_porno
keinget squishy titit kamu jwjwjwkssjsokw memang akhlakless benar iya kamu gue masih ngakak,percakapan_porno
iyaa soalnya bts gay gasuka,percakapan_porno
apa lagi memek yang tidak ada bulunya lebih mantap di jilatnya,percakapan_porno
hi juga memek jembutnya dong wkwkwwk,percakapan_porno
alay kalau berbicara lebay dasar anak jablay pilihannya jijay,percakapan_porno
to the point aja kalau gak bisa nulis kontol just say penis memek kamu tulis vagina senyum keringat,percakapan_porno
that dasar anak lonte goblok perih banget bacanya nder sudah deh tinggalkan saja orang kayak begitu jahat bgt,percakapan_porno
kalo cari yang berkah tidak harus ada korban atau yang tertekan klen enak dengan begini jadi banyak job lah kami mau apa ngentod,percakapan_porno
exclude semalem terima kasih ya mas pas aku di jakarta di sempet2in ketemu padahal baru juga ketemu di susilo bambang yudhoyono wajah memeluk menyentuh hati atau memberikan ciuman hati <links>,percakapan_porno
buat tante atau stw pasutri atau lonte yang lagi cari kesenangan dan kepuasan bungi no baru aku 083100597661 husus nya buat tante reni please hubungi no baru aku,penjaja_seks
lesbi celaka <links>,penyebar_konten_porno
lu egois banget sumpah ngewe sama cowok sana sini mau nikah sama cewek yang menerima apa ada2nya nanti kalau sudah penyakitan nularin ke istrilu bener2 sudah kamu setan mendingan kamu tidak usah nikah,percakapan_porno
avail video call sex notipu tipu amplop dengan panah cekk rr inbox langsung real acount tanda seru berwarna merah whatshap panah kanan 081271780431 id line dheaptrynti vcsbugil vcskuy vcscrot vcswhatsapp vcsberbayar availvcs realvcs bokepviral vcsreal bokep bokepterbaru vcstrusted vcscolmek sangeberat <links>,penjaja_seks
lo gue kamu gue kontol ini jawa timur cok,percakapan_porno
lalu apa yang saya lakukan sejak tadi yaitu mengubah cara kalian yang katanya mengingatkan dengan kalimat yang lebih bersahabat agar kaum lgbt tidak semakin merasa tertekan dan makin menjadi,non_porno_non_prostitusi
rahimku ngaceng rahim kok mengetren bangsat,percakapan_porno
udah ngewe lu sudah belom <links>,percakapan_porno
saking panas ya malah open bo blok <links>,percakapan_porno
cewe tidak open bo dispam open bo ga giliran ada yang open bo benaran dikata2in dasar lonte pria tepuk jidat berkulit hitam gelap tol kontol tolol tekontolkontol,percakapan_porno
ingin ngewe bilang bilang itu kocak kamu kira ditempat pelacuran wajah gembira berurai air mata mbok ya biar mengalir seperti air,percakapan_porno
kalau tidak tau arti lgbt tidak usah bacot plis kamu sama saja menggiring opini banyak orang buat pernyataan salah lo,non_porno_non_prostitusi
wkwkw ada nih teman kampus gue ikhwan2 gt alim banget oi ikut kajian mulu salat jamaah tidak lewat dah pas smt akhir jadi sering mengobrol sama gue dikampus gue dikenal mafia perbokepan tau tau mengajak ke indekos anjing meminta diajari ngewe wkwk goblok banget asu,percakapan_porno
jangan banyak betingkah kamu kntl,percakapan_porno
ni memek setiap hari sange mulu,percakapan_porno
pesen ayam kampus online klik <links>,penjaja_seks
baru tau kamu kalau setan ini gay wkwk,non_porno_non_prostitusi
nonton bokep mulu,percakapan_porno
wtf cerita tv3 ni kenapa budak kecil yang ada rasa kasihan berbanding orang dewasa fak,percakapan_porno
nge lonte bakat kamu banget kan,percakapan_porno
gw tidak homopobic tetapi kalau kalian lgbt bisa tidak sih enggak usah pura straight kasihan pasangan kamu nanti kalau tau ternyata cuma dijadikan kedok doang menangis,non_porno_non_prostitusi
bencong mana yang mainkan gitar itu nyali apa tai dasar bangsat,percakapan_porno
gajelas ngentod,percakapan_porno
banyak cingcong memang kamu ya kurang ngewe lu,percakapan_porno
makanya di coba dulu kalau ngewe kamu enak bisa nikahi dia berarti kalau tidak enak tinggal pergi berguling guling di lantai sambil tertawa terbahak bahak berguling guling di lantai sambil tertawa terbahak bahak berguling guling di lantai sambil tertawa terbahak bahak berguling guling di lantai sambil tertawa terbahak bahak berguling guling di lantai sambil tertawa terbahak bahak berguling guling di lantai sambil tertawa terbahak bahak berguling guling di lantai sambil tertawa terbahak bahak,percakapan_porno
bencong udh bikin merinding ditambah lagi suka begidig geli kalau itu orang muncul haha <links>,non_porno_non_prostitusi
enaknya di sate atau di saus padang nih titit hehehe,percakapan_porno
tidak pernah berani simpan video porno di hp punyanya akun twitter dan youtube khusus untuk menonton begitu begitu,percakapan_porno
bokep indo vip <links> bokepindo bokeplokal tantesange bokepindonesia bokeponline bokepbarat videobokepjepang videomesum sangek cewesangek filmbokep bokepviral bokepcina bokepterbaru,penyebar_konten_porno
ngentot lo kontol ngapa dimasukkin ke pre voting kalo aslinya ga masuk anjing,percakapan_porno
girang banget kamu sudah lepas masa bencong nya <links>,non_porno_non_prostitusi
ngentod kamu tokay,percakapan_porno
yealah yodah bye juga anjing pergi lu jauh jauh enteng banget tu mulut ngatain lonte cowok macem apa lu amjink,percakapan_porno
gajelas lo kontol <links>,percakapan_porno
avail camsex rekan ps minat cht aku saja skrgndi jamin real dan terpcya sayang cht aku di line ya sama wa info lebih lanjut silakan cek bio aku soal no wa dan id line terima kasih sayg ngomong aku wa baru ya bispak kimciljogja vcsreal bokepindo sangek bokep <links>,penjaja_seks
what if my future husband gay daripada parno doang kamu kamu pada makanya ikut bergerak menciptakan masyarakat yang tidak diskriminatif buat minoritas supaya tidak perlu ada lagi orang yang pura pura jadi orang lain demi terhindar dari kebencian kamu kamu pade <links>,non_porno_non_prostitusi
temen aku ikut avail yu cus avail sayang video call sex ataw bo nya paku penanda atau pushpin include exclude bandung isi slot dm surat cinta surat cinta bobandung vcsreal bandungbasah bisyar bispak di tunggu ya sayang <links> <links>,penjaja_seks
2 kali meet gambar kasut je adek wajah gembira berurai air mata dasar kontol,percakapan_porno
kontol kamu semua,percakapan_porno
lebih siapkan mental sama finacial sih sebenarnya kalau kamu sudah umur 25thn tapi mental masih anak sma mending tunda dulu ngewe halal nyq,percakapan_porno
ga sayang lagi kamu ya kontol,percakapan_porno
cewek sange chat bokepjilbab toketgede bokepindo lonte bh anakhits bokepjav <links>,penyebar_konten_porno
link > <links> kumpulan cerita seks cerita mesum cerita hot online bersambung dan one shot bokep ceritabokep ceritamesum ceritaseks ceritadewasa ceritadewasangentot <links>,penyebar_konten_porno
lah lah seharusnya kamu lebih berempati ke pihak pasangannya yang straight mau itu cowoknya yang gay atau ceweknya yang lesbi yang namanya nikah cuma buat menutupi orientasi seksualnya adalah bajingan ngorbanin kehidupan orang lain egois bgt,percakapan_porno
kontol abng besar kamu lemas saja pnjngnya 79 cuma nerat nya58kg lebar nya kontol abng 66 cuma kamu tidak kirimkan ongkos biar jumpa kita terus abng bikin horny kamu tetek kamu besar akibat terangsang oleh abng,percakapan_porno
lgbt sah sah saja wong setiap orang memiliki orientasi sex yang beda beda kita harus menghargai kata mereka jika ada orang yang memiliki syahwat besar dan tak cukup hanya satu istri itu adalah penyakit bawa ke dokter jangan poligami kata mereka lagi dasar ngantuk,non_porno_non_prostitusi
bentar bentar 2 orang tersebut masih bisa ngaceng tidak sih menyeringai atau wajah tersenyum sombong ato cuma jempolnya saja yang ngaceng di atas hp,percakapan_porno
eh bocah bocah anjinc jangan pada sirik anjinc dia memang lonte anjinc jadi ya kamu tau lah anjinc kalau lonte tidak di empanin begituan kan bisa kabur anjinc jadi phamin saja anjinc,percakapan_porno
bener banget klo mau merasakan cewek langsung mending menyewa saja psk sange kok tidak bermodal haha klo tidak begitu mending lo cepat cepat nikah biar tau rasanya e e bagaimana haha,percakapan_porno
ih kamu yang jablay ketikkannya juga jablay banget tuh wajah bosan wajah tidak senang biarin saja itu orang beb,percakapan_porno
lgbt l lu g gua b baiknya t temenan sebatas ingin dan angan tapi tetap jadi teman,non_porno_non_prostitusi
beginilah kalau sesama pantat diobok obok yg namanya lgbt dilarang diindonesia mauoun didunia kalian penikmat pantat kami yang dapat musibah dasar b <links>,percakapan_porno
semakin dewasa semakin sulit menemukan teman untuk berbagi cerita,non_porno_non_prostitusi
open bo area bandung kota 300rb gaybatam gaybandung gaybandung gaylokal gbpromote <links>,penjaja_seks
semoga cepat dapat balesannya ya sih kampang ini,non_porno_non_prostitusi
tetesan keringat avail siang ini open bo vcs ya beib tetesan keringat bikini real open bo tetesan keringat info direct message availpacitan pacitan bopacitan openbopacitan r,penjaja_seks
kntl mimpi saja kamu terus bgst,percakapan_porno
masih banyak masalah yang jauh lebih penting ketimbang mempermasalahkan kata anjay kalau tidak suka yang gampang tidak usah make itu kata ribet amat sudah kpai mending uruskan problem anak2 liat itu yang laporkan saja pernah make kata anjay plus itu kayaknya suka menonton video porno anjaykpai,percakapan_porno
kalo nete 5 menit sekali anak lulove pingsan,percakapan_porno
lgi zoom guru ya neta coba jawab aku baru menarik nafas mau jawab anak ambisius resek neta tidak bisa jawab bu sudah saya saja kontol gua mau jawab memek kok lo potong sopan begitu gaakan sukses anjing kelakuan kamu begitu,percakapan_porno
sini aku jilati sayang memek mu,percakapan_porno
yaude jembut sekalian,percakapan_porno
dua tiga mata melotot bacot kamu ngentot,percakapan_porno
jantung atau hati open vcs promo 200k jantung atau hati hati yang berputar cerita sex pap 150k hati yang berputar info order dm wa 085378159208 ditunggu ya beb menyentuh hati atau memberikan ciuman hati openvcs vcsberbayar vcssange vcsreal openvcsreal vcsreal vcshot vcstrusted vcskuy vcsyuk cs phonesex papsex vcsbugil bugil ceweksange videocallsex vcswa <links>,penjaja_seks
menggoda menggoda titit kamu itu kendor,percakapan_porno
bosan banget gue melihat orng2 keblinger open minded pejuang lgbt kayak kamu huwek,percakapan_porno
jangan lupa olah raga pagi dulu bayangin kamu memasukkan kontol ke memeknya yang maju mundur begitu tetesan keringat <links>,penyebar_konten_porno
kaaaann emang p petch tuh ganteng banget terus lo bayangin dia main di diarybof tootsies jadi gay yg kemayu gitu sumpah kebanting abis,percakapan_porno
jatuh cinta sama kamu bikin capek kontol lah <links>,percakapan_porno
awas saja kontol bermasalah juga menurut lu berarti kamu tidak punya kontol ajiksedih atau cemberut,percakapan_porno
lgbt satu berbuat semua kenaair mata bahagia gimana kamu mau ngerubah mindset orang kalau sendiri saja terus terusan bikin ulah tolol otak isinya selangkangan doang gw juga otak selangkangan tapi masih ada self control begitu lah heran gw,percakapan_porno
jadi kalau kamu punya teman gay gt jangan kamu sebarin kemana mana kalau dia gay,non_porno_non_prostitusi
imi gara gara meqi nya meminta di ngewe mulu bukan karena pacarnya,percakapan_porno
kesian ya kamu kontol,percakapan_porno
lu marah ketika ada kerumunan orang huruf x tanda silang menandakan pembatalan atau larangan atau penolakan atau kesalahan lu marah ketika ada kerumunan pesta kontol tanda centang berwarna putih tanda centang berwarna putih tanda centang berwarna putih,percakapan_porno
si jablay yang harus meminta maaf bukan gua satu lagi ya ngentot buat kamu gue tunggu open direct message bagikan loc anjing urusan kamu sama gue gue hantam muka kamu,percakapan_porno
emg dasar kontol bikin pening,percakapan_porno
ngomong apaan sih lu perspektif2 apaan sih kalau mulut kamu kotor ya kotor saja udah kontol,percakapan_porno
kalau bukan ahli agama diam saja pak sejak kapan bapak jadi tuhan dan bilang lgbt boleh baca semua kitab suci jelas lgbt dilarang dalam agama,non_porno_non_prostitusi
brondong smp kontol cakap panjang croott <links>,penyebar_konten_porno
ente kalau berani jangan gk ada fotonya jgn jadi pecundang dan jadi antek antek kompeni nonton itu bokep mulu ditwitter lo pantes hancur indonesia dasar otak mesum,percakapan_porno
dongok tak bertepi orang yang dakwah pasti punya ilmu kalau kamu tidak percaya coba saja kamu bantah ustaz ustaz yang kamu anggap minim ilmu jangan ngomel2 kayak perek datang bulan bacin jari tengah <links>,percakapan_porno
katanya panggil jablay,percakapan_porno
mending dagang cilok muncrat saja lagi mba tidak usah jadi anggota dewan biar tidak mubazir apbn buat ngegaji anda,non_porno_non_prostitusi
aku membaca ini jembut wajah menangis keras atau menangis tersedu sedu,percakapan_porno
pagi bebb avail vcs berbayar promo 150k 1jam full body full face info chat by wa 089661078040 <links>,penjaja_seks
kesal banget apa sih yang di dapat dari lgbt nanti kalau dunia murka yang kena bukan cuma kamu yang gay tapi semuanya juga kena makanya diingatkan dari sekarang bukannya sok suci bacot banget sedikit sedikit berbicara sok suci,percakapan_porno
kampang v,non_porno_non_prostitusi
kontol kamu lutfi,percakapan_porno
bokep mulu tidak selesai selesai tapi nagih,percakapan_porno
kontol ya buat kamu semua yang gay,percakapan_porno
wkwkwk mak untuk banci kurang kurangi ena sell mbue kamu man ikan sia sia kamu anak perikanan pe sel <links>,non_porno_non_prostitusi
kebanyakan menonton bokep ya,percakapan_porno
depan pntu surga om dekat situ ada kadal lgie nete senyum keringat senyum keringat wajah dengan tangan menutupi mulut wajah materialistis,percakapan_porno
yaa mana saya tau sayakan ikan di tanya malah bertanya balik mending lo mengemut titit sendiri sudah aslie gue baru menonton beberapa menit saja kepala gue gatel <links>,percakapan_porno
orang yang kuat faceshaming orang lain nih biasanya muka dia macam pantat biawak,percakapan_porno
⪡ ┅━╮tangerang bendera monaco recommended4bo tangerang openbotangerang botangerang wptangerang bisyarserpong trustedbisyar realangels trustedangel availserpong expotangerang bisyartanggerang openbo openbo realaccount lgbt malamminggu buket bunga open slot buket bunga wajibdp buket bunga noanal buket bunga nophp buket bunga <links>,penjaja_seks
ga ini ayamnya mau gue jadikan ayam kampus biar cari duit,percakapan_porno
ngalus mulu hidup kamu ngentot,percakapan_porno
bacot lo semua ngentot > anjayy,percakapan_porno
lu tidak sendiri kok gay,non_porno_non_prostitusi
link bokep lokal 1 ada 126 video kira kira di kasih harga berapa ya bokepabg bokepindo bokepviral bokepindonesia bokepjilbab bokepmahasiswi bokeplokal bokeppelajar bokep2020 bokepjapanese genjot sangeberat tante tantengentot tantemesum tantebinal tanterambutpalsu <links>,penyebar_konten_porno
emang kontol saja nih orang yang punya masalah dia yang ikutan imbas se indonesia main kamu kurang malam sama kurang jauh bos njaii keren banget gue wkwk <links>,percakapan_porno
tema pesta seks koempoel2 pemoeda kami memanggil pemuda pemuda terbaik bangsa wajib m’gunakan masker merah putih pak menteri agama ini yang dimksd pemuda cinta nkri kaum pelangi lgbt oi para homo banci mati saja lo <links>,percakapan_porno
tai anjir kamu semua ngentot,percakapan_porno
dasar gay,percakapan_porno
lebih mengarah ke jembut,percakapan_porno
ya sudah sih besok gue jadi bencong gara gara kamu ya,percakapan_porno
kamu manusia homo termenung atau wajah merenung atau wajah menyesal,percakapan_porno
iagi kkk,non_porno_non_prostitusi
ada book club di mana tiap minggu mereka cerita tentang buku yang mereka baca membernya mencangkup semua usia mulai dari anak remaja dewasa dan tua dan feel like kita jadi salah satu membernya begitu mereka juga bukan sekadar book club tapi selalu saling bantu ketika susah jantung atau hati <links>,non_porno_non_prostitusi
bokep indonesia tanpa vpn mawar bokepindo bokepterbaru bokepviral bokepjilbabindo videobokep bokepabg bokephot videobokep bokepmahasiswi bunga putih <links>,penyebar_konten_porno
padahal ngewe lu bayangkan coba sama lu,percakapan_porno
udah sih pada bubaarr but by the way lini masa kamu buat shock bgt nate isinya titit semua sejalan sama pernyataan lu,percakapan_porno
itil busuk lonte berjilba,percakapan_porno
astaghfirullah aku bacanya kembang kntl mulut terbuka,percakapan_porno
lucu kamu kntl,percakapan_porno
retweet gadis bandung cantik ngentot sama pacar di hotel horny memek colmek colokmemek jembut memekbecek n,penyebar_konten_porno
lu mengajak gue ngewe <links>,percakapan_porno
bokep jilbab indonesia terbaru 2020 <links> bokep pembaruan bokep indo bokepviral bokep barat bokeplokal bokep hot bokep mesum bokep online bokepterbaru,penyebar_konten_porno
eh ngentot ngentot kamu tidak tau gue siapa kan ngentot,percakapan_porno
tidak usah asal kamu mengecap orang pakai kata lonte begitu stfu cat kuku berkulit putih kuning langsat cat kuku berkulit putih kuning langsat,percakapan_porno
kadang juga tidak paham punya pemikiran yang se jauh itu dan dibilang dewasa banget pemikirannya tapi senang sih akhirnya orang yang baru kenal saja sudah nyaman cerita sama gue senang bisa jadi tempat ternyaman orang buat cerita ehee,non_porno_non_prostitusi
sok tau kamu kontol wajah senang atau tersenyum,percakapan_porno
lucunya zaman sekarang banyak banget lgbt yang malah di support orang orang hahahsedih atau cemberut open minded sama bodoh itu beda ya sayang kamu open minded harus disertai sama ilmu agama biar paham mana harus di support mana yang engga memang sudah akhir zaman kyaknya sadsedih atau cemberut,non_porno_non_prostitusi
dengan wajah tampannya yopan berjalan ke ar,non_porno_non_prostitusi
baru lulus sd itu saia jaman jaman jadi bencong adalah suatu kenistaan dan ejekan society,percakapan_porno
ngakak om lonte wajah gembira berurai air mata,percakapan_porno
ngentot gua ga diajak anjing lu,percakapan_porno
ya memang bukan kriminal tapi cenderung ke kesehatan apalagi yang sudah punya suami sama istri kamu nularin penyakit nama nya tidak jarang lgbt kena kasus hiv aids yang terbanyak,non_porno_non_prostitusi
bukan begitu kamu maksudnya orang yang tidak setuju sama lgbt masa dibilang tidak open minded mereka meminta disetarakan tapi mereka kok merasa lebih tinggi,non_porno_non_prostitusi
kontol kamu tai babi,percakapan_porno
ayo ngewe tapi gue top nya <links>,percakapan_porno
ngewe mulu lu,percakapan_porno
jangan open bo kan ada aku ih,percakapan_porno
anu suhu di dalam vagina lebih tinggi daripada suhu diluar terus mungkin ditambah pengaruh gesekan juga wajah berpikir,non_porno_non_prostitusi
bokep pedo ready 1 album di grup 1 paket semuanya bokepviral bokepindonesia bokepmahasiswi bokepjilbabindo bok,penyebar_konten_porno
bre benefit itu tidak cuma ngentot pikiran kamu jernihin sono benefit ada yang baik juga bodok jangan sedikit sedikit dengar friends with benefit dikira teman tapi kentotan,percakapan_porno
karakter karakternya lebih dewasa juga enggak item putih benar salah gitu and you get the chance to know more about the avatar world ada cerita avatar pertama terus scene berantemnya keren juga banyak scene mengharukan juga >sedih atau cemberut,non_porno_non_prostitusi
avail jakpus senin open bo vcs wa 6289529467005 wajib uang muka availjakpus openbojakarta wariajkpus wariacantik wariasexy wariahot waria69 wariahighclass wariabo wariabispak wariaescort goodservice bestblowjob dunialendir realaccount realbo realvcs recommended4bo <links>,penjaja_seks
gue punya pantun buat lutfi dua tiga sabun detol panjat sosial mulu kamu kontol mentang mentang kemarin ramai jadi bikin lagi kayak beginian bangsat,percakapan_porno
kamu haipbis kontol,percakapan_porno
cek koleksi foto aku sayang di profil pasti ngaceng itu ontol chat link line <links>,penjaja_seks
ngewe ngentot itu kan jawaban yang kamu mau dasar ava hijab cringe,percakapan_porno
apa salahnya gay emang mereka ngeganggu lu doyan sama kamu saja belum tentu nggak usah sok kegantengan deh,percakapan_porno
mendingan kamu sama pasangan hombrengny di taro dalam satu sel penjara trus pak polisi suruh mereka ngentot tiap hari bila perlu direkam mreka bisa dikluarkan kalau salah 1 drnya hamil atau lahir anak kalao cuma bau tai biar kan seumur hidup brani,percakapan_porno
hati yang berputar morning sex bo avail hati yang berputar hotel cinta include exclude pita promo pita amplop dengan panah info rr dm wa 083167696012 ditunggu say menyentuh hati atau memberikan ciuman hati bosemarang bokingansemarang openbosemarang availsemarang wpsemarang angelsemarang bisyarsemarang bispaksemarang includesemarang semaranglendir bosemarang semarangbo <links>,penjaja_seks
jangan nete di lapak gue,percakapan_porno
jembut jembut kaga ada perubahan lo tidak ngebantu sama sekali tidak ada perkembangan pembusukan iya,percakapan_porno
ngentod ngentot sama kamu semua,percakapan_porno
ini kalau ada yang tau gue pro gay pasti ada saja yang shock tetapi sumpah bakal iri setengah buged sudah kamu sama mereka mereka kalau lagi pacaran wajah menangis keras atau menangis tersedu sedu wajah menangis keras atau menangis tersedu sedu wajah menangis keras atau menangis tersedu sedu wajah menangis keras atau menangis tersedu sedu wajah menangis keras atau menangis tersedu sedu wajah menangis keras atau menangis tersedu sedu wajah menangis keras atau menangis tersedu sedu,percakapan_porno
jm baru berbicara begitu doang kamu kalang kabut kalau jam berbicara iya tiap malam kita ngewe kok kamu mau apa bakar agensi,percakapan_porno
jembut di iket,percakapan_porno
kalau dia nya sendiri jerawatan gendut dekil woi kamu pasti tidak akan berbicara ala bocah cilik kamu itu ngentot,percakapan_porno
jadi gay itu serba salah ga nikah2 ditanyain 1 kecamatan np kamu tidak nikah2 padahal umur sudah sgini lho dan nikah pun juga salah lagi ah dia nikah hanya untuk jadikan tameng saja supaya orang mengira dia normal emang kamu tahu banget dia benaran tobat apa gak yg tahu hanya tuhan dan dia,non_porno_non_prostitusi
gemes saja kalau masih yang pro sama lgbt sangemu itu tidak normal kamu lgbt,percakapan_porno
bct kontol enggak usah julid deuh kamu gue tidak pernah mengurus hidup kamu kok kamu mengurus hidup gue,percakapan_porno
salah pernyataan lo nte dari semua lonte yang baik puspa doang she is sok precious gue saja tidak mau menghujat dia,percakapan_porno
pertama jangan langsung memarahi anak <links>,non_porno_non_prostitusi
memek lonte ingin disodok kontol gede,percakapan_porno
ngga harus lonte ponakan mamak lu juga mau kok dijajanin,percakapan_porno
ultraman nexus nih jalan cerita dia agak berat dark dan kompleks sebab untuk tontonan audien dewasa tapi ultraman nexus nih tetap muncul sebagai cameo dalam siri2 ultraman generasi baru yang jalan ceritanya agak ringan,non_porno_non_prostitusi
ih gue adalah malu tik punya badan kayak lu lonte banyak bacot,percakapan_porno
ada ya orang kayak kamu fetish nya lihat pasangannya ngewe sama orang lain wajah muntah,percakapan_porno
hanya orang tolol yang bilang lgbt itu sah sah saja open minded secara hukum saja sudah jelas pelanggaran apalagi secara hukum agama yang bilang lgbt sah saja coba kamu bayangkan ketika lgbt orang nya orang terdekat lu paham,non_porno_non_prostitusi
mawar hari ini aku lagi open promo mawar jangan sampai ketinggalan promonya tersipu atau tersenyum dengan mata bahagia buruan cek rr dm wa 6288271221438 panggilan masuk atau telepon masuk bunga tulip lendirklaten mekar klatenbispak bunga matahari openboklaten kembang sepatu bispakklaten bunga layu klatenbo mawar availklaten hiasan berbentuk mawar kimcilklaten bunga putih recomendedbo bunga sakura bisyarklaten buket bunga klatennakal <links>,penjaja_seks
sini coba benar real bukan cuma halu gue ngewe kamu punya memek,percakapan_porno
hei hei heii kalau lewat wajib rep kalau tidak nanti pantat kalian shining shimmering splendid koo junhoe visual ko,non_porno_non_prostitusi
bacot kontol yang ada lu cowo ga bener bikin emosi aj,percakapan_porno
open bo putih bersih tahan lama besar bagi tante tante mbak mbak ibu ibu yang kesepian lagi butuh langsung hubungi wa saja 081328026624 gigolosemarang patnerpasutri patner3s pasutri3some pasutri cowokbokingan cowokbo cowokbayaran gigoloindonesia brondongsemarang tantesemarang,penjaja_seks
lihat memek tante,percakapan_porno
lo kira kamu lucu tidak ngentot,percakapan_porno
gua tidak peduli kalau kamu gay atau bukan tapi plisss yang namanya selingkuh itu salah <links>,non_porno_non_prostitusi
lu dimana mana anjir kontol mu loakan bro,percakapan_porno
ketikannya ganteng tidak banci jago sedikit dong,non_porno_non_prostitusi
ok tar kalau gue ngewe lagi gue pap ke kamu ya wajah bersungguh sungguh atau mengembuskan napas atau menahan kesal,percakapan_porno
plis kita saja tidak ada yang tau mereka baneran gay atau gak situ juga sok tau banget kalau mereka lurus lurus aja,percakapan_porno
anjing memang anak kedua ibu kontol mati kayak kamu babi gue lagi anteng anteng diajak ribut tolol anjing pantek,percakapan_porno
gue bacanya eue,percakapan_porno
nggakkk kamu kan selalu twit video porno monyet yang menutupi matanya dengan tangannya tidak melihat kejahatan,non_porno_non_prostitusi
pnya luhk mwu nete,percakapan_porno
pengen cerita tentang kejadian semalam having sex dengan teman kantor anjir awkward afterall jd dari kantor itu kita ada acara di puncak dan tidur sekamar single bed gw dekat banget sama teman gue ini dkerjaan sering gila dan ngejoke bareng begitu lah gw sih memang suka melihat dia dari awal,percakapan_porno
bencong mau makan di manaa cong siang ini makan apa kita anime mana nih yang belum di tonton yuk pesan kokumi chatime cong jajan yuk ke coffee shop sebelah cong monitoriiinggg bengong saja lo wajah menangis keras atau menangis tersedu sedu wajah menangis keras atau menangis tersedu sedu wajah menangis keras atau menangis tersedu sedu kangen kantor <links>,non_porno_non_prostitusi
tapi seru to kayak cerita cerita dewasa,percakapan_porno
dilandaskan bahagia dong kok kamu jadi kaum lgbt yup kenpa gue percaya diri bilang begitu karena yang kalian liat diluar sekerang kehidupan kita seperti roda berputar dan waktu terus berjalan walaupun aku tak bahagia diakhirat karena dosa ku setidaknya aku merasa bahagia di dunia wajah senang atau tersenyum karena jalan ku,non_porno_non_prostitusi
nete cariin gue jungkook dom wajah menangis keras atau menangis tersedu sedu wajah menangis keras atau menangis tersedu sedu tangan terangkat dengan jari terbentang,non_porno_non_prostitusi
bandingin terus saja anjing gw memang tidak pekerja keras kayak mantan kamu kontol gue adalah kerja pakai otak,percakapan_porno
muka kamu kayak perek,percakapan_porno
spill jangan setengah setengah nanti bokong kamu kelap kelip,percakapan_porno
dpr nih memang mending tidur saja lah terbaru pojokan <links>,non_porno_non_prostitusi
astaga jembut gimbal frontal bgt,percakapan_porno
cara kamu pera bos pengen viral tidak begitu juga x banci,non_porno_non_prostitusi
nih jasi lightstick nya itu dipakai buat colok memek sama mereka tidak ada otak njer,percakapan_porno
pernah tidak sih kamu kepikiran ingin lesbi,percakapan_porno
kontol hidup kamu ribet banget anjing <links>,percakapan_porno
asusmsi selama ini kamu manusia homo senyum keringat,percakapan_porno
dulu pas kecil dipeluk bunda sambil nete wajah lega,non_porno_non_prostitusi
makin dewasa makin tidak jelas ini alur cerita hidup,non_porno_non_prostitusi
apapun yang kamu tanem kamu bakal dapat hasil nya kan seperti lo nanem kacang padi ya dapat sayur toge kalo kamu nanem kebohongan kekecewaan terdahap orang lain yaaa kamu dapet pikir saja sendiri,non_porno_non_prostitusi
laporan kronologi terkait lumpur muncrat hari ini beks tangan terkepal ke depan api <links>,non_porno_non_prostitusi
yallah perek adaa,percakapan_porno
open bo tidak nih hyung,percakapan_porno
udah avail open vcs real via wa 081350052978 sange aaaaaaaaaah openvcs realvcs vcscolmek vcsbugil vcshot openvcsline vcstrusted availvcs bokepselingkuh bokepjepang abghot janda toket bokep asian openvcs vcs vcsyuk <links>,penjaja_seks
gue gam masalah kalau soal ngewe di rumah gue sendiri bisa cuma dia ingin di bayar spadat kamu kalau di posisi gue mau kayak gitu cari uang itu yang real biar enak di makan anak istri,percakapan_porno
btw ganti ganti nama pengguna mulu kamu pecun,percakapan_porno
mau tak woco jembut tapi aku dalam keaadaan berwudhu takut batal,percakapan_porno
avail vcs basabasi langsung blokkss wa 083801456977 via rek atm open vcs bugil crot berbayar vcsbugil sangeberat tantesange memekperawan vcsyuk bugilhot vcs vcscolmek vcsberbayar vcsreal vcscroot vcsready vcstrusted sange aaaah vcswhatsapp vcssange openvcs <links>,penjaja_seks
so akrab kamu tung kontol,percakapan_porno
gw pernah pas valentine nete ke faust gara gara yang pulang malah oz,percakapan_porno
iya kamu tidak lgbt tapi halu bang senyum keringat,non_porno_non_prostitusi
pp kamu berhijab lgbt jelas jelas salah dalam islam pernah dengar tidak hadis yang jika kalian mendukung suatu kaum kalian termasuk didalamnya nih ya mbak gue kasih pencerahan,percakapan_porno
link > <links> kumpulan cerita seks cerita mesum cerita hot online bersambung dan one shot bokep c,penyebar_konten_porno
masih open ya bintang yang jauh mari merapat bintang open vcs ya say bintang tarif 250 1jam bintang trf via rek atm bintang wa 082284093470 availvcs,penjaja_seks
lo kontol sudah tau salah pakai berlindung kalimat dosa punya jalurnya masing2,percakapan_porno
awas saja kamu menyenggol kata kntl ngtd kentod bgsd anjing kata tersebut circle gue dari smp ku tandai muka kamu lutpi,percakapan_porno
bacot kamu kontol,percakapan_porno
jadi intinya sih fucker lesbi,percakapan_porno
tp kucing gue tidak jablay ky punya lo,percakapan_porno
emot muncrat kena air pantai kak wajah menangis keras atau menangis tersedu sedu wajah menangis keras atau menangis tersedu sedu,non_porno_non_prostitusi
gue tau kok kiamat itu rahasia tuhan tetapi kamu juga tau kan ciri² kiamat apa salah satu nya lgbt makin banyak lgbt makin makin kelihatan juga kalau ini itu akhir zaman mengerti tidak siii,percakapan_porno
salam lestari kontol kamu bisa masuk botol saja sudah aneh <links>,percakapan_porno
brsik lo kntl,percakapan_porno
sin bagi bagi kenapa koleksi bokep lu tapi ogah ah banyakan lgbt isinya pantatnya banyak yang borokan wakakakak,percakapan_porno
selama ini kemana saja bro party gay ya giliran komunitas nya sudah ke gap baru kamu melek puddddd,percakapan_porno
makanya jangan singkat singkat kontol bales chat kamu malas guah,percakapan_porno
memang harusnya ngaceng ya baru tau ’,percakapan_porno
just for your information in case main kamu kurang jauh atau koleksi bokep kamu kurang lengkap anal se is not only for gay dan ada tips and trick nya juga buat kayak gitu to make it clean jadi kalau kamu masih berbicara gay bau tai yang tai bukan gay nya tapi mulut lo,percakapan_porno
kamu kayak kntl,percakapan_porno
eh bego dalam agama jelas lgbt itu dilarang dan dokter telah menjelaskan penyakitnya lgbt itu pilihan hidup pilihan selagi itu sebuah pilihan berarti besar kemungkinan untuk di rubah makanya makan jangan kebanyakan micin otak kamu lola mikir,non_porno_non_prostitusi
kalau sudah datang waktunya selesai hidup kamu padahal sudah banyak contoh dari umat terdahulu masih saja mengeyel para lgbt,non_porno_non_prostitusi
sekarang ready bo area blitar keep slot nya langsung wa menunjuk ke kanan <links> includeroom openboblitar boblitar availblitar angelblitar bisyarblitar bispakblitar wpblitar kulinerlendir recomended4bo <links>,penjaja_seks
kaga apa apa yang penting ngewe drun dari pada eloberdua main sabun doang drun puas puas puas napa tidak gabung sama kemarin di apartamen kuningan lumayan kadrun kayak kamu berdua dapat pengasihan kok puas puas puas,percakapan_porno
jangan kampang,non_porno_non_prostitusi
ya tidak apa apa saja sih asal kamu sudah nikah tidak nebeng sama orang tua aja atau mungkin nikah pikir ngewe itu halal alah bangsat,percakapan_porno
kamu ngewe saja sama setan itu anjg,percakapan_porno
ini makan siang mi ayam lagi dekat kampus sambil bapak yang jual melayani menonton bareng jojo halah tersalip halah halah wajah gembira berurai air mata wajah gembira berurai air mata wajah gembira berurai air mata wajah gembira berurai air mata wajah gembira berurai air mata wajah gembira berurai air mata wajah gembira berurai air mata,non_porno_non_prostitusi
lebay kamu kontol,percakapan_porno
video bokep indonesia viral bokepabg bokepindo bokepjilbab bokeplokal bokepindonesia bokepviral bokepmahasiswi bokeppelajar bokepjapanese bokephijab bokeponline bokepindoviral bokep2020 bokepjilbabindo bokepviral2020 vcstrusted vcsbugil vcs <links>,penyebar_konten_porno
lgbt kok di dukung sehat lu,non_porno_non_prostitusi
ngentot memang teman kamu pi,percakapan_porno
cowokpanggilansurabaya yang mau enak enak ayo aku cowok no gay langsung dm gigolosurabaya,penjaja_seks
bosan memek main gymball na belumpi sampai sampai mengantuk tommeki wajah gembira berurai air mata wajah gembira berurai air mata,non_porno_non_prostitusi
kalau jablay semoga tidak perlu nyusuin anaknya mbak,percakapan_porno
sange ya ngewe kok nikah,percakapan_porno
ya gaapa sih bebas kalau kamu gay mau nikah sama lawan jenis gapapa asal komitmen sekali kamu sudah ijab kamu sudah sah ya sudah melupakan semua keinginan kamu punya pacar sejenis kalau kamu masih kayak begini ya sama saja namanya selingkuh woy selingkuh,percakapan_porno
kisah ini berawal dari twitter kayak pembukaan cerita sex anjir,percakapan_porno
mungkin mereka juga mengira aku lesbi walaupun tidak bilang tp aku bodoh amat wkwk yang penting selama ini enggak enggak ini sudah membantu aku hilangkan stress tidak kayak mereka wkwk,percakapan_porno
humor dewasa beda mulut atas dan mulut bawah update tiap hari jangan kelewatan lumayan dari pada lumanyun buat menghilangkan bete wkwk follow us humordewasa cerita lucudewasa humor humor lucu humorgokil koleksihumor kumpulanhumor humor indonesia cerita <links>,penyebar_konten_porno
lah saya tidak ada bilang lgbt itu dianjurkan kamu mas mba saya tidak pernah mempermasalahkan orang yang mengingatkan hal ini dengan cara baik baik yang disayangkan itu adalah oknum yang ngemaki dan menghujat pakai kedok agama mau membawa ke jalan baik kok caranya tidak baik,non_porno_non_prostitusi
avail ya say tetesan keringat info bisa dm wa panggilan masuk atau telepon masuk 081384277868 availjaksel openbo bispakjakarta availjakarta availjaksel cewekmesum,penjaja_seks
ah bencong lu ngomongin masalah kewanitaan gak menarik,percakapan_porno
film semi bokep ini bercerita tentang skandal anak dengan istri muda ayahnya yang sangat cantik <links> filmsemi filmsemionline,penyebar_konten_porno
kamu balik balik meminta diejek kontol ya,percakapan_porno
belaga benar kamu lonte,percakapan_porno
iya ngx ada sopan santun sekali dia ngewe sama ayam memang akhlakless wajah berkacamata hitam,percakapan_porno
nete bengek ap adanya aja bege,percakapan_porno
╭╌─╼ tangerang burung ├╼╿╿serpong burung │⊓││⊓╿╿╿ │⊔╯╰⊔╰┴╯ ╰─ burung klik persegi hitam kecil persegi hitam kecil panah maju <links> openbo availtangerang openbotangerang tangerangbo bisyarserpong bisyartangerang realangels bsd lgbt malamminggu availbsd trending promote exposerpong,penjaja_seks
giliran ada butuhnya baru kamu datang dasar teman ngentot,percakapan_porno
open bo khusus nya area yoyakarta lagi ada promo durasi nya bo 500 1jam bebas crot full service rr dm chat amplop dengan panah kusus nya area yoyakarta hotel ibiss malioboro menunjuk ke kiri <links>,penjaja_seks
panjat saja terus panjat saja itu pohon toge bapakmu,non_porno_non_prostitusi
puput avail hari ini ya kakak cuma 2sllot saja yang mau isi sllot nya puput bisa langsung dm wa 0895806198979yah sayang wajah tersenyum dengan tiga hati wajib dp say availbomakassar bispakmakassar bisyarmakassar openbomakasar availbomakasar bisyarmakasar makassar bomakassar realbo expomakassar,penjaja_seks
anjim gue baru sadar bahas titit di akun ini kamu berdua tidak bisa ya ngemengin titit di akun satunya lagu aja wajah menangis keras atau menangis tersedu sedu wajah menangis keras atau menangis tersedu sedu wajah menangis keras atau menangis tersedu sedu wajah menangis keras atau menangis tersedu sedu,percakapan_porno
mana bagian gue nyalahi dia kata kata yang mana otak kamu kebanyakan membayangkan kontol sih jadinya ngeres aja,percakapan_porno
memang bukan kriminal tapi norma nya itu lho katanya norma ketimuran kalau sudah menyangkut orientasi sendiri yang menyimpang tidak mau pakai norma ketimuran dasar lgbt sampah,non_porno_non_prostitusi
jual big penis obat pembesar panjang penis no 1 di dunia suplemen dewasa herbal non efek samping ampuh mujarab permanen membesar panjangkan penis pertebal otot penis tahan lama sperma ereksi lebih keras menambah stamina order wa 081229551866 <links>,non_porno_non_prostitusi
i mean kayak kamu tidak punya kehidupan lain selain call cowok gua or ngewe sana sini kayak kehidupan kamu yang dulu,percakapan_porno
mulai musim hajatan tidak jauh dari crit pergi pagi pulang pagi bantu kerabat drun gw ini pendosa karena congor gue sedikit klimis kamu bilang banci sini dm drun biar kamu tahu hidup ini bukan sekadar bacot <links>,percakapan_porno
open bo open video call sex incorporate room puas serius wajah memeluk wa 087717679297 incloud ekslude bisa ayam wariabandung shemalebandung openbobandung availbandung bobandung expobandung pijitbandung bispakbandung bisyarbandung bandungbasah bandungnakal vcsbugil vcscroot <links>,penjaja_seks
open bo gadis pucuk langsung wa 081327445964 daerah jogja cek rr bio avail yoyakarta bo yoyakarta bisyar yoyakarta bispak yoyakarta sex yoyakarta real angels real open bo include exclude bokingan jogja,penjaja_seks
sahabat atau teman dekat adalah dimana kamu bisa berbicara anjing dan kontol,percakapan_porno
ngaceng banget lihat pidio ini termenung atau wajah merenung atau wajah menyesal mengangkat punggung tangan termenung atau wajah merenung atau wajah menyesal mengangkat punggung tangan,percakapan_porno
anak kampang,non_porno_non_prostitusi
• cerita nabi dan rasul • mukbang • menyusun puzzle • minum coklat panas • bermain tic tac itu benar tidak nulisnya • main monopoli • main petak umpet • main tiktok • ngelamun • ya ngentot lah apa lagi <links>,percakapan_porno
bukan maksud hati jadi toxic positivity ya tetapi diri kamu ya tinggi jawab lo kalo kamu bergantung sama orang lain itu cuma menambah stress ni pengertian toxic positivity kenapa ky dijadikan alasan kamu tidak mau menyadari sudah ngentot,percakapan_porno
kampang wajah gembira berurai air mata,non_porno_non_prostitusi
lagi covid begini bisa bisanya kamu bikin sex party otak kamu dimana sih maho ibukota bikin kalangan lgbt tercoreng lagi ini adalah ujungnya,percakapan_porno
hati aku masih dekat jantung kok tidak pindah ke bokong,non_porno_non_prostitusi
kalau dihukum islam fiqh zina itu masuknya penis ke vagina kalau penis masuk ke anus istilahnya liwath makanya para ahli hukum islam fukaha tidak seragam dalam menentukan sanksi terhadap pelaku liwath ada yang ringan ada yang berat,non_porno_non_prostitusi
video bokep calon ustazah <links>,penyebar_konten_porno
dan aku bilang tidak bisa berubah bukan berarti dukung lgbt legal sains dan agama itu sejalan kamu pikir tentang kebesaran tuhan juga pakai sains,non_porno_non_prostitusi
gapunya adanya link ceramah bahaya menonton video porno,non_porno_non_prostitusi
para banci dan pelacur bro isinya grup mereka hasilnya ya menyerang data pribadi giliran dilaporkan pada ngumpet,percakapan_porno
rame nih yuk join idline vipkuy1998 vcs bokep bugil liveshow colmek bigo mlive tante sange jilbob paptt <links>,penjaja_seks
ngentot uruskan yang lain kenapa kamu kurang kerjaan banget anjritt,percakapan_porno
ngomong lutfi muka lo kek kontol lebih aman daripada berbicara anjay anjir anjrit,percakapan_porno
ya ya ya suka suka kamu saja sudah kntl,percakapan_porno
udah ready pagi ini say jantung atau hati open bo plus 2 klaten open pijat dan exclude kota klaten bingkai film yang mau isi slotnya bisa direct message wa 0857 0791 8530 vcsklaten bisyarklaten bisyarklaten openboklaten openboklaten boklaten availklaten availboklaten availklaten klaten<links> <links>,penjaja_seks
feminis twitter harus dihina apa ya jelek kan bodyshaming lonte kan slutshaming goblok nanti mengamuk sjw nanti ngeles be,percakapan_porno
guis i don t do fun ya ada yang nge dm mengirim foto titit bakal left on read alias tidak di gubris aku cuma mau menonton video porno saja buat stres release,percakapan_porno
gw lihat video local bot tidak ngaceng pas nananina itu kenapa si cape ya,percakapan_porno
ketika aku kecil sempat berpikir menjadi dewasa itu menyenangkan ternyata asumsiku salah ukiran cerita tentang beban hidup yang sesungguhya baru dimulai wajah sedikit tersenyum,non_porno_non_prostitusi
nyenyenye tak tau kapan nyeyenye alias mana ada cewek tidak suka sama kamu he kecuali dia lesbi,percakapan_porno
gw mengajarkan kamu biar tidak di manfaatkan cowok bukan mengajarkan kamu jadi lonte sekarang,percakapan_porno
tidak ada titit pinjam titit kamu boleh,percakapan_porno
tidak bro kamu tidak open minded anjeng ga tertawa muka gue datar lihat jokes kamu kontol,percakapan_porno
hode kamu kontol,percakapan_porno
jangan asal enak ngewe brojolin anak besarin memberi makan sekolahkan doang lu melahirkan manusia anak yang punya masa depan dan kehidupannya sendiri seberapa baik pendidikan dan value yang diajarkan ke anak kamu akan mempengaruhi kehidupan anak kamu dan masa depan yang lebih baik,percakapan_porno
deklarasi titit lu jadi presiden amerika kesel bet taii knapa dahhh,percakapan_porno
ketika kamu lagi jilat vagina sih cewek jilatlah luar dalam vagina dan gigitlah kelentit ny jilatlah vagina sampai dalam agar ni,percakapan_porno
nah iya bisa muncrat kalau di makan haha,non_porno_non_prostitusi
open minded tidak berarti kamu harus ngedukung support atau ikut ikutan masuk lgbt dan juga open minded isinya bukan tentang lgbt saja tetapi lebih ke cara berpikir yang lebih luas dan terbuka just show some respect,non_porno_non_prostitusi
timang timang anakku kampang,non_porno_non_prostitusi
gue ini sudah diem jadi jangan mancing mancing gue teruslah kenal juga nggak tapi mulutnya tidak bisa dijaga dasar banci,percakapan_porno
bawel lo lonte saja <links>,percakapan_porno
meraih consent demi ngentot dengan cara malsuin identitas itu termasuk consent tidak tuch,percakapan_porno
munafik sih emang orang ngejoke tapi tidak lucu di depannya kita tertawa padahal dalam hati apaan sih ngentot lu,percakapan_porno
owhhh gtu klo menurut gue dia yang paling menjaga nalar intelektulitasnya selama ini tidak peduli ada dipihak mana tapi kata kata kasar lonte sebaiknya tidak boleh terucap <links>,non_porno_non_prostitusi
yep wajah lega kangen ngewe sama kamu menyeringai atau wajah tersenyum sombong,percakapan_porno
banci teman lawang nongol lu,percakapan_porno
ada yang cerita ke admin dia khawatir anak anaknya yang perempuan semua di cap negatif karena aktivitas wisata sex dan mut ah ini sangat terang terangan seolah olah tidak ada hukum dan adat lagi didaerahnya,non_porno_non_prostitusi
anak kampang,non_porno_non_prostitusi
diem lah kamu ngentot,percakapan_porno
makanan kesukaan erikolimmmm jembut,percakapan_porno
lu coba ngewe di jalan tol saja dale,percakapan_porno
kembali lagi main mobil ngentot <links>,percakapan_porno
gua tak tau kamu siapa kontol,percakapan_porno
didunia ini bukan cuma islam doang dan iyhh memang semua agama melarang adanya lesbi lah tapi kamu harus hargai mereka kalau sudah kamu tegur tapi mereka masihh gituhh ya udhh itu sudah jadi urusan mereka dan beljar dulu sana bahas inggris ya kamu sudah gede malu sama izasah bayaran kamu tuhh,non_porno_non_prostitusi
bacot banget kamu kontol,percakapan_porno
sampe sp tetap saja nilaiku kampang wajah gembira berurai air mata,non_porno_non_prostitusi
ini wajah anda dengan istri anda hati hati bro jangan asal pasang foto bareng keluarga atau unggah video porno ke twitter dagingulamaituberacun kalau anda sudah menghina para ulama kami yang lurus banyak kok muslim cyber army yang mau doxxing anda <links>,non_porno_non_prostitusi
ayam kampus gepreknya di indekos an wqwq,percakapan_porno
heran manusia manusia ingstrargam suka ribut mulu protes badan orang lain lah tidak suka kata anjir lah macam macem bikin karya tolol hidup kamu ribet amat keknya kntl,percakapan_porno
serial komedi dan seru sex education atypical the politician sama ini kak gue akan seneng itaewon class cerita tentang anak muda yang tidak punya apa apa dan ditindas oleh bos bapaknya sampai masuk penjara lalu bertekad balas dendam business element nya kuat banget,non_porno_non_prostitusi
mimin bencong wajah gembira berurai air mata <links>,percakapan_porno
ada gay yang komen begini ke gua gue juga ingin normal tidak enak hidup kayak begini andai kamu tau gue juga enggak mau kayak gini tapi gmn org² tidak bisa kan menentukan dia terlahir gimana mindset mereka itu seakan² itu memang sudah takdir dari tuhan ad yang simple kok mencari yang sulit,non_porno_non_prostitusi
he say 3 hari sama istri pertama 3 hari sama istri kedua dan itu adil kontol adil dari mana kamu enak ngewe mulu saban ari lah bini kamu kadang kesepian 3 hari,percakapan_porno
mulut kamu banyak bacot titit <links>,percakapan_porno
cantik pintar ngentot pulaa goyangannya itu lo wajah meneteskan air liur wajah memberikan ciuman dengan mata bahagia mau lihat fullnya langsung join kesini saja sayang → <links> ← forum bagikan 18 video asia video bule video igo abg tante amatir video indonesia cerita dewasa <links>,penyebar_konten_porno
me to vila and fulham bisa diam tidak kamu berdua kontol <links>,percakapan_porno
lu mau teman kamu masuk penjara gara menyiksa banci wkwk,non_porno_non_prostitusi
goblok risma goblok kontol pakai otak kamu goblok,percakapan_porno
serang murid bernama jiso yang ternyata mucikari,percakapan_porno
taun 2020 harusnya sudah tidak ada lagi pertanyaan kok kamu suka insert nama artis sih dia gay tauuu,percakapan_porno
pengawean gue bacanya peng ngewe an,percakapan_porno
dari pada galau ngentod,percakapan_porno
lucu banget sih eweje bikin aku ingin lesbi tetapi aku suka titit menunjuk ke kanan menunjuk ke kiri,percakapan_porno
bro apa sih manfaat jadi gay bikin kamu penyakitan bro itu lihat burhan,percakapan_porno
quran saja tidak pernah kamu baca kontol,percakapan_porno
alias bodoh amat ngentod menyeringai menyeringai dua telapak tangan menempel terbuka ke arah dalam berkulit putih kuning langsat,percakapan_porno
nikah cuma buat ngewe doang so suci kamu kontol <links>,percakapan_porno
syukur kalau kamu sudah ngewe jeg,percakapan_porno
mau nete,percakapan_porno
cantik cantik pecun rupanya,percakapan_porno
vida ewe,percakapan_porno
item pendek dekil miskin banyak gaya tidak punya temen sampah gampangan jablay menjijikkan banget wanita difoto ini kenapa dia masih hidup <links>,percakapan_porno
open vcs ya berbyar tarif 200k dolar 1jam 150k dolar 30 mnit 100k dolar 15mnit wa 083136337843 idline ayucamsex buruan cht promoni vcscolmek vcsbugill vcscroot vcsyuk vcs availbandung availjaksel availvcs availjakarta memekmulus memekperawan vcsreal bokep vcscolmek bugil <links>,penjaja_seks
ngeue eklwkwowkwkwkk eue eue,percakapan_porno
temen pala kamu pakai sempak ya gua tidak kenapa emangnya temen soalnya rambut kamu kayak jembut jembut kan kayak begitu di sempakin mulu jadi keriting anjing sumpah nyeseg banget gua bangsat gua udah mati matian buat pede dengan rambut kaya begini malah di hina anjing,percakapan_porno
ngok akun bokep wajah menangis keras atau menangis tersedu sedu wajah menangis keras atau menangis tersedu sedu,percakapan_porno
dasar anak kontol,percakapan_porno
oh kalau gandengan tangan itu namanya ngentot toh wajah dengan mata berputar,percakapan_porno
sok cantik kamu revina lgbt,non_porno_non_prostitusi
tidak jelas kamu ngentot,percakapan_porno
lutfi agizal kamu siapa ngentot <links>,percakapan_porno
kok gue baca penis wajah menangis keras atau menangis tersedu sedu,percakapan_porno
dengerin sobat open minded di agama manapun lgbt tidak di benarkan kamu belagu menghargai dengan alasan ham dan embel embel kita harus open minded hihh kontol dasar <links>,percakapan_porno
hanya dari sebuah foto dan oknum tertentu tanpa kamu tau kehidupan para real lgbt yang sebenarnya kamu tidak punya hak bilang kata ngelunjak diluar sana lgbt yang berprestasi banyak jadi politisi juga ada yang dibakar hidup2 juga ada padahal mereka hanya ingin jadi manusia biasa,non_porno_non_prostitusi
open bo area bandung kota 300rb gaysurabaya gaybrondong gaylokal openbo vcstrusted openbosurabaya openbobandung bandungbasah bandung crottsayang ometvbugil dadysugar omboking bokingbandung <links>,penjaja_seks
haha pecun murahan baru transfer gocap saja sudah di blok nomer gua,percakapan_porno
lo jadi lonte saja al ntar gue pinjam duit,percakapan_porno
depok yuk yang mau slot di tunggu best service tanda cium goodatitude open bo vcs in outcall phone wa 087876476665 menunjuk ke kanan jari membentuk ok tetesan keringat wariadepok shemalejkrta wariasby wariabsd wariabali shemaleindo ladyboy wariabo vipshemale,penjaja_seks
tapi benaran lo dulu waktu sma pernah buat sekelompok nampung urine di jrigen fyi juga kalau pipis di betul biasanya lubang kontol nya doang yang diarahin masa kontol nya dimasuki kalau itu namanya ngewe botol dong tertawa senyum lebar <links>,percakapan_porno
ngentot kamu semua,percakapan_porno
halo nyai lonte masih hidup lo,percakapan_porno
ada yang pacaran sudah 10tahun di tahun kesepuluh ternyata pasangannya lgbt apa yang kamu lakuin,non_porno_non_prostitusi
lebih parahan ini sepupuku kenal 3 bulan disuruh meninggalkan kerja terus nikah manisnya juga cuma 3 bulan habis itu tidak dinafkahi jarang pulang setelah 6 bulan ketahuan main sama lonte 8 bulan nikah cerai untung adiku ini belum hamil sahabat dan sepupu yang merasakan traumanya di gue jadi takut nikah senyum keringat,percakapan_porno
timang timang bapak lo kampang,non_porno_non_prostitusi
giliran gue meminta tolong sampai lebaran haji tidak di kerjain giliran pembaruan begituan sama lonte kamu punya banyak ide kan asu,percakapan_porno
repost awalnya pamer otot terus pamer kontol ngocok deh sampai crottt <links>,penyebar_konten_porno
nete sama hamil wajah berpikir wajah dengan tangan menutupi mulut,percakapan_porno
susah sih memang berbicara sama locals dasar xenophobic kntl,percakapan_porno
anjing kamu kontol kepala gue sakit ya anjrot kamu buat nangis,percakapan_porno
gue tendang titit kamu tapi jangan teriak ya soalnya kalau teriak kamu lebay,percakapan_porno
halah kntl ditangan kamu dan teman teman kamu pancasila cuma dijadikan barang dagangan aja,percakapan_porno
buat cewek kalau lagi deket sama cowok jangan asal kasih ngewe ya wajah senang atau tersenyum karna pada dasarnya dalam jenjang serius cowok lebih,percakapan_porno
abg chubby susah masuknya abgmesum abgngentot abgsma abgtoge bokep bispak bisyar bispak bisyarjogja bispakjogja bokepindo bispakbekasi bisyardepok bokepjepang <links>,penyebar_konten_porno
sok iya kamu bang jago kata memaki orang perek mengaca muka kamu kayak kipas angin sanyo gw harap mak kamu atau adik perempuan atau kakak perempuan kamu tidak kenapa napa kasihan banget kalau disalahkan sama pihak keluarganya sendiri,non_porno_non_prostitusi
enaknya kesusu cutepasutri naked toge nude puting sexy sange bugil tantebinal tantemontok amateur tantesemo,percakapan_porno
km ngewe sama aku saja tante,percakapan_porno
aku jarang banget banci orang kalau tidak suka orangnya ya aku pergi yang penting tidak ngliat wajahnya beda lagi kalau sudah benci kamu nafas saja sudah salah,non_porno_non_prostitusi
tolong bilngin raf asu ngentod lu jancok,percakapan_porno
buat cewek kalau lagi deket sama cowok jangan asal kasih ngewe ya wajah senang atau tersenyum karna pada dasarnya dalam jenjang serius cowok lebih suka cewek yang tidak mudah di dapetin karna itu sebuah tantangan tersendiri buat mereka mengedipkan mata atau menyeringai 1 hal yang bikin mereka penasaran dan bikin mereka kekeh buat mendapatkan kamu mengedipkan mata atau menyeringai,percakapan_porno
lo yang berutang gue yang disuruh kerja ngentot <links>,percakapan_porno
wkwk wapik eh jaman sampai sek polos onok arek namanya makfur diceluk meki saiki pole merasa bersalah,non_porno_non_prostitusi
kamu kalau mau ngewe sama aku tinggal bilanh,percakapan_porno
kalo sudah kalah debat pasti langsung bawa bawa tuhan menyerang fisik dan personal ketaker kamu ngentot wkwkwk,percakapan_porno
keliatan kontol dari mata kamu dickhunter berguling guling di lantai sambil tertawa terbahak bahak,percakapan_porno
bokep itu video film juga ada deng wajah senang atau tersenyum,percakapan_porno
gue tidak level sama ngewe onlen,percakapan_porno
terus untuk melepaskan hasrat sexual mereka bagaimana mba apakah bisa seorang manusia tidak melepaskan hasrat seksual mereka secara mereka hanya ngaceng kepada anak2,percakapan_porno
lo ingin ngentod,percakapan_porno
bapak kamu yang pecundang klo mak kamu pecun,percakapan_porno
dasar psk pekerja seks kucinqq,percakapan_porno
jijik gue cowok cowok pakai baju merah muda pernah gua nonton vidkep kan ya gua kira cewe kakinya mungil pake kaos kaki yang sepaha itu warna pink pake baju pink yang panjang sampe sepaha pas dibuka isinya titit asuuuuu,percakapan_porno
awww jembut jantung atau hati,percakapan_porno
pala kontol itu kan jawaban yang kamu mau,percakapan_porno
tolol super tolol yang bilang bts army tidak pernah rasakan susah dapat views apa apa saja yang dilakukan pasti terkenal guoblok tolol kontol kamu pada ya research dulu sana flashback ya bagaimana menderita nya bangtan dulu yang cuma dari agensi kecil cuma remahan termenung atau wajah merenung atau wajah menyesal,percakapan_porno
jembut naga <links>,percakapan_porno
ada yang suka mengganggu orang kayak pemberani giliran diganggu orang langsung teriak teriak kayak bencong berguling guling di lantai sambil tertawa terbahak bahak,non_porno_non_prostitusi
oh iya biar pada manusia homo pas upacara,percakapan_porno
lo pikir dengan kaum lgbt pindah ke negara lain kiamat bakal berhenti gitu kocak kiamat tidak cuma di indonesia saja ya om,non_porno_non_prostitusi
panjang umur buat yang jbjb pakai kok dan jahh kesal gue ngentod,percakapan_porno
besaran banget susunya assyiik kalau nete,percakapan_porno
jangan mainkan perasaan cewek karena cewek bukan boneka lo tidak mau kan dibilang banci karena mainkan cewek wajah senang atau tersenyum,non_porno_non_prostitusi
lagi ramai berita pesta gay itu woi masalah kena hiv aids itu bukan gay apa tidak gay anjing itu masalah kamu seks nya sehat apa gak yang straight juga banyak yang kena kalau seks nya bebas sebebas bebasnya,percakapan_porno
si ini paling punya mantan saja kaga pacaran belum pernah sok sok bikin thread tipu daya laki laki malu sama titit,percakapan_porno
kok lonte sayang termenung atau wajah merenung atau wajah menyesal pisau,percakapan_porno
boro boro hamil ngewe saja belum pernah wkwk,percakapan_porno
sudah bakat banget kan jadi mucikarisedih atau cemberut,percakapan_porno
gue suruh dengarkan semua masalah lo tapi giliran gue yang cerita kamu malah ngejudge memang dasar kontol,percakapan_porno
efek tidak ada pasangan mawar tiap mlm sange colok memek mulu wa panggilan masuk atau telepon masuk 0821 8116 0655 colmek vcsreal memekbasah cewekbugil vcsjilbab,penjaja_seks
gua pernah nih jaman sma ketinggalan bis sekolah jadi naik bis umum terus posisi gue berdiri dari pertama naik sampai turun pas lagi berdiri pantat gue di towel towel anjiiiing karna gue tidak lemah lembut kayak elu itu tangannya diam diam langsung gue cengk,percakapan_porno
gua gebuk kamu ah kontol lama lama,percakapan_porno
boleh nikah muda tapi kayak dulu ya masa anaknya mau nete sampai punya ktp,percakapan_porno
diduga oknum ayam kampus serra sama genie lagi bertugas mencari nafkah sebagai ayam kampus,percakapan_porno
mangkal kamu kata bencong di lampu merah wajah bosan wajah tidak senang wajah bosan wajah tidak senang,percakapan_porno
bego karena menonton bokep lgbt haha bego tidak semua orang yang kamu judge realitanya begitu ya ajg,percakapan_porno
gaosah sok iye muka kamu titit semua,percakapan_porno
bodoh kamu mana ada kapolsek pangkat akp fitnah lagi ini anjing2 sih lonte neno gong gongannya falz dan bodoh,percakapan_porno
i don t against lgbtq community tapi kalau sudah tau kalian gay lesbi please jangan bohong apalagi sampai nikahi orang yang straight kalo sudah begini bangsat menyusahkan saja hidup kamu <links>,non_porno_non_prostitusi
laporin guru lain seram bgt emg dasar anak kntl,percakapan_porno
ngewe itu kan jawaban yang kamu mau,percakapan_porno
otak kamu semakin kecil bangsaaatt bisa diam tidak cari perhatian kamu ngentot,percakapan_porno
yang benar kamu kontol,percakapan_porno
otak kamu isinya ngentot semua apa bagaimana dah,percakapan_porno
caper mulu kamu kontol,percakapan_porno
kamu menyindir gue ya ngentot,percakapan_porno
cerita keponakan budak sex tantenya sendiri cerita a ipi istri yang selalu di tinggal kerja keluar kota sama suami a ketika ipi sedang sange a keponakan ipi yang sudah remaja datang membawakan makanan yang di suruh oleh orangtua a mengantarkan ke tempat ipi jadi ipi rayu dan ngentotin wajah meneteskan air liur,penyebar_konten_porno
maap gue bacanya ewe wajah menangis keras atau menangis tersedu sedu,percakapan_porno
ni lagi apaan sudah sok asyik banget kamu ngentot pakai tolol tololin orang <links>,percakapan_porno
yang reply di bawah ini maaf mau hujat kontol lu,percakapan_porno
ya rabb ena banget tidur di bokong,percakapan_porno
untuk buci kalau mau jadi cowok sifat harus cuek bukan tengil bodoh amat bukan mengajak bertengkar gue patahin leher kamu ngentot,percakapan_porno
open bo cengkareng wa 085770190458 openbo bokepindonesia openbojakarta openbotangerang cewekbo bojakbar realbo openbocengkareng openbojakbar openbo bojakarta availjakbar recommended4bo includeroom kulinerlendir <links>,penjaja_seks
mantap kan mahmud kontol gue smpe muncrat begitu jngn kapok ya tante bo aku lagi <links>,penjaja_seks
ini adalah drama tentang kegiatan sepulang sekolah yang tidak biasa normalnya kan pramuka pmr lah ini mucikari berguling guling di lantai sambil tertawa terbahak bahak,percakapan_porno
wes tidak paham sama orang ini dikit dikit lapor tidak sekalian mas kata jancok jembot kontol tempek ngentot asu kakeane dilaporkan sekalian dasar pansos,percakapan_porno
nga usah ditemani kalau masih ada teman yang mengirim video isinya suara video porno di grup wasap,non_porno_non_prostitusi
pagi2 buka twitter dan ada selebtwit menulis suami jadi cami haha kontol langsung unfollow,percakapan_porno
otak kamu isinya ngentot mulu sih goblok teruss tidak pinter2,percakapan_porno
oi ampun jangan menangis ia menepuk nepuk bokong sih bayi agar tenang maaf jagoan kecil aku hanya bercanda sekarang tidur ya,non_porno_non_prostitusi
apaan mau nete,percakapan_porno
ㅤㅤ ㅤㅤ penulis dengan senang hati akan menerima ajakan untuk menulis bersama tawaran untuk menjalin relasi yang sekiranya sesuai dengan kisah karakter dan bukan cerita dewasa crime dsb ㅤㅤ ㅤㅤ,non_porno_non_prostitusi
mana ada anjing dikuping gue sedikit sedikit keanu ngentot memang kamu semua ya,percakapan_porno
lu harusnya memberi tag lesbi mon berguling guling di lantai sambil tertawa terbahak bahak,percakapan_porno
selamat siang lanjutkan ngentot yuk di hari jumat ngentot meki memek <links>,penyebar_konten_porno
ok ngaceng teh tertawa kenceng nga boleh bokep pikirannya,percakapan_porno
ci jangan lupa rec mereka ngewe,percakapan_porno
woi kamu sudah main ancur feeder disenggol sedikit langsung baper gue jadi tank bakal maki² kamu sih kamu kalau tolol sadar kenapa begoo biar gadikatain lagi tod ngentod,percakapan_porno
waktu nya ngewe,percakapan_porno
ga jarang teman gue yang bilang ke gue pengen punya bokong gede kayak kamu deh tapi kamu kira selamanya enak punya bokong gede ngga pertama susah cari ukuran celana kedua sudah pasti kena pelecehan seksual baik secara verbal maupun ngga,percakapan_porno
nonton drama korea sambil ngentot ewean memek memekbasah jilmek toket toketmulus kontol bispak binal bokep po,percakapan_porno
intinya yang salah orang minang kenapa tersinggung bukan ucapan emak banteng yang menyinggung kontol kamu semua,percakapan_porno
loh wkwk jembut,percakapan_porno
kami orang perantau kami ada dmna2 eeee jembut pinokio kamu menyambar aja,percakapan_porno
paling benci sama orang yang ngelandak tinggal bilang kesalahan kamu tidak usah memuter memuter kayak kontol,percakapan_porno
menag pr kamu banyak woy uruskan saja umat yang benar banyak lgbt kamu diam aj situ gue gantiiin saja walaupun bego agama masih tau rule tanggung jawa,non_porno_non_prostitusi
tidak ada waktu galau saya khawatir sama keselamatan bokong saya <links>,non_porno_non_prostitusi
retweet hijab sangek pengen dientot part 1 blowjob kontol hijab ngentothijab sepongkontol sangeberat san,penyebar_konten_porno
gah tar jadi mucikari,percakapan_porno
kalo tau kamu sedang diperjuangkan jangan ngelunjak kontol galucu bngt orang perjuangin kamu malah kamu buat seena jidad,percakapan_porno
gajelas kontol kamu semua,percakapan_porno
blunder lagi lihat hukum positif tidak bisa pakai sudut pandang agama kamu boy ngewe menjadi pidana karena adanya paksaan kekerasan walau awalnya konsensual sex tapi ditengah tengah terjadi kekerasan maka menjadi perkosaan,percakapan_porno
nete dulu wajah tersenyum lebar bermata hati,percakapan_porno
kamu mau tidak nya ngewe sama gua,percakapan_porno
unduh japanese porno free porno sex anak cari video porno japanese seks unduh bokeb 3gp film bokek,penyebar_konten_porno
tau lah kan kamu cengeng bulan baru dengan wajah,non_porno_non_prostitusi
hlh anak rupiah kntl,percakapan_porno
lagian goblok banget sih alah lopada sudah tau pandemic masih saja aus kontol anjing dasar homo goblok,percakapan_porno
untuk kalian yang lgbt gay lesbian dan kawan kawan no debat dua jari membentuk v atau isyarat kemenangan atau isyarat damai berkulit putih kuning langsat <links>,non_porno_non_prostitusi
hallo say udah ready lagi nih tanda cium open bo apa emen kemang view jantung atau hati wajib kondom dan no anal no pap bugil dilarang cek rr dm wa 08872492734 openbobekasi bobekasi availbekasi cewekbookingan bispakbekasi ceweksange realangels crottsayang sangeberat bekasibo includebekasi <links>,penjaja_seks
apaan sih anjir kamu saja sekarang tidak pernah ngajal maen kntl <links>,percakapan_porno
aku bukan orang yang sebenarnya pro sama keberadaan lgbt tapi aku mencoba buat gapeduli karena takut tapi kalau sudah mengganti syariat dari agama itu kesalahan besar lgbt sudah jelas di larang di agama malah ngeganti syariat agama wajah menangis keras atau menangis tersedu sedu,non_porno_non_prostitusi
bkn bermaksud terlalu sensitif tetapi itu cewek cewek yang heboh ber rahim gue hangat gara gara seorang cowok ganteng kalau dibalik ada cowok komen batang gue ngaceng atas seorang cewek yang cantik apakah mereka akan terima2 aja,percakapan_porno
bacot bangeu bangsat kamu ava korea pop kontol ganti ava lu,percakapan_porno
srp dari tadi menungging sambil mainkan memek sange banget cuysedih atau cemberut,percakapan_porno
kamu mau menyindir bencong jangan ke aku lah ya aku cewek tulen wkk,percakapan_porno
kzl kali kamu aku wajah menangis keras atau menangis tersedu sedu maaf aku blok kamu babey air mata bahagia twitterkan sudah kayak daily diary kan ya gara gara aku ngepost apapun di twt hampir tiap hari kami berantam kontol kesal juga lihat twt kenapa sih harus ada fitur auto translating,percakapan_porno
ih ngentot lah,percakapan_porno
emg kamu mau pacaran sama dia yang ada titit kamu dipotong sama dia baru mampus lo,percakapan_porno
gw jadi duta perek lain haha,percakapan_porno
uwu sudah pernah ngewe saja blm,percakapan_porno
banyak yang sirik sama shera ya mana banci semua wkwk sampe jelek jelekin gue juga spread hate di secreto bikin sedih yang punyanya bikin down jahat banget asli kelakuan kamu bahkan lebih rendah dari sampah,percakapan_porno
coba pap dulu pas sehun lagi nete sama lu baru gue percaya wkwkwkwk,percakapan_porno
semangatin terus nder gue paling kesal sama orang kayak begitu itu yang memaki orang lain hanya karena berteman sama lawan jenis sama kasusnya kalau cewek berteman sama cowok2 langsung diejek lonte alias anjing gue mau berteman sama siapa bukan urusan kamu bgst,percakapan_porno
sumpeh gede banget ini bokong sama betis wajah gembira berurai air mata bukannya tidak bersyukur tapi ini ganggu juga buat gerak jadi gampang cape wajah terbalik jadi kalau gue mau usaha buat kurus jangan di bilang tidak bersyukur ye justru gue mau produktif dan tetap sehat bukan rebahan mulu wajah senang atau tersenyum,non_porno_non_prostitusi
yg menghargai aku saling menghargai lah yg tidak egois yang bisa jadi angin sejuk dikala lagi bertengkar menyambung dan dewasa yg bisa jadi tempat cerita juga,non_porno_non_prostitusi
nih akun ya bisa tidak sih kontol kamu diam saja sehari tidak usah mengundang war ini tidak sekali dua kali akun dia begini tpi sudah keseringan yg diam diam baik jadi war gara gara dia tolong army tidak usah main kesana cukup blok laporan saja gedek banget gue anjing pemikiran nya kenapa bisa sampai situ,percakapan_porno
jah dasar kakak tingkat ngentot makan itu senioritas anjing <links>,percakapan_porno
kalo gamancing adalah tidak akan ada cowok sange sist,percakapan_porno
lu pada membicarakan apaan gay,percakapan_porno
harga diri cewek juga lebih malahl dari perintah2 lo anjing meng kita cewek budak lo anjing kalo lo mau budakin cewek gaji dolo sini modal bacot doang lo nju gua tendang titit kamu auto kejang kejang kamu wajah bosan wajah tidak senang,percakapan_porno
ha haaa pertanyaan basa basi dari lelaki biar kamu kepancing mengobrol hanya seputar alat kelamin tapii kalau cewek yang nanya mungkin dia lesbi biseks yg lagi mencari pasangan,percakapan_porno
saya sudah baca mbak kalau belum baca ya tidak bacot sekarang gini sampean kirim pap muka saja memikir kamu kalau ke orang baru kenal apalagi ini sampai titit kan berarti sudha ada keyakinan berlebih itu kalau mau ngmongin titit,percakapan_porno
lo kerja gue juga kerja gue kerja kamu malah main kontol,percakapan_porno
ngewe adalah dari kata dasar cewek ditambahin kata kerja ng kesimpulan ngewe rasanya biasa saja kalo sudah sering,percakapan_porno
kalo kamu mencari kontol belum disunat enggak usah kenalan langsung saja ngewe,percakapan_porno
cpnya bawa sini coba bercanda bercanda gue potong titit lu,percakapan_porno
bokep mantap mantap <links> bacotsantuy,penyebar_konten_porno
kontol kamu bajak ajimmmmmm,percakapan_porno
mksd kamu memaki army peneror sama memaki amy gblok apa anjing najis sama kelakuan lo ya juga sih orang sefandom ya bakal dibela lah meskipun kelakuan teman fandomnya kayak kontol <links>,percakapan_porno
suara gergajinya bikin geterr terus pas lehernya mulai di tebas darahnya muncrat ke mbak dara wajah menangis keras atau menangis tersedu sedu nih scene damagenya bukan main,non_porno_non_prostitusi
open bo ya beb menyentuh hati atau memberikan ciuman hati pagi ini ya buruan ayo keep slotku info dm wa panggilan masuk atau telepon masuk 083866988468 availsurabaya lendirsurabaya openbosurabaya bokingansurabaya includesurabaya exludesurabaya bispaksurabaya kebumenbirahi surabayanakal bisyarsurabayai surabayanikmat recomended4bo,penjaja_seks
smp aku korban ceng2an anak kampung halaaaah tidak berani minum banci kamu bla bla bla dasar umur lagi labil yodah gonjreeng bang,percakapan_porno
malam minggu sampai subuh ya video call sex real nya 100 dan jgn lupa follow tanda centang berwarna putih w a 083170728853 line nonareal vcsbugil vcs vcscolmek vcsbugil vcscrot vcsyuk realvcs realaccount realangel vcsindonesia vcshot openvcs <links>,penjaja_seks
gile nih twit ada saja yang like memang indonesia anak pnejahat cyber bully kelas internasional anak pecun kota,percakapan_porno
kamu gay bukan,non_porno_non_prostitusi
kamu kata titit tititnya lagi tamasya tai ah wajah gembira berurai air mata,percakapan_porno
jembut mu ngaceng po bagaimana mas akun bo kamu akeh wajah gembira berurai air mata,percakapan_porno
buset sudah gerombolan babi banci melawan cewek saja keroyokan haha menjulurkan lidah dan memejamkan mata menjulurkan lidah dan memejamkan mata menjulurkan lidah dan memejamkan mata lu tidak kasihan apa sama teman teman kamu gerombolan homo yang terciduk kemarin menyeringai menyeringai menyeringai menyeringai,percakapan_porno
anjay anjir anjing kontol babi memek bangsat tolol sini kamu lutfi kontol,percakapan_porno
cebong bencong kamu <links>,non_porno_non_prostitusi
mbok yang komen sekali kali di ajak ngewe bareng brbagi itu indah lo,percakapan_porno
hai ayah bokep wkwk,percakapan_porno
izin dulu ngab ke pacar lu hargain pacar kamu kalau di izinkan kamu yakinin dulu jangan asal main nyari2 yang lain dengan alasan friends with benefit hasrat tidak bisa dipenuhi apalah itu kntl,percakapan_porno
jembut itu apa,percakapan_porno
ngewe deh lu,percakapan_porno
konteks kamu yang tidak menyambung kontol siapa juga yang dukung hetero melakukan pesta seks tolol dipiara,percakapan_porno
entot adik mas ah ah terus mas enjot memek adek,percakapan_porno
lo mimpi apaan coba mimpiin titit,percakapan_porno
kaya hidup km tanpa kntl,percakapan_porno
bisa bisanya menyuruh orang berempati ke manusia yang bahkan,non_porno_non_prostitusi
srp memek perek ingin di gesekan ke habis cowok nih mhh,percakapan_porno
itu bukan kisahnya dik kisahnya apa yang dia kutipan bukan band yang dibincang kn hentam orang agama administrasi kebijakan kesehatan <links> kalau sampai kata kenapa orang islam boleh percaya nabi naik langit ke 7 percaya binatang buroq bulan tabela,non_porno_non_prostitusi
kalo memaki lu lonte sudah bisa di bilang goblok gak berguling guling di lantai sambil tertawa terbahak bahak berguling guling di lantai sambil tertawa terbahak bahak <links>,percakapan_porno
knp semalam gue mimpi ngewe sama kamu ya wajah menangis keras atau menangis tersedu sedu,percakapan_porno
bagaimana caranya kamu berhenti jadi gay fetishizer,non_porno_non_prostitusi
dih keren lo begitu kontol,percakapan_porno
dua tiga tutup botol otak kamu mana kontol,percakapan_porno
giliran mentwit mood ngewe padaaa berkumpul kamu bangsattt,percakapan_porno
orang video call sex yuk wanita bayar ya orang ya kok bayar wanita kenapa juga gue disuruh lihat kontol lo otak sampah modal sange sama kuota doang najis,percakapan_porno
kita punya urusan hidup masing bisa tidak sih tidak mengurus hidup orang lain idup belum benar sok an jadi orang benar aja kalo pun iya menemukan tagar lgbt kamu abaikan saja apa susahnya sih sebel gue sama orang yang sok dewasa kayak gitu seolah tau betul sama karma azab kayak gitu,non_porno_non_prostitusi
pada dasarnya penis terjepit akibat kontraksi vagina menjepit penis yang sedang mengalami ereksi ketika ereksi perlahan lahan berkurang maka penis dapat dikeluarkan fyi aja ganjet itu sebutannya penis captivus beda sama vaginismus cr alodokter,non_porno_non_prostitusi
avail keep slot nya menyentuh hati atau memberikan ciuman hati menyentuh hati atau memberikan ciuman hati hijabers rr dm solonakal kutilangsolo bosolo solobo availbooking availsolo bisyarsolo,penjaja_seks
gw lgbt atau engganya apa itu menjadi urusan lu privilege apa yang kamu dapat kalau kamu tau orientasi sexual orang lain apa itu fetish lo lo tidak ada hak bro well educated person know how to speak and asking,non_porno_non_prostitusi
18 jangan gunakan maaf ini untuk kedok kalian cari cara biar cewek kamu ngewe sama lu sex is about communication tanya langsung jangan maksa seks bukan sekadar buang sperma doang wahai makhluk sange,percakapan_porno
km jablay,percakapan_porno
kalu kamu bukan lonte diam aje,percakapan_porno
ngentod yuk yank <links>,penyebar_konten_porno
bikin cerita kayak mana ya imajinasi bokep doangan isi otak gua,percakapan_porno
awwww sih koko badan sama kontolnya menantang ayo ah kok sini dicrotin kontol yang keras itu uuunncchh lidah tetesan keringat tetesan keringat <links>,penjaja_seks
tidak tau kebanyakan menonton bokep kali wajah gembira,percakapan_porno
perkara anjir doang ye ngentot itu orang yang lapor pasti dia tipe orang yang di tongkrongan kalau beli rokok ketengan cuma 2 satu di bakar satunya lagi buat koncian singkat kata kamu tidak asyik kontol,percakapan_porno
buat mas mas yang bawa motor di jalan raya bogor maafkan saya ya mas saya tadi tidak lihat ada genangan air jadinya muncrat deh ke mas maafkan ya berdoa atau dua telapak tangan menempel berkulit putih kuning langsat,non_porno_non_prostitusi
mending nikah dari pada zina kamu ingin ngentot banget ya,percakapan_porno
tidak pernah gibahin kamu kontol <links>,percakapan_porno
kocak lo menghina lgbt tapi menonton beli lah itu bagaimana ceritanya,non_porno_non_prostitusi
lu dari tadi memenuhi lini masa gue dengan gay kamu anyingggg gue jadi ikutannnn,percakapan_porno
kok masih ada saja orang kayak <links> yang ganjen gatal najisin ke suami orang yang istrinya baru saja melahirkan tau malu lah anjing dimana muka lo jelek banget apa sampai harus banget gatal ke suami orang lain dasar perek gratisan,percakapan_porno
bilang saja mau dipuji cowok kan kamu bangsat dibenerin dulu itu jilbab kayak lonte tau g modal bacotan doang di tt banyak gaya,percakapan_porno
iya memang kayak begitu sih kadang umur sebegitu sudah pada merokok dan orang tuanya itu b aja terus ya kalau berbicara kayak begitu kayak berbicara biasa aja gua kan juga sering berbicara anjing kntl begitu di sini tetapi kalau lagi marah begitu sedih atau cemberut,non_porno_non_prostitusi
jep was saja kamu jadi gay tidak sudi aku semoga jep cwpet punya cewe karna aku ga sudi dia jadi gay ahahdhdsh wajah menangis keras atau menangis tersedu sedu dua telapak tangan menempel terbuka ke arah dalam,percakapan_porno
ngentot kamu revina,percakapan_porno
tiap hari ada yang lewat depan rumah sambil teriak lutfi ngentot sini kamu kalau berani sembari bawa gear motor,percakapan_porno
cowo kok main tiktok ya daripada mainkan kontol bapak lo cuih,percakapan_porno
demi apapun tadi lewat lini masa ada orang yang bilang risih melihat akun pakai ava fake muka orang sumpah urusan kamu apa kontol asli kesal banget kenapa ya orang itu qnzcxnmzkgdldk anjing,percakapan_porno
gabisa mandi sih sampai pagi kesal jablay,non_porno_non_prostitusi
salamat pagi open slot video call sex berbayar info rr dm ponsel w a 082388234389 surel atau email atau surat elektronik id line anggun suanti <links>,penjaja_seks
avail bo sayang ornamen tanda seru hati yang berat serius minat langsung wa sayang hati yang berputar wa 082152064870 hotel cinta ak tunggu sayang bikini availkediri bokediri bokingankediri expokediri angelkediri wpkediri bispakkediri openbokediri angelkediri bisyarkediri recomended4bo realbo trustedangel trustedbooking <links>,penjaja_seks
lu makan alpukat langsung tanpa gula rasanya kayak rasa kontol,percakapan_porno
iyalah anjgg kamu mau grepe2 apa kontol yang ada anjim,percakapan_porno
sange kurang kerjaan coli bokep,percakapan_porno
open bo vcs isi dulu slot nya say menyentuh hati atau memberikan ciuman hati hati yang berputar info rr dm wa panggilan masuk atau telepon masuk 083878318196 real terpercaya 100 availkediri expokediri openbokediri angelkediri bokingankediri bokediri bisyarkediri includekediri lendirkediri abgkediri excludekediri bispakkediri vcskediri bokepviral,penjaja_seks
astaga inikah yang dinamakan demikian karena itu mbak biasanya ada foto kamu banci,non_porno_non_prostitusi
bismillah gblg kamu anjing kntl astagfirullah <links>,percakapan_porno
ngewe kan jawaban yang kamu mau,percakapan_porno
open order pijat dan bo wa 08121 8631 9945 pijatjakarta pijatpriajakarta pijatprofesionaljakarta pijatpanggilan pijatho,penjaja_seks
lu ngewe jinah mengundang murka juga amjinc bukan lgbt doang1 1 momo,percakapan_porno
bokep jepang ngentotin nyokap di depan ayah <links>,penyebar_konten_porno
mint ngewe dia tinggalin,percakapan_porno
open video call sex yuk berbayar yaaa dua hati wa 083131598439 dijamin real trusted vcsbugil sangeberat vcsbugill tantesange vinagarut vcsyuk bugilhot vcs vcscolmek vcsberbayar vcsreal openvcs vcscolmek vcsyuk <links>,penjaja_seks
titit jangan dipakai buat pipis aja,percakapan_porno
contohnya open video call sex ya bung,percakapan_porno
pengen teriak sesekali ke kuping lu kontol kea gitu,percakapan_porno
lo gay dan gue gay terus gue mesti setuju semua sama pendapat kamu apa cowo cewe saja cara pikirnya beda2 kadang gue tidak habis pikir sama orang yang kayak gtu hanya karena 1 bagian identitas yang sama tra semuanya mesti sama gtu wtf bgt,percakapan_porno
oia kalau baca vent out lo kamu mengharap gue tidak sedih tidak rasakan apa apa pas kamu ngata ngatai gw anjing lo meminta kntol gede tetapi sayang sama lo ngentot mengharap bgt yang kntol gede sama kamu cuma make kamu doang tau anjinc playing korban ndiri sedih2 jadi objek eue tingkah laku kamu juga kayak gt,percakapan_porno
ha muka kamu kontol,percakapan_porno
punya anak cewek pas nanti dia merid、air mata bisa muncrat deras keluar bang berdoa atau dua telapak tangan menempel berdoa atau dua telapak tangan menempel,non_porno_non_prostitusi
punten ini bang jablay dulu chara jjh,percakapan_porno
kaget jisung di kasih video porno beneran wajah gembira berurai air mata,non_porno_non_prostitusi
kuys your jablay here kripik jablay session 2 wajah berkacamata hitam just chilin langsung order saja ke yourbakery 0899 5313 552 bisa cod area rsi klaten klatara ngawen klaten kota jajanan jajanankekinian kripik krupuk pedas kripikpedas krupukpedas homemade klaten <links>,non_porno_non_prostitusi
jembut yoiku jembatan butuh,percakapan_porno
berasa asyik kamu main block an dulu gue dibilang bocah sekarang begini doang saja nge block ah lonte kontol,percakapan_porno
alah lonte banyak drama hidup lo udah saja bilang gak segala bicara gamau jawa diemin kan kelar segala mengirim ke base aneh makin banyak drama saja sih di sini heran,percakapan_porno
menghindari zina enggak harus melulu dengan nikah anjir ada alternatif lain kayak puasa sunnah perbanyak dzikir salat yang bener perdalam kajian alquran kalo kamu kebelet nikah dengan tagline menghindari zina fix dunia kamu isinya nafsu dan ngewe doang,percakapan_porno
balaskan nder halah bacot kamu kontol tidak ada pekerjaan saja nguruin hidup orang asu,percakapan_porno
nete nya air silikon,percakapan_porno
hdehh tolong asue menurut aku kamu semua kntl mengedipkan mata,percakapan_porno
mending lihat snap orang pacaran semua daripada lihat video ngentot kan dosa wk,percakapan_porno
istilah baru lg bencong meme menyeringai <links>,percakapan_porno
open real video call sex berbayar seriussss order sekarang wa 085380965920 bokepindo bokep bokepperawan bokepjapanese bokepindonesian bokephijab bokepmahasiswi bokepviral vcscolmek vcscrot vcswhatsapp tantegirang bokephot <links>,penjaja_seks
yg mati kamu saja kontol yang sampah negara juga kamu anjing gausabaperhyungg <links>,percakapan_porno
bau lo bau giliran jimin di crop diem² baik yah heran jimin yang indahnya bukan main masih saja di crop² titit sama tt kamu itu crop baru emejing,percakapan_porno
open bo langsung wa 081327445964 daerah jogja cek rr bio avail yoyakarta bo yoyakarta bisyar yoyakarta bispak yoyakarta sex yoyakarta real angels real open bo include exclude bokingan jogja,penjaja_seks
teruntuk kalian yang pakai stiker ini di instagram biar masuk feed2 rainbow tetapi bilang kor3a gay mati saja u wajah gembira <links>,non_porno_non_prostitusi
ribet kamu ah kontol <links>,percakapan_porno
sumpah yang bilang enggak stan lesbian atau gay kamu tidak merasakan bmstt rasanya secinta itu sama idol sndiri gemas kan lo iri iya mengakui aja wajah gembira berurai air mata jempol ke bawah berkulit putih kuning langsat <links>,non_porno_non_prostitusi
informasi yang kamu dapat semua dari ahli yang beliau mgkin gay sdri atau ngedukung jadi kamu mencari info yang cuma relate sama pendapat loe,non_porno_non_prostitusi
pentingnya sex education sejak dini aku mau cerita nih jadi barusan teman aku curhat kalau dia pernah dapat pelecehan seksual waktu kecil dan dia baru sadar setelah sekian lama dia juga tidak berani buat speak up ini pertama kalinya dia speak up,non_porno_non_prostitusi
lo aku cukup mbayangin pejuhku muncrat di bajunya yang mengkilap dan licin itu,percakapan_porno
lu kenapa mengetren terus bjir lgbt,non_porno_non_prostitusi
gembel tidak usah mendekat kalo mau foto ya dp loe pikir gue tolol loe cuma kolektor bahan colay haha tanpa gue kasih foto ke client pun banyak yang tercantol tong dan yang tercantol itu selalu yang berduid dan cerdas gak tolol kayak lu otak di kontol sih jgn kayak dia ya <links>,percakapan_porno
komunikasi anak dan ortu ortu tidak memaksa anaknya harus selalu dapat nilai bagus tapi bertanya anaknya lagi ada apa ga langsung nyuruh2 terus kalau anaknya tidak bisa cerita ya dihargai privacynya kompromi walau anak masih smp diperlakukan sebagai orang dewasa jg,non_porno_non_prostitusi
padahal pengaruh negatif kebanyakan menonton video porno waktu masih kecil itu banyak,non_porno_non_prostitusi
kg sange itu bercanda,percakapan_porno
streaming anime kok iklannya obat kuat sek menonton kon ro ngaceng po yo,percakapan_porno
tinggal umbarin kontol kamu saja sudah viral,percakapan_porno
farida avail malang jawa timur yuk merapat aku tunggu ya dm ny pengen sensasi sex berbeda bgitu indahnya hari ini andai kamu ada pingin availmalang openbomalang bisyarmalang kimcilmalang expolmalang bispakmalang availmalang <links>,penjaja_seks
avail open bo areal jayapura papua inc exc info dm opbojayapurapapua openjayapurapapua bokingjayapura cewekbojayapura panggilanjayapura angeljayapura vcscolmekyuk openvcsjayapura openbojayapura open bo jayapura incorporate exc rom wajib isi slott uang muka no cod wa 083801456977 <links>,penjaja_seks
di sebelah uin kampus 2 jalan cimincrang menyatu padu dengan ropang pada kesatuan tukang foto kopi ayam geprek es thailand tea teh poci seblak dll,non_porno_non_prostitusi
lo sih main bawa titit saja gabawa tata krama,percakapan_porno
serius kontol ayo ayo tidak ada duit lu,percakapan_porno
escort itu perek ya apa pecun ya ya ya cukup tau aja,percakapan_porno
mohon maaf sebelumnya gue tidak kenal kamu ya lutfi agizal dan gue juga tak tau kamu ini siapa ataupun kamu ini apa tapi men,non_porno_non_prostitusi
masyarakat kontol giliran mesum saja kamu jadi polisi moral pas ada kdrt pada diam tolol,percakapan_porno
ngakak ih jamil jablay militer ceunah berguling guling di lantai sambil tertawa terbahak bahak berguling guling di lantai sambil tertawa terbahak bahak berguling guling di lantai sambil tertawa terbahak bahak,percakapan_porno
ehhh kontol bedakan dulu hate speech sama kata kasar tidak semua bahasa inggris itu diterjemahin per satu kata gitu yang dilakukan sih natya ini adalah hate speech karena dia membungkam orang yang beropini terhadap dia juga gblokk juga kamu jadi orang,percakapan_porno
alice itu ngentod,percakapan_porno
dlu gue pernah dekat sama kakak tingkat pas maba bisa di bilang nih cowok gampang sange ajg terus gue langsung bilang ke dia mending kamu bo lonte oh kamu tidak ada duit ya tidak bisa nge bo terus dia kesel habis itu gue di block wajah memelas,percakapan_porno
makanye ki tolong otak kamu gedein jangan cuma penis yang digedein <links>,percakapan_porno
berisik mucikari,percakapan_porno
timang timang tiara kampang sudah bsar walau masih kecil semoga bahagia selalu <links>,non_porno_non_prostitusi
ngentot terus otak lu,percakapan_porno
lo yang showing up duluan jadi kalau makin di up ya bukan salah yang mengirim ke menfess lah kontol yang mencari kawan lewat insta cerita kan duluan kamu kimak lagipula ini tidak ada yang bisa diambil positifnya dari cerita kamu itu aduh tuman,percakapan_porno
seperti pada 2017 polisi melancarkan beberapa serangan terhadap sebuah sauna gay dengan dalih pelanggaran uu pornografi pada mei 2017 141 orang ditangkap untuk pesta seks gay di ibu kota jakarta,non_porno_non_prostitusi
ku lebih suka jadi karin jdi parjo macam om sange,percakapan_porno
avail pontianak ready malam ini openbopontianak availpintianak bispakpontianak bisyarpontianak accauntpromote1 hotel ibis pontianak city center jl jenderal ahmad yani no 81 parit tokaya kec pontianak sel kota pontianak kalimantan barat <links>,penjaja_seks
cara menjadi openmendet menolak pakaian budaya nusantara yang katanya mengekang tolak pakaian syariat agama seperti di aceh mengatakan psk lebih berharga dari pada seorang istri awoakwoakwoak tulis kepsien dengan bahasa inggris,non_porno_non_prostitusi
bangun tidur terus laper itu hal biasa ini bangun tidur terus ngaceng ada apa kalimat pertama yang gue baca pas buka twitter skeptis jengkel ragu ragu gelisah atau ragu ragu,percakapan_porno
bukan orang ky kamu juga yang bisa memberi hukuman langsung ke orang lgbt semuanya dipelajari dulu jangan ditelan bulat,percakapan_porno
open vcs avail dan trust minat langsung dm sayang khusus pagi 1 slot aja y open bo vcsbugil vcsyuk vcsjilbab vcswhatsapp vcssangek lonte bokep hot memek pejuhin crotkontol tetek awek telanjang bukabaju <links>,penjaja_seks
vcs apaan sih,non_porno_non_prostitusi
idup tidak melulu tentang pacar jadi tidak usah sambat betap jomblonya kamu ngentot,percakapan_porno
dari sudut pandang boty aku sange tiap hari wkwkwj,percakapan_porno
gini sudah ya gue jelasin kan kalau dikasih dare ganti ava jadi gambar banci begitu begitu kan ya nah kamu sekalian sudah thread starter jadi banci nya elah,percakapan_porno
maksud kamu somad banci gitu wajah gembira berurai air mata wajah gembira berurai air mata,non_porno_non_prostitusi
bacot lutfi kontol bikin gue emosi saja kamu lutfi,percakapan_porno
ngaceng hu menyentuh hati atau memberikan ciuman hati,percakapan_porno
ktnya mau dolar kamu hem ribet kayak jembut lu wajah gembira berurai air mata berguling guling di lantai sambil tertawa terbahak bahak berguling guling di lantai sambil tertawa terbahak bahak,percakapan_porno
dasar mulut kayak anjing susah iya hal sepele cepu cepu keren kali kayak gt jenga iya ngentot,percakapan_porno
bisa masuk antara kagum sama suka dengan badannya terinspirasi tapi kalau memang kamu tidak apa apa punya teman gay jangan di out in di depan umum ya kasihan soalnya mah dikucilin tidak enak banget,percakapan_porno
kan habis ngentot kamu lonte,percakapan_porno
kontol lu giliran yang melakukan kesalahan teman kamu langsung kamu bela tidak heran pas demokrat berkuasa kasus korupsi kadernya banyak begini cara demokrat berpolitik,percakapan_porno
ngene kamu cok koen ikut kan mengerti biaya operasi sesar larang teros sekarang tidak gadah arta yo wingi rasah ngentot lah anjing jadinya malah menyusahkan orang tua bangsat,percakapan_porno
51 tidak punya mantan jim 52 udah tidak ada baunya 53 bentuk nya kayak toge kembar 54 gambar 55 tidak dong 56 mang bewok 57 tetap semangat jangan menyerah lambang tanduk jantung atau hati 58 aku maung 59 jonson 60 bentukannya yang pasti tidak kentang 61 arit kamu keren <links>,non_porno_non_prostitusi
mba saya ngaceng kalau lihat kardus dispenser miyako natural tidak ya,percakapan_porno
kan memang kamu banci,non_porno_non_prostitusi
cerita dewasa tukang pijat memuaskan istriku <links>,penyebar_konten_porno
kalo kata kontol masih bermasalah juga kalo iya potong saja kontol lu tidak usah punya kontol semua kayak kontol,percakapan_porno
udah gue pegal batin banget udah mau bagaimana ya bodoh amat nyesel gue dulu pernah membela ini itu demi kamu yang sekarang b saja ke gue alias ngentot,percakapan_porno
aduh maaf aku muncrat teh,non_porno_non_prostitusi
open bo dan vcs ya beb serius minat langsung wa tidak melayani chat selain bo dan vcs wa 082152064870 bikini availbukittinggi bisyarbukittinggi bobukittinggi angelbukittinggi bukittinggibo bispakbukittinggi realangel trustedangel vcsberbayar wpbukittinggi <links>,penjaja_seks
mucikari dan tiga psk diciduk dari sebuah wisma di kecamatan arut utara <links>,non_porno_non_prostitusi
hoi anjing kamu semua ngentot,percakapan_porno
kami mau menyelamatkan indonesia eeee lihat paha mulus sedikit langsung ngaceng dasar kadal buduk,percakapan_porno
lu keturunan anak jablay ya mamak kamu nene kamu barang sewaan lu hasil dari pada ngelonte parah waak otak nya bokep muka bokep jangan jangan istri anak lu kerjanya ngelonte brpa sini gue booking anak kamu saja ya kalau mamak istri kamu sudah dower wajah gembira berurai air mata berguling guling di lantai sambil tertawa terbahak bahak,percakapan_porno
enak nih dientot kontol panjang <links>,penyebar_konten_porno
avail ya sayang bekasi bantar gebang whatsapp me 6281296436900 bekasitimur wariabekasi av,penjaja_seks
bukan sok suci toh memang kalau agama dia melarang lgbt kamu mau apa revisi kitab dia,non_porno_non_prostitusi
janetee kenal di gerak cepat ayam goyeng antek anteknya deamek huek wajah monyet monyet pulang sering kenal limit lock kesaspen mmpshh wkwkwk nete baik bgt tidak pernah ngacangin wajah memeluk hati kuning pulang tidak mau pasang ava rl padahal dia cantik banget asliii wajah tersenyum lebar bermata hati dua hati psange juga tetapi santuy loff nete bgt stroberi hati yang berputar hati yang berkilau,percakapan_porno
lu kira ini kontol kayak ayam gorengnya ismail bin main,percakapan_porno
bayangkan kalau anak kamu yang lgbt,percakapan_porno
gais menyarankan cerita yang sudah end yang hubungannya sudah dewasa gitu bukan anak sama lagi tapi yang tulisannya rapi begitu wp,non_porno_non_prostitusi
wkwkkwkwk hey masa dia ngentod ama pori pori tangan w sih,percakapan_porno
90 isi komentar om om dan mas mas sange,percakapan_porno
pokoknya kalau allah kasih rezeki berupa anak dan ketika umurnya sudah cukup akan langsung gue ajarkan seperti ustad biologi ku ajarkan dulu di gambarnya gambar penis dan vagina di depan lengkap sama istilah2nya klitorsnya bolanya dll wajah berkacamata hitam,non_porno_non_prostitusi
ngfuck di outdoor sensasinya beda bikin tambah sange download video lokal join di sini <links> <links>,penyebar_konten_porno
this sangat pernyataan triggered me cuma kalau sampai lgbt marriage legal pasti bakal ada demo wiro sableng berjilid jilid bisa rusuh juga disana sini wajah menangis keras atau menangis tersedu sedu,non_porno_non_prostitusi
polisi tangkap mucikari jajakan anak di bawah umur via aplikasi dari laporan itu <links>,non_porno_non_prostitusi
ohh mami kontolku besar panjang tiga jari setengah panjang lewat pusat aku mungkin 3 aku ngentot mami mami kecapaian,percakapan_porno
hak kontol kamu tidak lihat berita mereka sudah punya istri semua gimana perasaannya menurut lo anak2nya bagaimana kalau sudah punya anak,percakapan_porno
orang orang tidak ngarti kontol kamu ngimongin anime,percakapan_porno
mau sejuta yang lihat 80 yang like artinya itu twit yang berutu kemana pengikut kamu yang 3000 modom maho,percakapan_porno
pansi lu kntl anjir anjrit anjim,percakapan_porno
labil kamu kontol kayak anak smp,percakapan_porno
mana nih kaum open minded kata mereka mereka yang lgbt tidak akan menulari penyakit mereka ke orang lain,percakapan_porno
banci lo laki2 tpi tukang nyinyir idih,non_porno_non_prostitusi
nih du saya kasih foto paha sesuai permintaan kamu kira ngaceng enggak sih didu lihat foto paha mulus doi wajah dengan tangan menutupi mulut,percakapan_porno
ngentod puas,percakapan_porno
fi sombong gue mau desc kamu nih dapasu xixi gue kira kamu sombong anjir ternyata ggx baik banget ini org asyik parah pendengar yang baik bokep mulu ini anak euy apa lagi ya nyot sampai 0 word lagi asu oh iya dapasu ini agak tolol dikit gampang banget horny euy xixi sudah ah habis mau pulang <links>,percakapan_porno
hanya ingin bilang kenapa sih orang orang yang ikut gay sex party ini goblok mana tempatnya di tempat umum begitu rame2 pula isinya sudah tau lagi pandemi kaya aduh kegoblogan kalian makin bikin closeted gays jadi homophobic karena kamu kamu semua memikirnya pakai selangkangan,percakapan_porno
dulu semula yang kamu inginkan dia bersusah payah mendptknya lalu ada timbal balik rasa sekarang yang kamu inginkan dia susah payah mendptknya lalu dia menjawab buaya buaya buaya buaya buaya betina tidak ada otaknya giliran mengejar karena nafsu dia mau kontol lu,percakapan_porno
mantap bokong nya,percakapan_porno
lah titit kamu kecil mana bisa gue desah desah yang ada adalah lo pakai jari saja meminta dimentokin sampai ujung,percakapan_porno
lesbi ya allah istipar loe,percakapan_porno
abis menonton itaewon ingin jadi direktur habis menonton extraculicular ingin jadi mucikari mau kamu apaannn,percakapan_porno
lu semua ngentot,percakapan_porno
pasangan abg lagi semangat ngentot full > <links> abgngentot bokepabg abgmesum ngentot mesum bo,penyebar_konten_porno
ayah kamu gay serius nanya,non_porno_non_prostitusi
yg ditanya cewek bukan cowok wah fix gay,percakapan_porno
memek nya mantap tante,percakapan_porno
mau donhlg jilati memek sampai nenen nya,percakapan_porno
ngewe mulu kamu arpi jaehyun wajah kucing marah,percakapan_porno
lu bawa saja gay namanya juga nitip,non_porno_non_prostitusi
ih itu sudah glow banget tau mulus lagi reply itukan yang kamu mau ngentot <links>,percakapan_porno
pecun dang,percakapan_porno
engga yang normal nete,percakapan_porno
film jepang romantis diantara dua pilihan subtitel indonesia <links> bokepindo bugil bokephijab videobokep ngentot toketgede memek telanjang bokep openbooking bispak bokeplokal bisyarbandung bokepjilbab jilbabsangek,penyebar_konten_porno
kontol ternyata kamu ngestalk lainnya buat mendapatkan akun gue ahahaha,percakapan_porno
kaya pantat bayi yang gemoy gituuu,non_porno_non_prostitusi
6 alasan putus sama mantan 7 menurut kamu apa sifat kamu yang paling buruk 8 berapa kali kalian ngewe dalam sebulan 9 ss kyut mesej kalian hari ini no sensor 10 fi co tentang pantonesmut 11 kalau ocrp ingin jadi apa 12 2 film series drama yang paling kalian suka,percakapan_porno
di kntl bangga kamu hah sudah merasa paling cakap lu najis,percakapan_porno
sepertinya itu titit nya di sambung terus pakai accessoris jg,percakapan_porno
video zex jepang donlod film sex film bokep japanese japan porno unduh video xxx mudah video ngentot,penyebar_konten_porno
wkwkwkw tetapi kontol kan anggota tubuh doy kalo kamu dibilang kontol benar dong wkw,percakapan_porno
nyewa perek bisa bayar utang gabisa gue doakan deh ya semoga kamu tidak bisa ngaceng jantung atau hati,percakapan_porno
tidak semua nafsu an bro banyak juga yang bisa jaga nafsu itu kontol kamu saja yang tidak punya etika,percakapan_porno
dasar pecinta bokep lesbi gay goblok,percakapan_porno
dan lagi apa salahnya gue lonrep frontal dan lain lain kamu ngewe punya kriteria kann tidak suka frontal long reply dan sebagainya kan sama gue juga punya kriteria balas pun hak gw dimana letak salah gue kamu bisa menghakimi gue seenak jidat kalian semua tanpa pikir mengaca diri kamu sendiri,percakapan_porno
rt bokep auto no titit siap jadi temannya lulove,percakapan_porno
gajelas banget pengirimnya anjir wkwk padahal divideonya jelas banget ya dia terpaksa jadi gay karena tidak ada perempuan disana tidak ada menyambungnya sama yang sudah jadi gay sebelum masuk sana opini kamu mau dikuatkan sama orang orang tapi kesannya beloon banget makanya lihat dulu itu video baru beropini,percakapan_porno
sekarang itu lomba tiktod ngentot astgfirulah map wskk,percakapan_porno
aku bacanya lembut tau jembut dari rep ini wajah menangis keras atau menangis tersedu sedu,percakapan_porno
gausah sok tau perjuangan jablay galon mana tau dasar permen karet receh beraga dolar pho depan dukung belakang nikung ya parah sebangsat bangsatnya gua tidak pernah merebut cowok orang kalau kamu suka ambil tidak usah kayak orang miskin,percakapan_porno
yaelah baru mbrojol jadi kakak tingkat saja bahasa kamu gaya banget kontol,percakapan_porno
ternyata artinya ngaceng itu tertawa kencang anjim,percakapan_porno
dua tige ikan kontol bacot kamu tongkol,percakapan_porno
meki nya masih bagus ndak masih nyokot2 begitu ndak <links>,percakapan_porno
haha ampun sudah ampun potong itu titit kamu nyinyir mulu,percakapan_porno
kontol bapak kamu yang kontolnya hitam pekat,percakapan_porno
ape hubungan sama tidak periwi kamu sendiri yang bilang kalau jaman sekarang tidak penting mau periwi kaga trus sekarang kamu malah bahas keperawanan org alah kntl,percakapan_porno
lo tidak suka pemandangannya ya kamu pindah lah ngentot bukannya jadi bikin sakit hati banyak orang yang punya ciri fisik yang mirip dan bahkan tidak di satu tempat yang sama ketauan banget nih ngegym buat pamer body doang,percakapan_porno
ini sex edu kan ya kenapa dilaporkan coba sinet yang anak ini anak itu yang mending diberesin biar cerita tidak ke mana mana wajah menangis keras atau menangis tersedu sedu wajah menangis keras atau menangis tersedu sedu ini sex edu tabu di indo apa memang orangnya yang tidak siap buat bljr wajah menangis keras atau menangis tersedu sedu wajah menangis keras atau menangis tersedu sedu wajah menangis keras atau menangis tersedu sedu,non_porno_non_prostitusi
momi mau nete,percakapan_porno
pengen banget jilat memek,percakapan_porno
kalo ada orang yang tidak suka selangkangan berarti dia salah satu peserta gay yang di ciduk kemarin emang kamu tidak hasil selangkangan den coba bayangkan kalau bapak kamu hobi nya tusbol pasti tidak kan ada yang deny sigoblok wajah gembira menyeringai wajah gembira berurai air mata berguling guling di lantai sambil tertawa terbahak bahak,percakapan_porno
yaudah pergi tinggalin sebelum dia yang buang km begitu aja masalah kalian yang sering ngewe serah deh urusan berdua gue tidak mau ngehakimin cuma kalau kamu sudah merasa tidak nyaman ya sudah pergi insting manusia kan,percakapan_porno
klen cerita bokep pulak,percakapan_porno
sehalus pantat dajal menyeringai,percakapan_porno
kalau salah tidak usah suka ngeles jngan2 kamu lgbt yak berguling guling di lantai sambil tertawa terbahak bahak,non_porno_non_prostitusi
once again nih akun akun gue ya mau alay kayak mau lebay kayak mau gue ngentot kayak mau gue jungkir balik kayak mau gue mengerti bokep kayak mau gue apa kek tidak usah urus anjing ribet kamu setan gue pletak palalu,percakapan_porno
lagian kamu suka sama yang gay termenung atau wajah merenung atau wajah menyesal tangan terkepal ke atas berkulit putih kuning langsat,percakapan_porno
lo tiap gue post instagram story isinya muka gue juga memaki gue lonte mulu,percakapan_porno
qamoe pohon toge di depan rumah,non_porno_non_prostitusi
bokep mulu sih lau,percakapan_porno
lgbt dong,non_porno_non_prostitusi
mantap memek nya jadi crot nih ooohhhhh lemes,percakapan_porno
keren kamu bisa spread hate kayak gini keren berasa sudah bisa segalanya ngatain gue lonte emang gue dekati siapa bapak lu <links>,percakapan_porno
he lonte memek jamuran iri saja kamu sama jatah gua,percakapan_porno
ini siapa sih teman di instagram yang suka follow cewek joget2 pamer tt doang wajah dengan mata berputar di discover keluar semua udah kayak lonte kamu cewek goyang tiktok tolol tau gak ajg banget jijik dan geleuh gue bangsat kalo lonte lonte ajalah risih tau tidak joget2 berasa murah saja diri lo,percakapan_porno
apa tidak gepeng titit kamu kalau masuk situ anjing lah wajah gembira berurai air mata <links>,percakapan_porno
yuk jembut eh jemput mksdnya,percakapan_porno
mending kamu tidak sudah main twitter deh ga sur sedikit blok tidak sur sedikit blok macam kamu oke aja dasar banci,percakapan_porno
ngatain orang korea plastik banci oplas brow mean fisik sudah tidak jaman denger ya kamu tidak malu memaki orang yang bahkan jauh di atas lu <links>,non_porno_non_prostitusi
eh gw gak bilang ga pro lgbt close minded gw bilang tesis kamu tidak menyambung sama realita apa yang gue rasain udah gue kasih argumen berdasarkan pengalaman kok malah invalidating my own experiences heran makany gue bilang dengerin orang lgbt bukan pakai mindset hetero,non_porno_non_prostitusi
tadi kamu mengajak ngewe berjemaah nup,percakapan_porno
kontol gue abis nipu dia pake akmal dia nipu gue ngentoddddd anjing anjing balik lo bangsat atau sejunriver gue take mmk <links>,percakapan_porno
kumis itu tanda hormonnya lebih banyak berhubungan juga dengan hormon sex biasanya lebih gampang sange,percakapan_porno
dasar penikmat lonte,percakapan_porno
mulai malam ini sampai besok bagian patah hatinya jangan heboh pas ngewe doang,percakapan_porno
gua tidak akan berhenti sampai dirga jadi milik gua dan buat kamu el yang jadi cewek dirga sekarang kamu akan kehilangan el sesegera mungkin karena gue tidak akan nyerah gua akan bikin hubungan kamu sama dirga hancur dengan cara sehalus mungkin see kamu on the next time bencong,non_porno_non_prostitusi
ngentot kamu ja,percakapan_porno
d sambat aja napa ngepostnya ngentod,percakapan_porno
menunjuk ke kanan menunjuk ke kiri jing lama lama kamu kayak anjing sok ketat aturan kamu anjing padahal kamu yang bermasalah jual data pengguna kamu jing medsos kontol menunjuk ke kanan menunjuk ke kiri,percakapan_porno
kampang kenapa woi alah kamu tba2 stres tingkat akut luar biasa bingung gue jdinya mangats kamu cepat cepat kelarin masalah2lo harus yakin kalau kamu bisa nyelesin itu,non_porno_non_prostitusi
apa benar kalau pas pertama kali ngewe ada yang sakit atau lecet itu cuma gara gara kurang foreplay,percakapan_porno
kate moco jembut sungkan iya sudah tak woco lembut,percakapan_porno
wew apakah kita berteman gais kawanku juga gay breehh bayangkan kamu dijemput kerumah katanya mau mengajak main eh sampai sana dia malah kencan bayangin aja lu cewe sendirian jadi obat nyamuk dan depan lu cowo cowo lagi pegangan tangan sambil sayang2an tanpa ekspresi tanpa ekspresi,percakapan_porno
betulkah anda yang bilang tentang kaum nabi lut sama dengan nusantara berarti kata kata itu juga menuduh orang nusantara seperti nu gay dan lesbi udah malas mengikuti anda bro tidak respect lagi ternyata tidak beda dengan golongan radikal lain,non_porno_non_prostitusi
akun kntl,percakapan_porno
bokong aku hilang alias cape banget asu,non_porno_non_prostitusi
dewa asmara avail bo puwoke o ready slot beb menyentuh hati atau memberikan ciuman hati masih ada slot mengepoi yuk tanda cium privasi aman beb dua hati mawar wajib dp mesin atm no cod mawar hotel cinta include hotel cinta hotel cinta exclude hotel cinta bopurwokerto purwoke o openbopurwokerto bookingpurwokerto openbookingpwt bispakpurwokerto bisyarpurwokerto memekbecek memekbasah <links>,penjaja_seks
yuk aku avail bandung iya say open bo vcs ready hari ini wajah tersenyum lebar bermata hati excludebandung availbandung expobandung bobandung availbobandung bisyarbandung openbobandung bobdg bobandung expobandung cewekbookingan bandungbokingan bandungbirahi vcsbugil vcscroot vcsreal vcscolmek <links>,penjaja_seks
girl frienlidah menjulur keluar nakal ceria atau mengejek coming closer snuggle lo bau njir gue hah bau apaan ya gue habis keringetan makan samyang gf bau gay gue gf <links>,percakapan_porno
ppp fot kontol kamu semua kenapa tidak ada twit lewattttttt,percakapan_porno
tapi kamu suka ngewe kan anjim,percakapan_porno
info dm ya slot masih ada yang minat info dm aja avail tophotel manado 100 realakunbo angle mawar mawar includemanado excludemanado openbomanado bomanado nocod anglemanado bispakmanado lendirmanado openbomanad,penjaja_seks
open bo pijatdenpasarbali area denpasar wa 081260768114 pasutrijakarta pasutrimedan pijattante brondongtante pijatplusplus tantesangeberat tantemalang pasutri3some pasutribali openbooking massagebodytobody massagefullbody massageplusplus tantegirang <links>,penjaja_seks
open bo orang vcs sby tetesan keringat yg serius langsung wa ya bosurabaya wpsurabaya bisyarsurabaya bispaksby bokingansurabaya availsby includesurabaya exposurabaya lendirsurabaya openbosurabaya bosurabaya availsurabaya <links>,penjaja_seks
kamu sama saja kontol,percakapan_porno
katanya sudah jadi oom kemarin itu gunting titit apa maksudnya,percakapan_porno
beda kain sama sempak bos memang kalau kamu pikir rempah apaan di bungkus sempak rempah rempah jembut,percakapan_porno
orang yang mau ngewe kamu yang pusing duh,percakapan_porno
sih cantik jago mengemut alias sepong kontol teteknya kelihatan jadi bikin sange ingin juga dong kontol kayak begitu,percakapan_porno
sok cuek kamu kntl,percakapan_porno
aku termasuk pria penggemar jembut tebal,percakapan_porno
ready avail bogor paku penanda atau pushpin bo vcs info rr direct message ya jari membentuk ok amplop dengan panah angelbogor expobogor bispakbogor availbogor trustedbooking realangels bisyarbogor openbobogor bobogor includebogor wpbogor ayamkampusbogor excludebogor vcsreal vcsready vcscolmek vcsbugil vcsberbayar vcswhatapp <links>,penjaja_seks
soal sex education waktu itu buat kalian yang merasakan hal yang sama lebih baik kalian coba buat speak up ke orang tua karena apa aku juga awalnya mencoba buat tidak cerita ke orang tua sampai akhirnya aku bener bener telat buat cerita sampai saat ini,non_porno_non_prostitusi
ga seru cerita sex nya <links>,percakapan_porno
<links> < gangbang sensation sexy susi dan mariska bispak porn bokep,penyebar_konten_porno
otak kamu di pakai kontol masih banyak topik yang bermutu buat didebatin goblok betul,percakapan_porno
bencong kamu yos,percakapan_porno
ledakan open bo open vcs panggilan ledakan include exclude ledakan karawang dan sekitar nya minat ledakan langsung ledakan dm wa 083804037401 ledakan pusing openbokarawang pusing openvcskarawang pusing inc exckarawang pusing bopanggilankarawang pusing cewekbokarawang pusing vcssangekarawang pusing cewekvcskarawang <links>,penjaja_seks
kontol ktikan kamu di jga,percakapan_porno
tidak mau di eue,percakapan_porno
abg toge mendesah ngentot diatas videobokep full > <links> <links>,penyebar_konten_porno
lu ae sring ngina kontol,percakapan_porno
dan gue ingin banget mereka yang ngangep enteng coba deh kamu bilang nya sama keluarganya atau lingkungannya bisa ga begitu tapi ya tetap beberapa orang dari 60 yang sudah punya pasangan tetap melakukan ini juga salah dan semua orang mengutuk perbuatan mereka even dari lgbt com,non_porno_non_prostitusi
pegawai bank danamon lagi asyik mengemut kontol pacarnya video lengkapnya > <links> bokep bokepterb,penyebar_konten_porno
diam lah babi beli pakai bulu jembut kamu ke <links>,percakapan_porno
hhhhhhh makanya xl ngentod,percakapan_porno
bokep hot99 sakit banget <links> <links>,penyebar_konten_porno
selama tak bisa bedakan shad syin sin juga tsa santai meki jammi dulu kafir mengkafirkan belajar mengaji mi dulu,non_porno_non_prostitusi
sumpah gue tertawa tertawa wajah menangis keras atau menangis tersedu sedu wajah menangis keras atau menangis tersedu sedu omongin baik baik berguling guling di lantai sambil tertawa terbahak bahak padahal dari awal dia sudah memaki gue lonte bilang lobang ini lah itu lah bahkan gue mentwit masih biasa saja berguling guling di lantai sambil tertawa terbahak bahak dgn dasar apa gue harus ikuti kata lo lo tidak nyaman kamu yang pergi lo ini yang sedih bukan gue kamu pikir gue peduli <links>,percakapan_porno
sempet2 nya kamu jadikan konten tiktok kontol <links>,percakapan_porno
asede kontol sama kamu semua ngtd ngtd sama kamu semua,percakapan_porno
emang kontol sudah rapi begini malah gajadi mati saja kamu anjing,percakapan_porno
mmmmm indah bokongnya blh izin andri tepok bokong sexy nya mbak,percakapan_porno
cerita dewasa adalah cerita letting go,non_porno_non_prostitusi
kita boleh meninggi tetapi sebelum meninggi lo harus berkaca dlu itu meninggi lo dari hasil keringet sendiri apa masih meminta sama ortu klo masih meminta sama orang tua jangan sudah malu sama titit,percakapan_porno
trs gue dengan bodohnya bilang coba beri pengertian ke orang tua kamu mungkin lama lama bisa luluh juga dia jawab tidak akan bisa apalagi kalau sudah menyangkut agama kayak gini dia jadi cerita lagi waktu orang tuanya tau dia gay mamanya stres berat ampir bunuh diri,non_porno_non_prostitusi
terima kasih atas informasinya agar saya lebih jelas mohon mas jean ivan berkenan kirimkan akun banci dimaksud ke dm saya maklum saya gadget er gagap terima kasih,non_porno_non_prostitusi
yg mau versi video bugil colmek rt and like nya ya <links>,penyebar_konten_porno
jembut,percakapan_porno
kamu mau ngewe tetapi tidak jadi apa bagaimana sih anjing wkwkkwkwkwkwkwkkwkwkwkwkkw,percakapan_porno
ada yang open bo tidak nih manjamanjabirahi,percakapan_porno
anjg kamu mau ngewe apa gua,percakapan_porno
muka kamu kayak kontol wajah terbalik,percakapan_porno
cuman lihat video lari saja ngaceng otak itu memang isinya sampah,percakapan_porno
waktu kelas 2 3 sekolah dasar kyknya dipukul gara main ke rumah orang sedangkan di rumah sendiri ada orang lagi main komputer kondisi pas sudah mau maghrib dipukul pakai tangan tidak yang gila an cuma biar tau kalau ayah marah itu juga di daerah yang banyak daging bokong paha abis itu meminta maap terus peluk,non_porno_non_prostitusi
kntl kamu bang berteriak,percakapan_porno
soek soek titit kamu soek pikiran kamu dangkal sederhana biji mana alasan kamu apa,percakapan_porno
avail ya bby bunga matahari berkilau ready dadakan berkilau rr dm berkilau vcs juga ready ya denyut jantung openbooking bojaksel bojakarta openbojakarta cewekbojaksel availjakarta openbooking bisyarjaksel bisyarjakarta availjakarta availjaksel angelbojaksel openbojaksel openbojakpus vcsbugil vcstrusted <links>,penjaja_seks
awalnya pasti pikir tidak kok enggak cuma sekadar bacaan saja kan tapi sadar enggak sadar sih kita disadarkan buat menerima lgbt dari bacaan fan fiction itu setelah itu kita mudah mengimajinasikan bias dengan other bias bxb yahhhh begitu deh pokoknya,non_porno_non_prostitusi
mending kamu diam gmn kamu saja tidak berani nyamper gue ih ah banci malah menyuruh gue jangan rep kamu lagi kocak,percakapan_porno
visualisasi bokong kelap kelip <links>,penyebar_konten_porno
anjrit ada nyanyi indonesia rayanya juga dong nasionalis kali kawan kawan gay ini buseeehhhh tobat bang lobang memek memang sudah enggak enak lagi apeh lobang knalpot kamu coblos jga settt,percakapan_porno
bocil dm gua mau lu jawab atau lu mau gua gantung di pohon toge <links>,non_porno_non_prostitusi
gua terlalu budak cinta buat ngelepasin habis itu terkekeh sendiri sampai harus dibekep suna halah bang si omi tidak ganteng amat mana suka cari perhatian sama sih mantan ketos pula itu adalah kelakuan jablay kali bang gausahlah kamu sama dia,percakapan_porno
lonte satu ini memang bangke lu itu benar benar bangsat,percakapan_porno
pengobatan kecanduan sex yang disebabkan selalu ingin disentuh dan dipuaskan vaginanya cerita selengkapnya <links>,penyebar_konten_porno
wahahaha muncrat kemana mana bebbbbb kuah sop buahnya berguling guling di lantai sambil tertawa terbahak bahak berguling guling di lantai sambil tertawa terbahak bahak,non_porno_non_prostitusi
muncrat e banter kayak itu,non_porno_non_prostitusi
bu susi memang cuilan titit bernyawa ini punya pikiran kalau punya dimana letaknya beberapa kali dicari pakai gps dan google map tidak ketemu,percakapan_porno
bokong ku saja yang semok be,percakapan_porno
wkwkwk pemuja habib ngaceng suruh pulang itu habib mengisap kontol kambing bencong tidak punya nyali saja kamu sembah sembah cucu nabi apa cucu kambing,percakapan_porno
titit kamu kayak angry bird tertawa betul dua telapak tangan menempel terbuka ke arah dalam berkulit putih kuning langsat wajah menangis keras atau menangis tersedu sedu,percakapan_porno
sange banget pengen ngewe kontolsma sangek gogolo csyuk vcsbugil ngaceng colmek kontolsange kontolberondong jilbabbo botangerang ukhtisange naukhti akhwat ikhwan akhwatbinal ukhtilonte tangerangbo ngentotjilbab ngewe ngentotmemek availtanggerang,penjaja_seks
cowok yang punya jembut tebal dm donk fotonyaaa,percakapan_porno
kalain ac dc yaa wajah memerah cewe iyeee cowo iyee pria tepuk jidat gue bingung besukaan sama sesama cowok apa tidak muntah lu padaa pria tepuk jidat <links>,percakapan_porno
deseu adalah punya memek gw lupa isi twitter gue pendudukny bemeki semua,percakapan_porno
masuk atm melihat ada kondom jatuh entah milik siapa mungkin sih empunya buru buru sudah ngempet ngewe tapi lupa tidak bawa uang ehe realbo realava,percakapan_porno
asyik sudah titit kamu dipakai wajah bahagia tersenyum3,percakapan_porno
ngewe bar itu turu,percakapan_porno
pertama x kencan kulum laki org tidak mau ngaceng pak lagi croot sial ampel pegal nih mulut,percakapan_porno
betul biar kuat menghadapi orang orang macam anda terlahir lgbt itu suatu cobaan siapa yang mau memilih menjadi lgbt emang kamu kira jadi lgbt enak dari kecil tahu sudah berbeda dikucilkan digunjingkan coba sesekali anda menjadi salah satu dari kaym lgbt baru boleh bacot,non_porno_non_prostitusi
si bilang ade² santri calon teroris klo gue bilang bini kamu pecun lonte jablay gmna,percakapan_porno
yang pasti manusia berakal tidak boleh biru hewan kan karena sepengetahuan gue anjing homo itu cuma buatan pakar yang memang lgbt juga toh kalau pun ada apa biru perilaku hewan poin gue nalar lah kalau lo laki ya kawin sama perempuan jangan lobang tai lo embat juga hehe najisss,percakapan_porno
mahasiswi sange mengocok memek colmek ngintip bokepindo vivov9 kincil bokepsma pasutri ngentot tantegirang bugilte,penyebar_konten_porno
mau menstruasi begini banget sange nya tidak ada duasedih atau cemberut,percakapan_porno
ternyata sudah lana juga jablay wkwk,percakapan_porno
itulah otak najis lu sekufu dengan kaum najis sodom dan lgbt maka sangat pantas jika allah haramkan syurga untuk orang orang kafir seperti ente,percakapan_porno
maen doank tidak ngewe anjir sedih atau cemberut,percakapan_porno
cowok ganteng six pack pamer kontol besar berurat di kamar <links>,penyebar_konten_porno
aku ada bukti potong pajaknya kok maho punya hak juga untuk tidak percaya silahkan saja itu urusan elu sekarang tanya diri lu bayar pajak apa kagak,non_porno_non_prostitusi
udah tau gue bakal war masalah jubah jubahan cukup menyimak saja lah ya kyungsoo sama taehyung bias gue bagaimana gue bisa war kampang,non_porno_non_prostitusi
gue berharap anak kamu lgbt ya monyet biar kamu tau rasanya malu dan goblok menjadi 1,non_porno_non_prostitusi
avail bandung kota dkt alun alun bdg wajah tersenyum lebar bermata hati open booking vcs camsex outcall incall wajah tersenyum lebar bermata hati camsex mamber video acc menyentuh hati atau memberikan ciuman hati yang serius booking bisa kabari aku ya menunjuk ke bawah panggilan masuk atau telepon masuk cp new wa 081220866199 thanks dear menyentuh hati atau memberikan ciuman hati wariabandung wariacantik shemalebo shemalebandung shemalecantik <links>,penjaja_seks
minta ajari ber 3 4 5 yakin bisa ngaceng,percakapan_porno
nder lo ngatain org jablay tpi di mfs trs lo apa lonte,percakapan_porno
sudah paling benar apa bagaimana nih yang pada mukulin kontol kamu semua ngentot,percakapan_porno
masih sma sudah open bo <links>,penyebar_konten_porno
sewajarnya saja lah gw juga senang kok lihat cowok ganteng bodi sikspek tapi ya tidak perlu histeris nikmati dan simpan sendiri gw tau gue bohay lah tapi gue juga bakal tersinggung kalau ada cowok bilang tytyd gue ngaceng habis melihat bodi gw as simple as that,percakapan_porno
transpuan adalah seseorang yang terlahir dengan alat reproduksi jantan penis dan dilabeli oleh orang lain sebagai laki laki tetapi ia mengidentifikasi diri sebagai perempuan,non_porno_non_prostitusi
malu banget anjink gua allkill babik nyawa gw berkurang 3 kan ngentod,percakapan_porno
hmm misalnya kamu diajak lgbt mau,non_porno_non_prostitusi
ngaceng teros,percakapan_porno
beli jembut palsu ndod,percakapan_porno
lonte ucap lonte berisik deh kamu revina polusi visual cat kuku berkulit putih kuning langsat cat kuku berkulit putih kuning langsat,percakapan_porno
isi galeri rata rata dari member x1 semua banyakan dari holytrinity soalnya gue suka cerita yang dewasa bawahnya random palingan bts sama nct jempol ke atas <links> <links>,non_porno_non_prostitusi
part3 ini baru namanya ngentot bo ol orang kl pakai pelumas alami meng berasa legitt relevan <links>,penyebar_konten_porno
yakan kalau kamu mau adu opini orang yang support lgbt kan tidak bisa kamu bawa bawa agama semua jenis perdebatan bakal kalah kalau satu sisi sudah bawa urusan agama karna agama selalu benar dan tidak ada yang bisa nandingin,non_porno_non_prostitusi
ngewe terossssss wanita diciptain bukan cuma buat melahirkan tolol malu w segendet sama lu ah,percakapan_porno
natya shina itu kontol apa lo mo datengin gua lo anjing pepek kau,percakapan_porno
its ok to be gay ini ok to be lesbian ini reallyy okaaayyy as long as kamu tidak bagaimana yaa begini kamu kamu gereoe gereoe di tempat umum sesama jenis terus pas dibilangi malah memaki kita homopobic dihh orang straight juga gereoe tempat umum itu mengganggu kalau kata depina polusi visual,percakapan_porno
apa menyuruh vita mulu kamu pada manja amat sih kamu para anjing kntl,percakapan_porno
kiky avail ya rr lanjut wa 085264677229 ceri openbooking openbojaksel openbojakpus openbo openmember openbojakarta openvcs vcstrusted realangels realangel realvcs realbisyar realaccount recomendedbooking recomendedangel camsex recomended4vcsopen realvcs realbo <links>,penjaja_seks
berahati hati yang mau bayar ini anak kampang gue sudah bayar untul video call sex tapi malah di blok di twitter sama di whatsapp gue di transfer malah kabur gue doa n kamu di perkosa sama orang biar mampus kamu tai tai buat kamu <links>,percakapan_porno
open bo khusus pekanbaru dirasa bukan di tanya wa 082246764324 wariapekanbaru wariabokingan gaypekanbaru homope,penjaja_seks
lo jangan insecure mulu i love kamu kangen sw titit yang tidak bermanfaat tetapi menghibur,percakapan_porno
karena berzinah itu juga pilihan nikah juga bukan tentang kamu ngewe halal dan nikah juga jangan karena lingkungan di sekitar anda sudah pada nikah jadi ikutan ingin nikah nikah muda itu enak kalau kamu kaya kalau miskin jangan coba coba,percakapan_porno
untung tadi sore kamu ngentotnya lembut kayak begini yank kalo tidak sudah robek memek gw <links>,penyebar_konten_porno
sok sok an meminta equality for gay people sama transpuan transpria saja kamu sendiri masih merendahkan mereka wajah muntah,non_porno_non_prostitusi
halah wan jembut di kantor kamu cuma coli saja mgkn,percakapan_porno
yang setia nete kan ini doang,percakapan_porno
kayanya memang sudah saatnya nikah deh sedikit sedikit sange,percakapan_porno
kenapa tidak nete sama kamu kak,percakapan_porno
maaf ya bro meskipun ada lgbt atau enggak nya kiamat adalah tetap saja ada sudah di tulis dan kita tidak pernah tau itu kapan adanya lagian lgbt tidak ngeresahin hidup kamu kan mereka punya cara bahagia nya masing masing ya anjim kalau kamu tidak suka ya diam saja tutup mulut kamu yang tidak berguna itu,non_porno_non_prostitusi
ya allah kangen jajan seblak susu sarjana ayam geprek warung bu murah soto boba time selatan kampus wajah menangis keras atau menangis tersedu sedu,non_porno_non_prostitusi
sini gue saja yang genjotin kontol lo sayang,percakapan_porno
kalo gue cowok gue datang buktiin kalau gue gentle kalo menyesal atau mau menangis belakangan di rumah saja penting datang jangan penakut kamu di didik biar jadi cowok bukan banci amjimk,percakapan_porno
kriminalitas seksual dari kaum straight saja sudah banyak ini mau ditambah lagi dari lgbt situ sehat boleh respect tapi lihat dulu yang kamu respect itu biaa menyebabkan kerugian apa tidak kecuali pemikiran kamu memang sependek itu,non_porno_non_prostitusi
cewek tobrut ceweksange cewekbispak cewekbookingan ceweknakal toketmontok toketbesar bokepsmp bokep bisyar bispak bokeparab bokep <links>,penyebar_konten_porno
hari ini sudah 2020 saya menepati janji • dipaksa dewasa yang pertama dari banyak yang akan datang iya ini buku tapi,non_porno_non_prostitusi
emang salah memaki banci mau siapapun itu berhak skinkeran tapi ya jangan bilang jijik juga sama jerawat jerawatan itu normal kasian sama acne fighter nanti kalau makin insecure gara gara kamu bilang jijik,non_porno_non_prostitusi
jojo buka baju rahim cewek anget buka celana hamil online telanjang bulet memek meledak,percakapan_porno
cerita ngentot tetangga jablay <links> asm,penyebar_konten_porno
bm jembut km,percakapan_porno
masih sama perek sekolahan ngentot sama om nya di kocokin sama pacar sampai crot <links> <links>,penyebar_konten_porno
padahal bagian ngewe,percakapan_porno
gue cabutin itu bulu jembut satu satu biar kelojotan wkwkwk,percakapan_porno
babi lonte lo jg ngajak temen,percakapan_porno
oalah lonte dasar lonte memang berguling guling di lantai sambil tertawa terbahak bahak berguling guling di lantai sambil tertawa terbahak bahak,percakapan_porno
bilang saja horny anjing pakai dalih menunjukkan rasa sayang lah kontol kalo kamu tidak tidak mau tekenin tra tidak mau kalau dia tidak mau mengerti tinggalin,percakapan_porno
pagi sayang ready bo dan vcs bebayar dolar real akun 100 tanda centang tebal panah maju open vcs panah maju full body full face panah maju via rek atm panah maju chat via wa panah maju 089513025163 <links>,penjaja_seks
ga salah kan gw kamu kan memang anak lonte yang sudah berhasil hancurkan keluarga gue xixixi,percakapan_porno
muk nete sama siapa doun,percakapan_porno
bukan mentang mentang punya duit si gue tidak pro kemana mana tapi menurut gue apa kamu juga tidak memikirkan mentalnya natya yang bahkan sampai ada yang menyuruh bunuh diri memaki lonte dikata najis,percakapan_porno
ya gue juga bingung kenapa orang ngebet banget ingin yang gay jadi straight kalopun karena pms ya unless kamu ngewe sama dia gaakan ada pengaruhnya ke lo,percakapan_porno
emg kalau berbicara sih gmpng kalo memang gay tidak uh nikah sama cwe lu kan tak tau kenyataan lapangan kayak gmn kontra keluarga lah blablabla,percakapan_porno
habis jogging pagi kebelet ngentot retweet sayang <links>,penyebar_konten_porno
2 juni 1975 100 psk melakukan perlawanan terhadap kekerasan sampai sekarang psk berjuang melawan stigma sebagai kelompok pendosa masalahnya para psk masih dijajah narasi usang pelanggan itu raja di ranjang tanpa menyadari makna pemerkosaan dan kekerasan perjuangan <links>,non_porno_non_prostitusi
oh ya gue lupa tadi mau berbicara tentang sc gini ya gue sudah muak banget sama sender yang nge hate lewat sc kaya apa ya twit ada fitur dm anjing kalo tidak suka langsung direct message tidak usah lewat sc mental kamu mental kerupuk ngentot gue twit ini bukan karena kelihatan jagoan ya,percakapan_porno
ah gue paling benci nih laki model begini mendingan kamu berbicara di awal deh status kamu apa biar jelas jangan kayak gini banci kamu anjing wajah bosan wajah tidak senang wajah bosan wajah tidak senang wajah bosan wajah tidak senang <links>,percakapan_porno
kata siapa kamu tau billy herrington google aja dia aktor bokep homo populer banget meme di twitch dia normal sebelum jadi aktor film bokep setelah jadi aktor film bokep dia pindah haluan jadi aktor gay orang normal gampang jadi homo kalau ada yang mancing,percakapan_porno
ngaceng <links>,percakapan_porno
bencong tukang meme wajah tersenyum lebar dan mata tertutup wajah tersenyum lebar dan mata tertutup wajah dengan tangan menutupi mulut,percakapan_porno
kamu sapa kontol wajah berusaha keras atau ekspresi tidak nyaman wajah berusaha keras atau ekspresi tidak nyaman,percakapan_porno
yeyy hari ini dapat cowok ganteng di azar menyentuh hati atau memberikan ciuman hati menyentuh hati atau memberikan ciuman hati brondonglokal kontollokal kontol kontolbrondong prank <links>,penjaja_seks
bokep indonesia viral banget <links>,penyebar_konten_porno
wkwkwk jembut,percakapan_porno
avail yuk sayang di bawah 18 tahun dilarang info rr dm wa 085264318320 availserpong availbsd availtangsel availtangerang openbobsd openbotangsel openbotangerang boserpong bobsd botangsel bisyarserpong openvcs vcsyuk vcscolmek vcstrusted vcsbugil vcsberbayar titit malamjumat vcs <links>,penjaja_seks
dih najis baru saja jadi pacar sudah begitu bangsat bgt ya ikut sewajarnya sudah tidak usah di lanjutin apaan coba ya sudah cari cewek yang penurut banget yang patuh banget sudah sana anjir udh kamu bubaran saja sama itu cwo udh kasar marah marah memaki lonte segala rupa goblok emang,percakapan_porno
bukan karena umur kamu lebih tua bukan berarti kamu tetap merasa benar di saat kamu salah ngentot,percakapan_porno
emang bocah beban keluarga kalau dikasih motor bagus sedikit langsung sok padahal duit jajan masih nete ke emaknya masih sepong bokapnya demi bisa hidup ahahahha sampah,percakapan_porno
numpang menang kamu kontol kerjanya feed mulu,percakapan_porno
kampang,non_porno_non_prostitusi
punya pacar sudah tau dia anak twitter yang suka jb jb eh terus yang kena semprot yang dijb jbin kampang kamu mbak,non_porno_non_prostitusi
kontol kamu buat gue saja ya <links>,percakapan_porno
kenapa sih fan yang suka shipper itu pasti diejek beli lahh gay lahhair mata bahagia heyyy tolong yaa memang ship itu hanya tentang cinta gitu ya kagaklahh brother lu pikir itu tidak ship ha,non_porno_non_prostitusi
lu jangan titit shamming,percakapan_porno
<links> jasa pijat panggilan hotel manado kota manado sulawesi utara adakah openbo cewekbo,percakapan_porno
memek aku sudah basah nih bang sini punya abang memasukkan saja udah tidak tahan ah ah ah,percakapan_porno
ternyata kamu toh yang tukang ngaceng kemana2 pantesan bego luh berguling guling di lantai sambil tertawa terbahak bahak berguling guling di lantai sambil tertawa terbahak bahak berguling guling di lantai sambil tertawa terbahak bahak,percakapan_porno
pengen cerita tentang sex nih,percakapan_porno
anjing lo yang bencong ngomong gabrani langsung kl lo gabencong injek depan muka anjing pel gue masih bacakan gue marahh banget anjingggg,percakapan_porno
jorok banget sih kamu kntl,percakapan_porno
kamu mirip banci yang punya salon dekat rumah gue tmi,percakapan_porno
maksud party gay tetapi menyanyikan lagu indonesia raya itu biar apa si wajah menangis keras atau menangis tersedu sedu games sepong juga apa sih kamu kate 17an,percakapan_porno
apasi kamu kontol,percakapan_porno
wkwkwk dasar kontol arap,percakapan_porno
nyilikke bokong pie sih duh rapenak banget ge gowes,non_porno_non_prostitusi
women support women kontol open bo ya open saja sana tidak usah pakai muka gue sama teman gue sebagai avatar lo,percakapan_porno
tidak lah yang gembar gembor begitu tolol sana makan saja yang ati2 muncrat di luar gaenak enakan dalem,percakapan_porno
tempek mu tak seedooti sampai muncrat,percakapan_porno
bacot banget deh kamu bencong,non_porno_non_prostitusi
tau kah bunda bahwa menu sarapan ini mampu membuat suami anda sange,percakapan_porno
tengkyuu sudah ro vcsberbayar wa0857 2569 1955 vcs vcscolmek vcsbugil vcstrusted vcsreal <links>,penjaja_seks
lesbi di sekitar kamu sudah dibooking sama nyi roro kidul soalnya,percakapan_porno
klo lo punya otak ga mungkin lo jadi homo goblokk dasar lgbt lebih hina dari binatang jari tengah otak lu di lubang tai ya,percakapan_porno
mau coba kontol kejepit gue het,percakapan_porno
dasar jablay simpanan tas 30 juta <links>,percakapan_porno
bangun sekalian di depan setiap kantort dpp pks monument anggota dewan perwakilan rakyat dari partai keadilan sejahtera yang menonton video porno saat sidang biar rakyat tahu tentang kemunafikan mereka,non_porno_non_prostitusi
rank mcem apa luhk fall tidak suka susi fwagh mnanam toge saja lu,non_porno_non_prostitusi
oa oe yang lagi open member dan yeoja avail mendekat dong tag open agency,non_porno_non_prostitusi
gua yakin yang gampang sange setelah ada media sosial video call sex makin marak mau sama pacar nya atau yang open bo berguling guling di lantai sambil tertawa terbahak bahak berguling guling di lantai sambil tertawa terbahak bahak awalnya sih video call biasa lama lama kok sange awkwkwkwkwkwkw,percakapan_porno
mamposs minta2 bukan cuma data anda saja yang dibuka tetapi aib2 anda juga dasar anak anjing dajjal gaya baru kau cepat modar kamu kampang cincin jantung kamu semoga cepat lepas,non_porno_non_prostitusi
open minded soal lgbt bagaimana sih nder gjls lu,percakapan_porno
bacot banget kamu kontol kuda <links>,percakapan_porno
so humble kamu ngentot jiji juga gue lokitnye,percakapan_porno
di bawah 18 tahun dilarang open bo slot bogor barat orang dengan telinga kelinci bagi yang mau penukaran mata uang respon wa panggilan masuk atau telepon masuk 088242343758 no cod wpbogor wpbogor openbo openbobogor openbooking bisyarbogor bobogor bispakhot cewekbo realangel availbo kulinerlendir includebogor bispakhot recomendedbo avail4booking availbogor bo <links>,penjaja_seks
disni ada yang pro lgbt ga,non_porno_non_prostitusi
mendadak ingin mampir ke tempat baru ga tau bisa kesampaian apa engga tapi simpan saja dulu 1 desa bokong bokong duwur bokong ngisor 2 desa kasmaran 3 desa pocong 4 desa setan 5 desa peluk pacar 6 desa siluman 7 desa kebocoran desa cawet udah jadi tidak usah di simpan,percakapan_porno
fuck ayo sama gue kayak begitu anjing mau siksa memek kamu pakai kontol gue fuckk,percakapan_porno
lo telat ngentot <links>,percakapan_porno
misscalculation ini trump zopfan dibuat mainan iya kamu aman major power terus mau mecahin asia tenggara lagi kntl memang amjinc,percakapan_porno
belum ngentot dia sabar ya,percakapan_porno
bini lagi haid tanpa kamu bikin aturan sudah diatur dari dulu diharamkan sama agama buat ngewe,percakapan_porno
ya memang kamu tidak asyik anjing mau kamu sok asyik ke gue juga jatuhnya kayak hdehhh bikin males banget kamu kontol,percakapan_porno
baca cerita sex begitu di mana sih wkwk ingin dan tbt,percakapan_porno
sore sayang avail video call sex dan bo no basa basi info by wa 085271571147 <links>,penjaja_seks
ada yang punya l8nk cerita sex,percakapan_porno
t tapi kan kamu tak tau alasan kenapa dia melakukan itu sedih atau cemberut kontol,percakapan_porno
kamu biduan adalah bukan bencong modal bas betot di lampu merah air mata bahagia yang berkelas sikit kayak lagunya jagung rebus gitu,percakapan_porno
kamu mau ngewe sama ciji kak,percakapan_porno
si kontol gila lu,percakapan_porno
kayak yang hidupnya jelas saja ngentod,percakapan_porno
retweet sensasi ngentot dengan cewek cantik berhijab wajah tersenyum lebar bermata hati part1 blowjob kontol hijab ngentothijab sepongkon,penyebar_konten_porno
iyaa tapi sayang otak sama titit kamu kecil <links>,percakapan_porno
uh memek tembem banger,percakapan_porno
lu kenapa lagi sih ngentot <links>,percakapan_porno
baanci lo menstruasi mw ngpain2 nangis dl kntl mao lo ap si wajah menangis keras atau menangis tersedu sedu wajah menangis keras atau menangis tersedu sedu wajah menangis keras atau menangis tersedu sedu wajah menangis keras atau menangis tersedu sedu wajah menangis keras atau menangis tersedu sedu wajah menangis keras atau menangis tersedu sedu patah hati patah hati patah hati patah hati,percakapan_porno
asa dekontol sama kamu semua ngentot ngentot sama kamu semua,percakapan_porno
banci kalo takut mah tidak usah main twitter mending main barbie saja lo sampah,non_porno_non_prostitusi
jembut hantu kayaknya,percakapan_porno
jilbaber sange memek nya tembem <links>,penyebar_konten_porno
ibunya petai setibanya meminta bantuan ae tidak menolak dan dia bertanya sopan hari itu aku libur bantuan apa bu dan jawabnnya bikin ae kaget ibu nya pete bilang 3 bulan ke depan ada seseorang yang harus dia jembut sedangkan saat itu dia sibuk karena ada jadwal pekerjaan,percakapan_porno
garing kamu ngentot nora <links>,percakapan_porno
bagaimana kalau bool kamu saja yang gue tusuk pakai kontol gw,percakapan_porno
cocotteehhh orang tuo dideloki bokep wkwk <links>,penyebar_konten_porno
lu saja sana sama bencong,non_porno_non_prostitusi
kalau laki laki yang mengerjakan ini semua enggak perlu dibayar karena itu sudah tanggung jawab mereka tapi kal,non_porno_non_prostitusi
ngentot rame rame atau berdua itu urusan individu kenape jadi ribet kamu mengurus urusan orang,percakapan_porno
lo beugue sama dieudeul lako pekerja seks komersial diaral tidak sama kok <links> <links>,percakapan_porno
titit gue serta bijinya sehat jingan gue ngomong ke kamu itu wajah menangis keras atau menangis tersedu sedu wajah menangis keras atau menangis tersedu sedu,percakapan_porno
lah ini kamu bahas lgbt juga kan v wkwkwk,non_porno_non_prostitusi
5 iyenenen pasti orangnya cantik 6 dari nick nya sudah ketahuan sukanya strawberry 7 ini arap youtuber yang dulu pernah selek sama eriko jembut nih 8 gue sering lihat di gdm gaelele nih tukang lele depan rumah gue 9 terima kasih sudah menemani wkwk,percakapan_porno
tkem train alice itu pararel time traveler juga wkwk lu tidak akan menemukan adegan metikin toge nder wkkkwk,non_porno_non_prostitusi
muncrat kayak anu,percakapan_porno
awkaokwowko memang gundar terbaik depan gundar ada alfa x sampingnya gundar ada lawson kesono sedikit ada haus janji jiwa sama kulo agak jalan lagi sedikit ada pocajang mekdi ricis samping kampus g ada ayam geprek ada 1001 macem <links>,non_porno_non_prostitusi
hamba kontol dasar memang perempuan lonte lemah wajah tersenyum dengan tiga hati wajah tersenyum dengan tiga hati <links>,percakapan_porno
iya gue salah ngentod,percakapan_porno
kok kayak perek,percakapan_porno
noww thiiisss is kenapa i think being gay is sangat sangat normal daripada ditutup2in sampai bikin alibi nikah terus anak kamu pulsek tau tau bapanye ditangkep polisi gara gara pesta gay beginian <links>,non_porno_non_prostitusi
konyol nih gue kasih tau ya lagian siapa juga yang mau naik mtr masuk jalur tol kontol kamu wajah konyol berguling guling di lantai sambil tertawa terbahak bahak berguling guling di lantai sambil tertawa terbahak bahak,percakapan_porno
setelah cerita ke sih meli m kakak suka yang begitu aku ada nih kakak kakaan aku lihat nih ganteng kan udh mapan dewasa mas mas lagi kakak ayo kakak aku mengenalkan s mel tidak enak lah aku haha nanti saja m ih kakak gpp aku dekat kok sama dia sudah menganggap kakak aku juga sama dia,non_porno_non_prostitusi
eh memek kalau tidak tau apa apa tidak uh ngetwit kontol lo,percakapan_porno
ngentot kamu tidak jadi selamat ulang tahun kalau gitu,percakapan_porno
perasaan kamu belum ngewe kok sudah beranak,percakapan_porno
ngapa sih cewek cewek pada ribet ada istri masak buat suami duh jadi gay saja sudah paling benar sesama cowok adalah praktis walau ada drama juga sih but less,percakapan_porno
aku open bo laku nggak di ciduk iya,percakapan_porno
lu jomlo kamu gay ini oke lah lah kamu beristri punya anak terus selingkuh sama sejenis ngentot banget sudah kamu <links>,percakapan_porno
open video call sex real bayar minat wa 082163443397 no ribet no basa basi vcs vcsbugil vcsyuk vcscrot vcscroot vcsreal <links>,penjaja_seks
ready vcs bertarif say 100 tarif wa 082279965252 serius langsung wa sayang readyvcs availvcs vcswhatsapp realvcs realaccount vcs vcscolmek vcsjilbab vcsmurah vcsline vcshot vcsindonesia openvcs sange aaaaah vcscroot kulinerlendir vcsbugil <links>,penjaja_seks
ini masih pacaran apalagi kalau sudah nikah tinggalin mba kamu lebih berharga daripada sih berengsek itu buat sih masnya lo gapunya hak atas diri mbanya dan lo gapunya hak buat ngatain mbanya lonte,percakapan_porno
sumpah gue baca nya pantat diskon jempol ke bawah,percakapan_porno
memek kamu saja diobral gratis bangsat napa jadi gue yang dibilang jablay kotoran,percakapan_porno
lah banci teriak banci berguling guling di lantai sambil tertawa terbahak bahak berguling guling di lantai sambil tertawa terbahak bahak tidak menemui anies alasannya balai kota tutup berguling guling di lantai sambil tertawa terbahak bahak berguling guling di lantai sambil tertawa terbahak bahak dari 2017 dia jadi gubernur dari 2017 kamu menghujat dia tidak kamu temuin2 itu anies apalagi gue hahahaha cong cong sudah uzur kamu cong,percakapan_porno
cium leher berarti sudah ngewe,percakapan_porno
open bo malang buat hari ini st lt info rr by dm surat cinta bomalang expomalang availmalang wpmalangb bisyarmalang codmalang includemalang bokinganmalang bispakmalang lendirmalang openbomalang bomalang bomalangkota malangbirahi angelmalang recommended4bo verified <links>,penjaja_seks
mau nete dong cantik,percakapan_porno
lagi ramai bahas anjay anjim kontol kamu semua,percakapan_porno
kok lonte sh berguling guling di lantai sambil tertawa terbahak bahak berguling guling di lantai sambil tertawa terbahak bahak itu lotte,percakapan_porno
gw sih tertawa aja anjingin saja sekalian dasar goblok siapa dia enak enak memaki lonte dasar bajingan,percakapan_porno
di prank diajak ketemu jablay terus disebarkan chatannya biar nama kamu jelek,percakapan_porno
lonte juga tidak punya salah sama kamu ngab knp kamu bawa2,percakapan_porno
open bo dan vcs dewa asmara palembang chat wa lia atau bisa dm lia wa 085266742967 availvcs palembangnakal bopalembang pasut,penjaja_seks
lo diejek anak lonte diejek goblok masih bertanya dia toxic apa ngga masih pikir mau putus apa ngga ya tuhannn kamu deserve better sumpah,percakapan_porno
jantung atau hati open vcs promo 200k jantung atau hati hati yang berputar cerita sex pap 150k hati yang berputar info order dm wa 085378159208 ditunggu ya beb menyentuh hati atau memberikan ciuman hati openvcs vcsberbay,penjaja_seks
ready open slot ya beb menyentuh hati atau memberikan ciuman hati inc exc bo private lt st pin bulat udah ready ya beb gembok verifikasi account amplop dengan panah dm wa 088245745788 100 real angel realprivate realangels bobali availdenpasar denpasar balinakal bodenpasar availbali wpdenpasarbali <links>,penjaja_seks
malam terakhir di bogor kenapa selalu sedih meninggalkan sih kampang sendiri padahal sudah gede ajg,non_porno_non_prostitusi
wa 6281294490616 ig fanyaclarisha gak sabar ingin di entot sama kontol bule perkasa ini enak banget di entot sama konto,penjaja_seks
gini ya kontol manusia itu punya batas sabarnya ya berarti kamu itu tidak sabaran ngentot sabar itu tidak ada batasannya anjing gue tidak peduli mau nih pernyataan dipenuhin kata kata kasar kotor gue muak dengan segala hal yang ada negeri indonesia tercinta ini,percakapan_porno
iyaaiyaa bener nyebelin bngt wajah gembira berurai air mata apalagi kalau menyebut gay jadi guy cont ihh kamu berdua kayak pacaran dh dih dasar guy wajah gembira berurai air mata wajah gembira berurai air mata,percakapan_porno
avail vcs berbayar tetesan keringat menyentuh hati atau memberikan ciuman hati surat cinta wa 0822 8957 3388 surat cinta line olaputryreal nobasabasi dan noribet bunga sakura dijamin real angel trusted ornamen tanda seru hati yang berat ornamen tanda seru hati yang berat ornamen tanda seru hati yang berat malamminggu vcsyuk bugilhot vcs vcscolmek vcsberbayar vcsreal indobugil desahanenak bahancoli crotttt <links>,penjaja_seks
gw bingung harus bagaimana kalau masalah lgbt ya dilihat dari sudut pandang manapun itu tetap salah gue mau menasihati nanti diserang lu sudah suci urusin saja hidup kamu sendiri lah bro nanti kalau kita yang manusia straight kena azabnya juga ya tidak sudiiii wajah dengan mata berputar wajah terlalu lelah,non_porno_non_prostitusi
avail video call sex hari ini no tipu tipu no basa basi realacunt 100 butuh yang serius saja whatshap 082181230519 hati biru id line jahra 908 v,penjaja_seks
subuh pantat lue krlap krlip,percakapan_porno
saya lagi dengar khutbah mereka sange berjamaah <links>,percakapan_porno
kerja mengeluh tidak kerja ngeluh dapat pekerjaan enak temannya tidak enak ngeluh dasar kontol kamu pikir semua hidup aturan semau lu goblok,percakapan_porno
deketin gw cincang dulu titit lu,percakapan_porno
misi om menumpang lewat hehe,non_porno_non_prostitusi
kan sudah tak masal kena kutuk satu group hahaha kampang nye,non_porno_non_prostitusi
yhaaaa bencong juga pernah kamu saiank,percakapan_porno
elu juga sibuk mengomentari rcti awas mas giliran kamu yang diciduk mengkerut itu kontol,percakapan_porno
hahahahah bereh bossss jangan sih lgbt datang tetibe lagi lah ahjsjsjs sibuk je pantek tol,non_porno_non_prostitusi
itu yang isi sc adik gue pakai kata kata lonte tolong yaaa adik gue contact person an sama crush lu dan kamu nyuruh2 adik gue putus dari crush lu dan kamu memaki adik gue lonte lu sadar diri lu itu pelakor jalang mau rebut contact person orang ga sadar diri hah capek gue menahan diri cih,percakapan_porno
ih gue suka gaya kamu kontol,percakapan_porno
tembem banget memek nya teh memek ingin di ngentot uuuhhhh,percakapan_porno
halu boleh sist tetapi jangan yang kayak begini juga orang non korea pop fans antis akan mengira bts ini gay belajar dari masalah kemarin saja deh lu nanti takut nya hubungan mereka renggang secara mereka masih straight,percakapan_porno
bego ngentod kalo mau caper tuh jangan disini mekk keluar lo goblok babi,percakapan_porno
kalau waria sih ada harganya daripada yang bencong asal pegang pas tidur ngahahahaha,percakapan_porno
cuma kamu doang kayak nya yang begitu sudah di wa lagi dimana tanpa basa basi langsung on the way buat ngewe doangan bertepuk tangan bertepuk tangan,percakapan_porno
maksud anda open bo bung berguling guling di lantai sambil tertawa terbahak bahak berguling guling di lantai sambil tertawa terbahak bahak,percakapan_porno
gaada ngentod lal lo ajg,percakapan_porno
to ͏͏͏͏͏͏━━━━━━━━━━━━━ pertama tama gue mau bilang terima kasih buat jojon wajah memeluk mungkin kalau kamu tidak mungut gue ke gdm gue mungkin sudah out dari ini akun karena di teror wkwk kedua semua member pekerja seks komersial jantung atau hati bisa bisanya gue betah berteman sama kalian padahal akhlaknya tidak ada wkwk <links>,non_porno_non_prostitusi
waktu itu gue tak tau kalau lonte itu kata kata kasar terus gue berbicara bu a wali kelas gua kayak lonte wajah menangis keras atau menangis tersedu sedu wajah menangis keras atau menangis tersedu sedu wajah menangis keras atau menangis tersedu sedu,percakapan_porno
emg susah ya kalau club sama supporternya gak pnya mental pasti dikit lapor polisi pecundang,percakapan_porno
tdur jam 5 bangun jam 7 bangun baca beginian anjim tertawa menjulurkan lidah dan mengedipkan mata menjulurkan lidah dan mengedipkan mata menjulurkan lidah dan mengedipkan mata gw lesbi tidak asal gereoe ya anjim bersa mantap kali kamu berbicara gtu wajah gembira berurai air mata wajah gembira berurai air mata wajah gembira berurai air mata <links>,percakapan_porno
aku yang sange eh dia yang meminta dicolmekin menyentuh hati atau memberikan ciuman hati desahannikmat mendesahnikmat sange vcsbugil vcscolmek vcsberbayar me,penjaja_seks
cuuuihhhiiiiiii sama aku saja tidak sampai apa lagi sama maho,percakapan_porno
apaan nete nete tiap malam kita belajar,percakapan_porno
kirain akun mucikari,non_porno_non_prostitusi
aku cau kamu banyak sudah orang bi dengan gay aku jumpa nih tak mau tambah seorang lagi,percakapan_porno
bisa bayangkan tidak kerja tidak pakai celana dalamm hadeehhh padahal suka lihat tweeter kl adiknya ngaceng kan bingung wkwkwkwkkwkwwk,percakapan_porno
aku punya sesuatu buat kamu buka ya hehe <links>,percakapan_porno
heeh tau tar hamil cerita di base juga ngentot,percakapan_porno
nonton youtube dedi yang collab sama l wajah mual u wajah mual t wajah mual f wajah mual i wajah mual baru berapa menit sudah gatahan karena apa sih ngentot pakai kedok mau peduli sama generasi selanjutnya alah kontollll kamu itu cuma mau panjat sosial doang goblok anjing ngentottt ayo gelut lah sini tot anjing kesal banget jijik najis ewww disgusting,percakapan_porno
haerongiee nyeselin banget lu tapi sukaaaa gimana dong wajah menangis keras atau menangis tersedu sedu wajah menangis keras atau menangis tersedu sedu apalagi dia gay huhuu mengangkat punggung tangan wajah menangis keras atau menangis tersedu sedu bang kamu jadi salah satu aktor favorit ku ya keren banget aktingnya di stranger hi bye mama sama yang berkesan jadi haerongie niii love love lah pokoknya wajah menangis keras atau menangis tersedu sedu <links>,percakapan_porno
sex edu ceritanya remaja problem begitu sih tapi paling banyak tentang kehidupan sex remaja disini juga disinggung peran orang tua dalam kehidupan sex anaknya gimana ngenalin sex edu ke anaknya vulgar tapi tidak vulgar hahahaha cerita complicated ada parent kid relationship friendship,non_porno_non_prostitusi
orgil bisa hapus komen perek,percakapan_porno
lgbt is mengetren in indonesia the paling religous homophobe country sejujurnya kalau kamu tidak suka sama orang lgbt atau tidak support jangan datang ke kita terus bilang kalau kita tidak open minded menyeringai jempol ke bawah <links>,non_porno_non_prostitusi
kontol tidak punya teman kamu ya ditongkrongan anjing <links>,percakapan_porno
baper kok sama akun alter bawa perasaan itu kalau titit kamu dapat rated sedikit xixixixi,percakapan_porno
arek sosiologi dikongkon gae esay seng isinya open bo mahasiswa e ngelu dosen e girang,percakapan_porno
mengutamakan ego jadi jangan terlalu cepat mengambil keputusan pas lagi emosi ya gais dan buat kamu rizki 2r bahagia di atas penderitaan istri jangan so keras nikah baru seumur toge juga labil bgttt,non_porno_non_prostitusi
ngaceng gue tertawa kencang wajah menangis keras atau menangis tersedu sedu wajah menangis keras atau menangis tersedu sedu wajah menangis keras atau menangis tersedu sedu wajah menangis keras atau menangis tersedu sedu,percakapan_porno
open cikarang bo vcs info rr via dm surat cinta cari serius no php tanda cium includecikarang expocikarang bocikarang openbobekasi cikarang bisyarcikarang bocikarang bispakcikarang availcikarang recommended4bo openbocikarang realangels <links>,penjaja_seks
selamat pagi say open vcs ya say trf via rek atm wa 082167260366 line novita4343 availvcs vcs vcswhatsapp realvcs realangel availjogja trustedbisyar dirumahaja memeksempit vcsbugil ceritadewasa vcscrot realaccount realvcs vcs <links>,penjaja_seks
jangan asal ngmong orang pondokan begitu banyak faktor pnyebab lgbt jangan salahkan pondokan kalau kamu tidak tahu bagaimana lingkungan pondok,non_porno_non_prostitusi
gua lagi bahagia tapi ada aja yang bikin emosi kontol lo anjing,percakapan_porno
kya nya mau nete,percakapan_porno
promo khusus malam ini yg mau bo vcs bisa order sekarang wa 089501340105 di tunggu via wa say evailboking liveboking becekrasa jilmexsek vcslive rasapacar bokingledies <links>,penjaja_seks
ada nih bulu jembut mau lu,percakapan_porno
nahh menurutku vagina penis payudara organ2 alat repro itu perlu dipelajari seenggaknya secara fisiologisnya itu gimana hal itu bukan hal tabu di sekolah kalian pas waktu repro sering dengar di cie2 ga atau kayak ih apaan sih malu banget dan lain lain gitu menurutku krn,non_porno_non_prostitusi
gilaa berita pesta gay dibincangin digc kelas idiw saling ngingatin biar hati hati lah gue akrab sama kamu pada wajah gembira berurai air mata,percakapan_porno
saya menonton bokep kamu mengoceh ke saya sedangkan di kamar lo ada kondom saya tidak saya ribut kan kok urusan mu saya saja tidak urusi apa kamu mengurus saya nyari kesalahan saya kan otak lo itu tidak berguna bodoh buat makanan ikan hiu itu otak lo itu di laut sana tangan terkepal ke depan,percakapan_porno
<links> < gambar bugil abg bispak mintak dientot ngentot porn adult,penyebar_konten_porno
kwaokwo tidak ada otak kamu jembut,percakapan_porno
jilat kontol sampai tegang baru memasukkan memek,percakapan_porno
anak nya pekerja seks komersial gerwani bawa bawa pekerja seks komersial cebong menyeringai,percakapan_porno
mi ayam dekat kampus kamu po yo universitaspancenndlogok,non_porno_non_prostitusi
tobat apaan ava kamu opahnya kayak lonte,percakapan_porno
paling suka desahin cewek dengan kata kata anjing lonte bangsat memek kamu enak uh buat nafsu makin naik menyentuh hati atau memberikan ciuman hati,percakapan_porno
ngentot kamu bangsat anjing bodo amat tai tidak ada filter,percakapan_porno
memek meminta di sodok,percakapan_porno
dasar kamu anak ngentot berguling guling di lantai sambil tertawa terbahak bahak,percakapan_porno
saae memek berminyak,percakapan_porno
bukan kentut bangsat dipake lah otaknya pas doggy secara tidak langsung pas kontol masuk ke mmw itu ada udara yang masuk secara tidak langsung udara tersebut menempati ruang di dalam mmw pas kamu pergi kontol lu nanti bakal bersuara kayak kentut soalnya sih mmw menutup dan udara keluar,percakapan_porno
open bo dan vcs info jelas lanjut dm ya availserpong availbsd availkalimantan availkalimantan openbobsd openbo,penjaja_seks
sange sama tante menyentuh hati atau memberikan ciuman hati yukk open phonesex menunjuk ke bawah berbayar gagang telepon wa 081310054405 phonesek phoneseks phonesex sexbyphone availphonesex ps testimoni realaccount realangels berbayar maljum tantegirang tantekesepian gfe availphonesek avail,penjaja_seks
kode angka terkait jembut ini mah,percakapan_porno
ngentot memang kamu wajah pusing,percakapan_porno
blum selesai juga nangisnya dasar banci,percakapan_porno
melucutiku hingga sisa celana dalam cream ku ia menjilati susuku turin ke perut hingga celana dalamku ia memandangiku,percakapan_porno
sok2an koreksi tulisan gue tetapi kata kata kamu makin ngawur siapa juga yang meminta punya anak dengan mencari rahim dari wanita topiknya kan kalau pasangan gay bisa punya anak dengan mencari ibu pengganti bukan berarti gue meminta dan menginginkan hal itu lagian gue tidak bilang di indonesia juga,non_porno_non_prostitusi
bilangin wendy kakak perempuan suruh jemput vider sebelum dia dijual mucikari,non_porno_non_prostitusi
yang gentle dong kamu laki apa banci,non_porno_non_prostitusi
kaga lah kontol kamu saja gila hormat dan baperan tolol <links>,percakapan_porno
eue mulu kalian itu ckckck,percakapan_porno
eh bencong kamu apa make foto saya suka boleh tapi jangan goblok dong,percakapan_porno
y3onjin ngentod mulu lo argh gedeg gw 0,percakapan_porno
sok iya anjim kebanyakan baca komik nge gay kamu ya,percakapan_porno
ingin ku rt berkali2 gue baca au bxb bukan berarti gue maho,percakapan_porno
dua hati avail yoyakarta ready slot dua hati promo 600 2 jam jantung atau hati siapa cepat dapat tambahan spesial say menyentuh hati atau memberikan ciuman hati inc exc rr dm jantung atau hati availjogja angeljogja,penjaja_seks
omonganya sampai muncrat sampai kemana mana tetapi mental krupuk pengecut,non_porno_non_prostitusi
<links> < ngentot bugil gambar bugil abg bispak mintak dientot,penyebar_konten_porno
giliran peluk weh anjing pada ngereply dasar titit hih,percakapan_porno
ayoq qna berbagi cerita tawa duka dan hujatan <links>,non_porno_non_prostitusi
lo kata orgy party begini cuma gay doang yang pernah ngelakuin,percakapan_porno
jajan sehari katanya pfffttt tetapi buat kontol kamu sendiri saja maunya yang murahan <links>,percakapan_porno
alamat baru cerita dewasa > <links>,penyebar_konten_porno
open vcs sekarang panggilan masuk atau telepon masuk trusted yuk squirt bareng aku tetesan keringat tetesan keringat cek info dm orang wa menunjuk ke bawah surat cinta wa 082252763636 vcsberbayarpulsa openvcsline availvcsready vcscolmek vcsreal vcswhatsapp camseks realvcs vcsindonesia bugilhot vinagarut availvcs openbooking sange aaaaaaaaaah <links>,penjaja_seks
kontol twit kamu sama nama akun kamu itu sama iya sama odong jadi masih percaya sama akun odong kayak kamu wajah gembira berurai air mata,percakapan_porno
↻ dan homo jadi mau tidak mau saya pun merasa harus membuktikan kalau saya tidak banci ke orang orang namun sepertinya gagal karena banyak faktor apalagi dengan wajah saya yang bisa dibilang terlalu manis kedoyanan para wanita untuk di uwel uwel ↻,non_porno_non_prostitusi
a dan je ayeee a a a ngentot kamu maaf karena kata ngentot lebih sopan dari anjay,percakapan_porno
dih gue sih bakal gue teriaki bacot banget anjing kamu tidak ada hak buat komentari hidup gua memang kamu yang memberi makan gue sama adek adek gua tidak kan tidak usah bacot jablay <links>,percakapan_porno
emang membuktikan sayang harus ngewe <links>,percakapan_porno
lgbt padahal lobang masih enak lo kok malah adu pedang,percakapan_porno
y dong hari bikin km sange trs,percakapan_porno
tahukah silaing solat jumatannya kaum nabi musa kaum nabi daud kaum nabi bisa jumatannya ayana dimana solatna kaum peureum penyembah kolor beureum penghamba jembut sireum solatna dimana ayana sebelum ada isra miraj kanyut kamu rek neangan wudhu kakak tanah bumi negeri seblak mana,percakapan_porno
jadi orang baik tapi sekeliling kamu kelakuannya kayak kontol semua semoga bahagia kalian bangsat,percakapan_porno
btw cong tebak deh memanggil kamu bencong atau pocong wajah gembira berurai air mata,percakapan_porno
aku juga gay normal cup aku enggak mungkin suka sama kamu wajah menangis keras atau menangis tersedu sedu wajah gembira berurai air mata wajah gembira berurai air mata,percakapan_porno
sebenarnya kalau gay ya sudah gay aja tidak usah nikah supaya orang mengira kamu straight kasian sama cewek yang kamu nikahin apalagi sampai ada yang punya anak <links>,percakapan_porno
anjay anjir dan anjrit dipermasalahkan apa kabar dengan kontol pepek dan babi ini lebih kasar dari kata kata yang kamu permasalahin goblok lutfiagizal,percakapan_porno
jablay begitu nder maksutnya,percakapan_porno
jangan kayak kontol kamu pada,percakapan_porno
celakalah para penikmat video porno <links>,non_porno_non_prostitusi
pernah sudah tidak ada feel di level ngewe tapi tidak ada enak enak nya dikepala gue cuma terbayang kelakuan kamu yang bikin gue benci gua menolak kamu lagi sange saja marah anjing wajah senang atau tersenyum padahal gue eneg bgt,percakapan_porno
sempet sempetnya cheaters ngentod,percakapan_porno
kntl kamu lama lama yang bermasalah anjir bikin emosi saja lihat kelakauan nih orang wajah sangat marah <links>,percakapan_porno
avail vcs yg mau crot bareng sama aku lnjut wa 082179455719 malamjumatwow dolar vcs vcsbugil vcscolmek vcsrea,penjaja_seks
avail magelang keep slot ya beb info rr dm or wa 082282834528 malming say tanda cium availmagelang angelsmagelang bomagelang bisyarmagelang bispakmagelang trustedangel magelangbo magelangbisyar realangel realvcs vcscolmek vcsbugil vcscroot <links>,penjaja_seks
lu merasa dilecehkan tidak sih jef gue cewek tapi jijik liatnya kalau posisinya dituker cewe unggah topless atau minim cowok bilang dia ngaceng pasti dibilang penjahat kelamin tp kayak begini lucu ga mengerti gue,percakapan_porno
kalau jadi bolo shahabat yang baik itu ingatkan dia kkt akan masuk jurang atau tertabrak kereta api sadar sdh jelas keliru dengan postingan calon teroris nya kalau gambar anakmu atau ponakanmu terus diatasnya ditulis calon psk misalnya apa ridlo trmksh,percakapan_porno
soybin ki fasal ini bime kah gay ab fasal bime no sarve itu kar kamu dade,non_porno_non_prostitusi
udah gila kali dukung lgbt progresif kalo otaknya jalan justru malah kemunduran primitif progresif adalah mereka yang bisa belajar dari sejarah so don t flatter yourself by calling abdul muiz progressive,non_porno_non_prostitusi
pelaku pelecehan seksual seorang dosen di malang akhirnya tertangkap publisherstory <links>,non_porno_non_prostitusi
ada ya orang mengajak cerita akhirnya gue diajak ngentot ada akhlak kamu begitu,percakapan_porno
bener2 lagi proses membenah diri eh revina titit bacot emng omongan dia ada bneernya tetapi penyampaiannya itu lah jahat bgt tmn gue sekasar2nya bilang gue gendud saja sudah nyelekit lah ini dijabarin sampai tete bengek kalo kamu punya opini ya enggak usah diumbar2 ke media sosial lah apa lagi kasar gt,percakapan_porno
sok nasionalis lo ngentot anjing kontol masalahnya nasionalisme lo tolol dan gak penting memek lo klo mo nasionalis lakuin yg bermanfaat tai buat negara bukan pansos cri kesempatan yg gk penting,percakapan_porno
<links> pijat panggilan harapan indah adakah openbo cewekbo,percakapan_porno
astagfirullah ughtea kamu kok naughtea bingitz nyumpahin pantat aku bolong,percakapan_porno
kokigami cabang seni origami yang membuat hewan hewan origami untuk dipakai di atas penis,non_porno_non_prostitusi
aku goleki sing lucu opo jebul jembut wajah menangis keras atau menangis tersedu sedu,percakapan_porno
lebih pedas ayam geprek depan kampus dong ah hadi kangen kampus,non_porno_non_prostitusi
lihat mod mulut teman kamu tidak ada akhlak banget kayak lonte sarkem lagi mabok,percakapan_porno
ngocok memek enak kali ya,percakapan_porno
gue adalah jujur saja sudah mulai nongkrong walaupun ke rumah teman sekalipun tetap mengikuti protokol semaksimal mungkin cuma ya atleast hormati nakes yang pada cape mengurus covid 100 dokter meninggal brou dan kamu malah sok berani menantang covid ngentot kamu,percakapan_porno
wajah memerah hik hik hik memang enak itu tersipu atau tersenyum dengan mata bahagia pas lagi mot tete diisepisep bikin lama tambah ngaceng sing belum pernah elingku angel wot sambil nete barusan lihat pideonya next bisa rikues yum atau enak atau lezat,percakapan_porno
dua tiga totol muka kamu kayak kntl,percakapan_porno
woooii mardancuk ada jembut menyempil di gigi kamu tuh jorok ih,percakapan_porno
marc masih 15 tahun masih usia2 banyak ngelesnya kalau cerita ke orang pat itu orangnya yang paling dewasa diantara mereka ber4 makanya pat berbicara kayak begitu jempol ke atas,non_porno_non_prostitusi
iya anjing kenapa sih pegn di sama sama in biar uwu garis hidup orang beda beda kntl tidak bisa di sama2in ajg gue uwuphobia nih,percakapan_porno
boleh cerita ga aku juga pernah nilai akhlak seseorang dari pengetahuan agamanya aku bukan anak yang taat terus aku kayak wah begitu list cowok yang ngerti agama ternyata setelah dekat apa maaf dia hyper sex dan tukang selingkuh juga,non_porno_non_prostitusi
singkat cerita waktu gue smp gue dapat pelecehan seksual dari om gue sendiri tidak sampai sex but ya di cabulin sama om sendiri itu sakitnya bukan main apalagi gue di cabulin pas di sebelah anaknya yang lagi tidur bareng gue jg anaknya yang tidak lain sepupu gue dan seumuran sama gw,percakapan_porno
oy lu ngebet ngewe bgt ini betina,percakapan_porno
dangkal kamu kntl,percakapan_porno
<links> < cewek jablay bugil meminta dibelai bokep fotomemek ngentot bugil ngentot,penyebar_konten_porno
kampang <links>,non_porno_non_prostitusi
dasar bocil hak apa yang harus dihargai dari lgbt menghargai dengan hadir di pernikahan sesama jenis contohnya begitu jangan belum deh atau enggak diam baik daripada kena semprot,non_porno_non_prostitusi
ya kamu tidak bilang mau ditinggal ngentot ah anjeng kepalan tangan menghadap kanan berkulit putih kuning langsat kepalan tangan menghadap kanan berkulit putih kuning langsat wajah topi koboi,percakapan_porno
ngapain kamu mention toge,percakapan_porno
gua sepakat sama kamu bang memang bangsat lgbt,non_porno_non_prostitusi
maunya ayam kampus,percakapan_porno
gue bikin k4 1 sama lu cas gigolo lonte tar wkwk ngewein yong yang di bego begoin mantan pacarnyaaa yang ngejual yong ke kascai demi beli handphone yang jahe pengenin hahhaha lokal banget anjir na hahaha,percakapan_porno
cwe cowok di lgbt wajah menangis keras atau menangis tersedu sedu,non_porno_non_prostitusi
dasar kadrun banci kamu nyet pengecut <links>,percakapan_porno
ada yang bisa do bokong wajah gembira berurai air mata,percakapan_porno
100 ready open bo 100 sex pagi ini di palembang minat langsung info dm panggilan masuk atau telepon masuk wa panggilan masuk atau telepon masuk 085381665317 lontepalembang lendirnikmat lendirpale,penjaja_seks
jongos bola kamu maksud itu mereka yang memperjuangkan hak hak imigran timur tengah di eropa memberikan ekualitas pada perempuan di tribun mengkampanyekan persamaan hak pada lgbt dan menghapus homophobia yah kalau ada otak adalah dipakai dulu untuk melihat secara holistik baru deh komen <links> <links>,non_porno_non_prostitusi
retweet digoyang sampai basah menjulurkan lidah dan memejamkan mata horny memek colmek colokmemek jembut memekbecek ngentot videongentot vi,penyebar_konten_porno
so jika mau serius bacot keamanan maka as paling banyak langgar keamanan publik dan jual jual data pelanggan ke cia dan pihak ke 3 dari 2 tahun lalu apple berbagi data dengan cia dan ketawan berbagi fbi 3 bulan lalu sok aman dari mana banci diam diam rekam lacak kamu orang terang terangan awasi kamu,percakapan_porno
respect matamu pancasila itu landasan negara butuh banyak nyawa buat bikin pancasila jadi dasar negara bawa bukti ke gue mana agama di indonesia yang legalisir lgbt sok respect tolol,non_porno_non_prostitusi
kamu saja tidak balas kntl,percakapan_porno
ready video call sex ayo sekarang menyentuh hati atau memberikan ciuman hati info langsung dm surat cinta vcs vcscrot vcsjilbab vcsbugil realvcs realangel realangels vcstrusted vcsyuk trustedbisyar trustedangel openvcs ayamkampus vcswhatsapp vcshot vcsmurah recommendedbo readyvcs vcswhatap bokep,penjaja_seks
lgbt fokus ke g4y nya sedih beet ya tapi menyimpang awalnya akhir nya kamu ternganga,non_porno_non_prostitusi
ya kaget lah sebagai orang normal ya kali sudah pada gila yang dukung lgbt tidak tau deh kalau yang tidak punya agama kalau julid dosa lgbt juga dosa kamu lakukan dua duanya double kill bangkai makin tidak jelas saja dunia ha memang sudah tua nih dunia,non_porno_non_prostitusi
kntl kamu smua,percakapan_porno
open bo stw jogja pagi ini ya wajah memeluk stw stwjogja stwmontok stwindo availjogja kimciljogja jogjaopenbo,penjaja_seks
srp irene ngewe kasar yuk gue kasih hadiah ulang tahun manjakan memek nya sampai kelojotan,percakapan_porno
yakali cewek nikah cuma pikir ngewe ngewe teros lo doang kali yang pikir begitu <links>,percakapan_porno
pria lihat bu eko saya bisa ngaceng dengan udud anak perempuan masoooookkk pak eko pria enakk bu ekooo anaknya bu eko keluarga laknat,percakapan_porno
teman paramedis bercerita gender yang orang tahu cuma seputar penis dan vagina tidak ada yang tahu kalau ada kondisi medis dimana ada seseorang yang memiliki keduanya bahkan ada yang tidak jelas memiliki yang mana di sisi lain ada juga faktor kromosom normalnya xx dan xy bagaimana kalau ada yang xxy,non_porno_non_prostitusi
apesi kamu ngentot sudah sembuh blm,percakapan_porno
km jablay,percakapan_porno
morningseex selamat pagi sayang avail vcs berbaayar realacount no basa basi whatsapp 087825839962 vcsbugil vcstrusted vcs vcswhatsapp <links>,penjaja_seks
mites nyamuk diats layar handphone eh darahnya muncrat bekas mengering,non_porno_non_prostitusi
inilah ya otak selangkangan ngentot mulu yang kamu pikirin,percakapan_porno
sex itu cerita menurut saya itu harus berarti dan punya pukulan yang menyenangkan antara keduanya yang melakukan kegiatan mengentoti dan dientoti,percakapan_porno
<links> < foto cewek bispak toket gede meminta disodok2 ngentot porn xxx,penyebar_konten_porno
gue cape ditarik ulur mulu sama kamu ngentot kalo kamu mau menjauh ya menjauh sekalian ya asu,percakapan_porno
kurang2in sudah meladeni orang caper kalau dari awal memang tidak suka ya jangan diladenin tidak usah dilawan nanti cape sendiri ah ngentot kamu pada,percakapan_porno
open lagi sayang tanda cium rr wa 082197585568 bookingansurabaya includesurabaya openbosurabaya bosurabaya availsurabaya angelsurabaya wpsurabaya bisyarsurabaya bispaksurabaya surabayabirahi surabayanakal lendirnikmat surabaya morningseex malamminggu ngentod <links>,penjaja_seks
open vcs contohnya,percakapan_porno
jari tengah gue gaceng parah buat kamu yang bikin musik jadi kelas sosial iya ngentot,percakapan_porno
aku belum pernah ewe menunjuk ke kanan menunjuk ke kiri,percakapan_porno
iya eh lo punya ssnya gak ngakak dibilang kontol dong wajah menangis keras atau menangis tersedu sedu wajah menangis keras atau menangis tersedu sedu wajah menangis keras atau menangis tersedu sedu wajah menangis keras atau menangis tersedu sedu wajah menangis keras atau menangis tersedu sedu wajah menangis keras atau menangis tersedu sedu,percakapan_porno
ntar jelek lo mengambek ngentod,percakapan_porno
pernah nih bikin beginian di nampan yang aga gede tetus kacang ijonya banyak lalu disimpan di kolong meja sampai kelupaan ada kali seminggu ehhh paa dilihat udang tinggi saja itu toge jadi kayak tumput jadinya,non_porno_non_prostitusi
kontol kamu antis,percakapan_porno
lu lagi kamu lagi muak ngentot,percakapan_porno
ya jngan nete juga wajah menangis keras atau menangis tersedu sedu,percakapan_porno
u too jipan yang katanya lebih ganteng dari gue lo juga harus bahagia jangan gue doang btw ini jamet banget ngentot <links>,percakapan_porno
apansi muka kayak banci,percakapan_porno
guekan perempuan special bilang saja kamu iri jablay lanang,percakapan_porno
catet loe banci dan alay dong <links>,percakapan_porno
jangan sampai² orang tua kontol kamu bisa hina gue tapi jangan sangkut paut kan ayah gua jaga ucapan kamu heang unang laju hian babam bujang,percakapan_porno
losss dolll segera lanjut boleh mu whatsapp an cek paket datane yen entek tak tukokne tenan dik elingo yen mantan nakokno kabarmu tandane ikut tidak rindu nanging kangen kringet bareng awakmu,percakapan_porno
open vcs berbayar real no tipu tipu open member video foto di bawah 18 tahun dilarang 200k dolar 1jam 100k dolar 30 mnit 50k dolar 15mnit info rr wa panggilan masuk atau telepon masuk 085838773021 vcscolmek vcsbugil vcs vcscrot vcsreal vcsberbayar vcsyuk vcshot vcsindonesia vcstrusted realangel availvcs vcsjilbabb <links>,penjaja_seks
baca replaynya cerita teman semua menyeringai menyeringai kalo teman kamu gay homo temanan 3 hari juga sudah tahu kalee,percakapan_porno
dasar cw laki salah mulu akrab sama laki dikira siap jadi maho akrab sama cw dikira modus berguling guling di lantai sambil tertawa terbahak bahak berguling guling di lantai sambil tertawa terbahak bahak,percakapan_porno
gampang si sewa pekerja seks komersial modal 1 juta juga ada,percakapan_porno
mslhnya tiap gue buka teel yang muncul bokepan kamu doang bang titit,percakapan_porno
bio follow auto folback pas di follow tidak kunjung di folback itu kontol si terus bio kamu maksud nya apa ajg mending kasih kterangan good looking only biar orang orang pada tau anjing minggu pagi dahal,percakapan_porno
avail ya beb bendera monaco minat langsung chat wa tanda cium php dan basa basi auto block info dm orang wa 082152064870 availserpong availbsd availtangsel availtangerang openbobsd bocilegon boserpong bobsd botangsel botangerang includeroom wptangerang trustedangel trustedbooking <links>,penjaja_seks
lgbt salah kalo lo percaya tuhan secara ilmu biologi juga salah cuma otak tolol lo yang ga guna ga bisa mikir aneh hal simpel aja ga lurus mikir mana bener mana salah bukan tempat seksual itu lubang taik goblok bukan tempat ngewe udah bener adam dan hawa,percakapan_porno
walau tanpa jembut pun tetap dapat menjepit,percakapan_porno
avail video call sex hari ini no tipu tipu no basa basi realacunt 100 butuh yang serius saja whatshap 082273989600 hati biru id line putriy010 vcssange vcsyuk realvcs vcsjilbab vcstrusted vcssangek vcs vcswhatapps vcsbandung memekbasah memektembem sange aaaaaaaaaah vcsbugil <links>,penjaja_seks
rang orang pakai filter instagram cantik2 aku malah kayak bencong <links>,non_porno_non_prostitusi
kok lonte sayang termenung atau wajah merenung atau wajah menyesal pisau,percakapan_porno
dengan wajah tampannya yopan berjalan ke arah mic mengangkat tangan kanan saya perwakilan tim ayam kampus berjanji kami tidak akan peduli pada pemain lain dan bermain dengan prinsip yang pasti menank tanpa mengotori kesucian harap tenang htathlethicchampionship <links>,percakapan_porno
bwahahahahah napas kamu sekali tiup maaf jika gue berkata kasar karena gue tidak menemui kata lain selain kontol buat kaum yang mempersulit distribusi obat di saat kaum manusia sangat membutuhkannya sekali lagi kontol,percakapan_porno
ku rasa hidupnya memang penuh masalah sih alias tidak jelas kamu kontol mengedipkan mata tersipu atau tersenyum dengan mata bahagia,percakapan_porno
eh anjing tidak ada hubungannya sama lo kenapa kamu yang sewot sih bangsat sudah gue jelaskan maksud gue polos buat hubungan sejenis mau kamu apa ngentot,percakapan_porno
sex dan lgbt itu bukan barang tabu cerita saja ke anak mereka harus tahu dari dini,non_porno_non_prostitusi
pas merasa sakit linu gtu aku b saja dong aku kira kerikil gtu pas aku duduk barengan sama ibu aku teriak aku berbicara dih ibu ini ternyata berdarah asli guys ini darahnya sampai nete netes deres c,non_porno_non_prostitusi
berani itu orang memaki my quokka jelek maaf banget nih harus ngmong kasar maaf ya tuhan maaf bgt ashu kontol tu orangg jingan sialan dasar keparatt matanya katarak apa emng ga si pake sih oke cukup sabarr neshaa termenung atau wajah merenung atau wajah menyesal,percakapan_porno
emg kamu sapa kntl anjay anjir nih anjay,percakapan_porno
gua rasa sebenarnya juga kamu sudah tau jawabannya wkwk cuma memang sengaja saja bertanya gara gara kamu tidak suka gay digrebek,percakapan_porno
kamu lagi enak ngewe t titit ku di potong ngeri gatu,percakapan_porno
tolong ini kalau punya masalah di kelarin jangan semua akun gue di blokir wkwk kamu banci ya lari dari tanggung jawab wkwk <links>,percakapan_porno
typikal begitu sama kayak yang bionya > hidup mulia atau mati syahid hamba allah jihad ono ini tp kalau mereka reply atau direct message mainnya lonte lontean,percakapan_porno
anjir cerita dewasa g,percakapan_porno
woi cewek kontol kamu jadi orang tidak usah kayak orang bangsat tidak ada yang suruh kamu berbicara apa kamu buka mulut bau kamu itu anjing dasar cewek cibai kontol pepek kimak lonte bangsat goblok bego makan tai kontol wajah memelas wajah memelas bangbang atau dua tanda seru atau,percakapan_porno
tapi sedoyan2nya gue sama keju masih tidak bisa makan goat sheep ewe cheese baunya tidak menahan banget bau kambing bisa ada di mulut berjam2,non_porno_non_prostitusi
dtg tempat orang nak samun bagai kontol kamu <links>,percakapan_porno
omongan kamu kendor kencang kayak kontol jadi influencer cocot lebih masih bocah,percakapan_porno
yang syi ah kelojotan kalau berbau islam emang lo tidak suka selangkangan kalau tidak suka mana mungkin lo punya keturunan apa banci <links>,percakapan_porno
bokep versi gemoy kalau ini mah,percakapan_porno
jembut loe saja dulu dibanyakin baru uruskan komen akun orang pm,percakapan_porno
bapak kamu sweater kedinginan kontol,percakapan_porno
ngewe mulu kamu mikirnnya,percakapan_porno
vcs lagi kuy gratis aja khusus cewek ya privasi 100 aman cht dulu 083103592895 atau dm vcsbugil vcsgratis freevcs vcscrot openvcs vcstrusted vcsready sange vcscroot sangeberat sange kontolngaceng kontolsange memekbecek tocil ngewe jilbabsange vcsreal,penjaja_seks
aneh banget gapengen dijebak tapi kerjaannya mancing mulu lonte kamu iya gue liat2,percakapan_porno
ketika kamu punya dua adik cowok masih bocah tapi yang satu sudah sunat dan tiba tiba yang kecil berbicara kok titit aku kayak begini kok titit abang kayak gitu bentuknya beda anjing wkwkwkwk,percakapan_porno
mau nete,percakapan_porno
palkor kontol gua sudah daftar yang dekat kamu malah baru daftar uty asu,percakapan_porno
sebwah perubahan menjadi titit mentol,percakapan_porno
dikata banci,non_porno_non_prostitusi
niat itu di dalam hati atau batin kalau kamu niat tidak mungkin kamu balik jadi gay lagi gw punya banyak teman lgbt dan mereka niat mau berusaha lebih baik alhamdulillah mereka sembuh itu namanya niat bro,non_porno_non_prostitusi
ga melulu soal sex apa sih ngentot basi bgt bilang saja kamu mau buat dia nyaman biar dapat gratis kan gblk,percakapan_porno
karna kalau mereka semakin didukung akan semakin punya tempat akhirnya dianggap lgbt hal yang wajar naudzubillah jadi sampaikan kebenran semampu kita dua hati jantung atau hati,non_porno_non_prostitusi
siapapun itu gue tidak membicarakan daerah kok kamu tersinggung gue mengomongkan lgbt swinger menyeringai,non_porno_non_prostitusi
bokep indo pacaran anak muda jaman sekarang <links> bokep pembaruan bokep indo bokepviral bokep barat bokeplokal bokep hot bokep mesum bokep online bokepterbaru,penyebar_konten_porno
permasalahkan aja terosss kontol sok ganteng lu bajingan <links>,percakapan_porno
kan saya bawa perasaan wajah gembira berurai air mata ngentot lu,percakapan_porno
open video call sex berbayar tarif cek wa lia wa 0812 5291 8987 terima kasih yang sudah transfer mengedipkan mata mengedipkan mata menyentuh hati atau memberikan ciuman hati menyentuh hati atau memberikan ciuman hati berdoa atau dua telapak tangan menempel <links>,penjaja_seks
morning sex open bo vcs bikini ready tangerang dan sekitarnya sex yuk dekorasi hati info dm panggilan masuk atau telepon masuk wa 082288118537 vcsreal openbooking availbotangerang openbotangerang bisyartangerang bispaktangerang realangel availserpong vcscroot vcsbugil vcscolmek vcsbugill vcscroot <links>,penjaja_seks
ha akun bokep,percakapan_porno
menurut gue sih kalau kamu sudah tau diri kamu gay kamu cuma butuh jujur saja sih sama orang orang di sekitar lu biar nanti nya tidak usah memaksakan nikah sama perempuan dan akhirnya menularkan penyakit sexual,percakapan_porno
ngaceng alias ngagag kenceng wajah menangis keras atau menangis tersedu sedu,percakapan_porno
sange lo sini ngewe wkwk,percakapan_porno
lo yang semi ngewe gue yang disuruh mikir nambah beban pikiran saja anjim,percakapan_porno
pantat juga boleh,percakapan_porno
asli sih ini gue setuju bgt ada kenalan rl gue gay pernah lihat komunitasnya dia di instagram banyak banget yang sudah nikah i mean lo selingkuh sama pelakor alis kotak atau sama cowok perut kotak kotak ya sama sama sama selingkuh namanya dan itu salah terlepas dari orientasi seksual lo,percakapan_porno
perek apaan yawoh wkwk gagal paham aing,percakapan_porno
open bo solo hati hitam info rr dm amplop dengan panah jantung atau hati real 100 jantung atau hati tb 158 bb 58 bra 36 jantung atau hati wa 0895601275753 includesolo angelsolo availsolo,penjaja_seks
ngentot sini maju kamu semua tangan kosong kalau berani anjing wajah marah dengan ucapan kasar wajah sangat marah jari tengah berkulit hitam gelap <links>,percakapan_porno
otak kamu yang standar ganda ngomongin lgbt korupsi komennya kesana kemari,non_porno_non_prostitusi
dih saya kan bukan bencong lu tau tidak sih chara gue yang asli,non_porno_non_prostitusi
video full cerita dewasa bergambar klik <links> jangan lupa retweet ya <links>,penyebar_konten_porno
hidup itu seperti bulu jembut walau dalam keadaan terjepit tetap harus tumbuh selamat siang,percakapan_porno
bersyukur kita tinggal di lingkungan yang baik di bangladesh tepatnya di daulatdia the largest bothler of bangladesh anak perempuan sudah harus jadi pecun sejak usia dini untuk menghidupi keluarganya,percakapan_porno
tidak sama kamu juga ngentod,percakapan_porno
anjing ngentot kamu a,percakapan_porno
waktu kelas 12 awal pernah bikin plan buat jadi private teacher buat anak sekolah dasar sampai gitu mengajarkan english ipa matematika buat mengisi waktu jeda sma kuliah then this fooookin covid19 ruined my dream wajah menangis keras atau menangis tersedu sedu ngentot banget corona,percakapan_porno
gue mentwit beginian di akun alter gapapa telur juga keluarnya dari pantat ayam wajah lega,non_porno_non_prostitusi
tiap ketemu mengajak ngewe gratis pulak kamu kira bool gue fasilitas milik negara,percakapan_porno
perkara dia keluar rumah mendengar kata anjir di pakai anak kecil terus di permasalahkan sama anak kontil ini trus apa kabar dengan kata babi titit nenen meki burung jablay lonte germo anjelo dan lain lain yang sering di ucapkan orng2 untuk saling maki kamu panjat sosial kejauhan bangst,percakapan_porno
retweet yg lagi viral video mesum marion jola indonesia idol horny memek colmek colokmemek jembut memekbece,penyebar_konten_porno
aku 24 saja suantuy cookkk wajah lega nikah kamu kira cuma tidur bareng mau tidur dan bangun tidur lihat muka pasangan lu terus ngewe memasakkan di memasakkan giliran sudah nikah terus sadar itu awal perjalanan yang akan banyak masalah dan cobaan tidak kuat terus meminta cerai joohhh anjing bajingan itu jenenge,percakapan_porno
tampaknya aku perlu ngentot tante² atau oma² siapakah yang mau atau atau <links>,penjaja_seks
sejauh hg aku tau ya hubungan apapun yang ada romansa didalamnya kalau sudah ngewe itu progressnya akan lambat kenapa ya orang orang bingung apalagi yang lebih menyenangkan daripada ngewe makanya banyak hal seperti habis ngewe dighosting ya karena tidak ada niatan serius sesimpel dan sakit itu,percakapan_porno
tidak jelas kamu berbicara apa anjing bisa diam memek lagina mana ada banci yang transphobic sure bout that slut,percakapan_porno
jembut sembut,percakapan_porno
ngewe apaan pakai lobang pipis sekolah kamu pada mndingan <links>,percakapan_porno
suka sama cowok ditolak karena tidak punya pacar memang lah epic tapi pernah enggak sih kamu ditolak karena dia gay anjaj,non_porno_non_prostitusi
srp peluk badan kamu dari belakang selipkan tangan ke dalam cd lu ngaceng nih yang gesekin jari tengah ke bibir memek lu teken klitoris lu,percakapan_porno
hisoka manusia homo tidak mau kali sama kamu lidah menjulur keluar nakal ceria atau mengejek wkwk ya boleh sih feitan tetapi kalau mau cium kayaknya kamu harus menunduk dulu hahahaha,percakapan_porno
elidah menjulur keluar nakal ceria atau mengejek dengan mata tertutupo kota palembang real accont avail bo ledis boking info bisah langsung dm wa no php wa 083140254186 avail buat pagi ini excludeplmbang,penjaja_seks
hahahah kepepet maho,percakapan_porno
yang goblok itu kamu jablay lo kira semua cowok tidak pernah melihat cewek yang bajunya gitu itu teman kamu loh ga perlu kamu sebar2 gini bilangin saja kalau dia creepy ga ada itu ceritanya cewek kluar tete ke mana mana tidak expect dilihat orang muna kamu bangsat yg ngerekam juga goblok si,percakapan_porno
mucikari kamu jepuck jempol ke bawah berkulit putih kuning langsat wajah menangis keras atau menangis tersedu sedu,percakapan_porno
ya trs kalo anak lo keterima di ptn harus nyombongin di grup gt ngentot lo yanti <links>,percakapan_porno
avail lagi nih open bo no dp cod apartement centerpoint bekasi hotel cinta bekasi cek rr langsung dm atau wa 089516192747 openbo openbobekasi openbooking bisyarbekasi bispakbekasi ladiesnight bobekasi bispakhot cewekbo realangel availbo kulinerlendir includebekasi bispakh <links>,penjaja_seks
realaccount realangel open vcs berbayar kantung uang kantung uang kantung uang dijamin hot api api api no tipu tipu no php bunga sakura dijamin real trusted kembang sepatu wa panggilan masuk atau telepon masuk 085,penjaja_seks
gue bingung sama orang orang yang masih gay bisex kenapa mesti nikah dulu tapi kamu belum selesai sama urusan gay bisex lu i mean kamu puas2in dulu sampai kamu tobat sampai kamu tau cara biar tidak begitu lagi baru nikah sedih atau cemberut,percakapan_porno
gue di tinggal tidur pas ngewe tidak ribet kayak kamu asaan,percakapan_porno
kepeluk dari belakang senyum mau apa hm rasain jarinya masuk mainkan memek mhh elusin tangannya,percakapan_porno
muncrat ke mata wajah menangis keras atau menangis tersedu sedu,non_porno_non_prostitusi
temen aku bencong dia gay ya namanya batang ya tetap saja aku cemburu ya kali tidak asu,percakapan_porno
ngaceng,percakapan_porno
satpam sange retweet untuk lanjutan nya guys,penyebar_konten_porno
tipe glower kayaknya yg kalau ngaceng jadi gede banget soalnya biji nya gede gitu,percakapan_porno
weh anying bian gw sumpahin jempol kaki lo kejedot pinggir lemari ngentot,percakapan_porno
oalah indonesia toh kalo membicarakan dalam islam ya lgbt dilarang itu pengetahuan umum lagi pula kamu tidak perlu jadi tuhan dulu buat tau jawabannya toh entah tuhan ada apa tidak kalo adapun gue gayakin ia peduli sama manusia,non_porno_non_prostitusi
makan itu cowok anjing bilangnya sahabat sahabat tai dielus sedikit sudah lembek kan kamu ngentot,percakapan_porno
gituan di tonton mending bokep dah,percakapan_porno
buat sewa jablay kayaknya juga bisa tuh,percakapan_porno
open bo pin bulat jakarta dan pasar rebo ponsel wa 0895326393212 izin tag suhu bantu berdoa atau dua telapak tangan menempel berkulit coklat gelap,penjaja_seks
gue doa saja tidak kuat lihatnya menang jo amin mana dari kampus sampai warung mi ayam pada membicarakan jojo wah sih haha di rl begitu juga dong wah gue kira lini masa saja yang rame bertepuk tangan tangan terkepal ke depan jempol ke atas,non_porno_non_prostitusi
temen2 gue pada menawari nih botol ada yang 15rb 20rb 25rb sampai 27rb nanti kalau gue beli disalah satunya pada bilang sudah kenapa tidak beli di gue aja titit kamu nanti gue potong ya <links>,percakapan_porno
diaduin kalau berbicara sama cewek kamu depan bapaknya pengen ngentot nih,percakapan_porno
lenje banget kamu ngentot,percakapan_porno
iya kamu sebutkan aturannya bukan jawab dengan pertanyaan emang kamu tidak tau cuma modal bacot kontol,percakapan_porno
hushhh bahas garangan saja tapi memang aku kuatir sama bakul soto dok wedine pas dekne ngamuk terus botol e diantemno neng mejo pecah terus kecap asin e muncrat neng endi2,non_porno_non_prostitusi
jadi kamu lgbt,non_porno_non_prostitusi
halah bahas bahas titit kayak punya saja kamu njing,percakapan_porno
mau nete dong,percakapan_porno
sehelai jembut,percakapan_porno
mesum ketahuan warga suruh lanjutin haha wajah gembira berurai air mata senyum keringat walaupun di kocok dan di emut tapi kontol nya puret tidak bisa tegang,percakapan_porno
balas dong nder lah kenapa malu kebanyakan gengsi lo belum saja dilas sama bapak gua sudah lah putus saja ngentot,percakapan_porno
buang aja mana ada menahan rasa di ontol kamu kata kontol menahan kencing wkwk dasar puplih wajah menangis keras atau menangis tersedu sedu wajah gembira berurai air mata <links>,percakapan_porno
agus ada titit juga tidak terpakai kenapa ya dahlah memang kamu berdua bang jago tapi tetap sarangek bengek lah gue sama kamu berdua,percakapan_porno
plis donk stop kelakuan bego seperti gini kalian pikir aku senang dikirimin kayak gini dengar ya bener aku suka lihat cowok waktu lagi klimaks tapi bukan berarti aku cewek yang bisa tiap hari kalian kirim foto beginian lu pikir gue bakal sange apa lihat kontol lu nggak bambang enggak <links>,percakapan_porno
coli sendiri sampai muncrat baru deh ditransfer,percakapan_porno
pantat kanan gue keram habis kena per kasur anying,non_porno_non_prostitusi
enggak mau jadi perek,percakapan_porno
kaya yang bayarkan gue kuliah saja kamu ngentot,percakapan_porno
mau berapa hari umur akun kamu ini bong anak pekerja seks komersial gerwani puas,percakapan_porno
kalo kamu ngeship homo tetapi memanggil salah santunya bunda mama atau panggilan buat cewek mending kamu ship bxg tidak usah ngeship homo lo tidak menghargai kaum lgbt dan kamu kesannya ngeship homo cuma buat menutupi kegasukaan kamu kalau mereka di pair sama cewek dan juga menutupi ke homophobic an lo,percakapan_porno
mantap lah jembut nya lebat,percakapan_porno
<links> ngentot 1 ronde setelah subuhan oh crottttt <links>,penyebar_konten_porno
cuss sayang open vcs ya tetesan keringat yuk marii siapa cepat transfer dia lebih dahulu ya 100 realtrusted wa telepon 085357284759 id line realakun23 dijamin,penjaja_seks
khn kamu bilang gay kelakuannya macem2 apa bedanya sama hetero yang bisa macam macam juga serbet warteg,percakapan_porno
meminta maaf dan memperbolehkan sih anjing memang kamu siapa ngentod,percakapan_porno
mail kalau kuliah di gamada tetap jualan ayam ngga ap jadi ayam kampus,percakapan_porno
crot begitu memangnya klepon tangan terkepal ke atas wajah menangis keras atau menangis tersedu sedu,non_porno_non_prostitusi
lihat sih anjing menyeringai menyeringai menyeringai he bangsatt kamu tau itu ngilu sekali xixixi jangan sekali sekali kamu kirim bgituan lagi menyeringai ngentot <links>,percakapan_porno
ekskul nya orang normal pmr pks basket voli seni dan lain lain ekskul nya gyuri sama jisoo mucikari anjir,percakapan_porno
cerita sex dewasa manga hentai sub indo,penyebar_konten_porno
oh secara tidak langsung kamu mengakui kalau kamu itu lgbt dong,non_porno_non_prostitusi
coba sini kontol sama bijinya gua tendang klo kesakitan lemah lo bangsat <links>,percakapan_porno
huh dasar senior anime brengsek engga nif itu mah anime gay emang senior2 hobinya ngeprank,non_porno_non_prostitusi
lutfi jangan main sama gua tar kata jangki cipet ngehe bokin tungs macan lonte ciblek cembokur boding honger au ah gelap au ah terang nyokap bokap brokap cinewine doku begi dan mambo jadi perkara lagi jauh sudah kamu <links>,percakapan_porno
promo khusus malam ini yg mau bo vcs bisa order sekarang wa 089501340105 di tunggu via wa say evailboking liveboking becekrasa jilmexsek vcslive rasapacar bokingledies <links>,penjaja_seks
udah mirip cak lontong kamu wan jembut kerjanya kagak seumur hidup survei melulu berguling guling di lantai sambil tertawa terbahak bahak,percakapan_porno
enteng banget mulutnya wkwkw dia bukan anak lonte tetapi the real lonte dasar cowok bajingan,percakapan_porno
lagi2 nih konsep open minded gue adalah dengan cara menghargai and menerima sebuah sudutpandang baru tanpa menghakimi menerima bukan berarti i will do the sama thing so for me just soalnya kamu r pro lgbt doesnt mean kamu r open minded,non_porno_non_prostitusi
pantesann cupuuu titit kamu kecil,percakapan_porno
cubit saja titit nya kalau nakal,percakapan_porno
lu kan gay kamu lah vi,percakapan_porno
buat para sjw open minded kontol jembut kuda kalian tidak pernah merasakan cinta dan kasih sayang apa gmn act of love yang ikhlas lillahi ta’ala dari istri buatkan bekal buat suami yang tidak ada negative vibes nya sama sekali saja dipermasalahin iri bilang bos <links>,percakapan_porno
ini cerita yang ujung²nya ada bagian sex nya yah berguling guling di lantai sambil tertawa terbahak bahak berguling guling di lantai sambil tertawa terbahak bahak berguling guling di lantai sambil tertawa terbahak bahak,percakapan_porno
srp ada perek yang imajinasi nya liar yg long reply tidak cuma desah doang mau gue mainkan memeknya langsung ikuti ya,percakapan_porno
haahahahaa apa nih elis lgbt kamu nak kena drag ke,non_porno_non_prostitusi
ada yang baik hati tidak meminta foto memek tembem pakai cdx please wajah menangis keras atau menangis tersedu sedu wajah menangis keras atau menangis tersedu sedu wajah menangis keras atau menangis tersedu sedu,percakapan_porno
wkwk kampang,non_porno_non_prostitusi
masa gue kepikiran itu artis bokep,percakapan_porno
avail ciledug testi 5 detik open bo dan vcs jakarta include exclude room yg minat rr dm wa 081311587212 availjakar,penjaja_seks
gimana ya caranya belajar memaafkanwajah senang atau tersenyum aku orangnya batu keras kepala dendaman banget but he aunty dajjal i realy fucking hate you ngentot kamu anjing perek manusia haram lo,percakapan_porno
gila masih dendam sama panitia orientasi studi dan pengenalan kampus yang sukanya marah dulu diteriaki lesbi karena pas masuk kampus tidak pasangan sama cowok diteriakin kalau tidak salam terus makan roti dihitung njir cuma satu menitan gila kamu pikir manusia harus berapa kali ngunyah <links>,percakapan_porno
aku juga mau kayak akun kontol ah yang merusuhi semua akun yang mentwit bokep atau kontol atau apa mau cari pakai keywords swafoto ah,percakapan_porno
pengen di doggysedih atau cemberut karena semua partner gue tidak bisa ngedogyy alias kontol kamu pendek,percakapan_porno
lesbi sih lesbi tetapi orang lesbi punya hati beos jangan semena mena lantas kamu jadikan kita kita yang sudah ngebucinin kamu itu cuma cadangan,percakapan_porno
malah deact kampang,non_porno_non_prostitusi
sama sifatnya sih kayak bisa dewasa saja begitu kecuali hyunjae kan childish meski hyunjae berisik tapi setidaknya dia diakui kayak pilarnya tbz sangyeon kalau ada apa apa cerita ke hyunjae jadi dia semacam leader kedua wkwk,non_porno_non_prostitusi
tolol dasar burung tolol kontol,percakapan_porno
kamu kntl,percakapan_porno
open video call sex berbayar dolar room video call sex bukan room cari jodoh dilarang menggunakan ponsel real account tanda centang tebal info tarif 200 jam dm wa 083171095133 vcs vcsbugil vcsberbayar vcstrusted vcscolmek vcscroot vcsreal realangels realacount <links>,penjaja_seks
mau ngemtot tapi modal kontol doang apanya yang bisa dibanggain memang sih kamu ngewe pakai kontol tapi kan tetap kamu butuh berjuang juga biar ceweknya ikutan sange lihat perjuangan elu bukan cuma asal mengajak ngeroom ngeroom,percakapan_porno
naluri banci nya tidak hilang ya meskipun sudah kawin <links>,percakapan_porno
ada yang bilang bakal mutus rezeki orang bla bla bla begini ya ashuueee skinker gue yang kayak the ordinary hadalabo somethinc itu tidak kamu promosikan juga sudah banyak yang beli ya panteq problemnya di sini bukan cuma bikin ludes tetapi seller yang kayak kontol juga naikan harganya dua kali lipat anj,percakapan_porno
tar sudah gede judulnya diwan ngentod,percakapan_porno
avail 2 slot tercepat wajah tersenyum dengan tiga hati yuk isi slotnya dari sekarang panah maju sho long time more info 089512452098 trustedangel realangel availsemarang bosemarang avail4booking bisyarsemarang openbosemarang angelsemarang recommended4bo semarangopenbo lgbt vcs <links>,penjaja_seks
bacot banget meminta yang bisa menerima apa adanya tetapi sendirinya juga meminta yang satu frekuensi malem2 bikin gue ingin teriak kontol saja lu,percakapan_porno
avail hotel yasmin krawaci minat info direct message saja <links>,penjaja_seks
ayam kampus mau dong,percakapan_porno
cerita sex sedarah dengan istri paman penuh nikmat kisah ini bermula ketika aku sedang berkunjung ke rumah pamanku yang ada di daerah bagaimana selanjutnya penasaran,penyebar_konten_porno
bokep ngentot pacar kaka kamu ingin begitu juga cowok kakak lu wkwkwkwk,percakapan_porno
ni gue lagi baca au istirahat bntr sudah ribut ribut ajh dasar sender kontol,percakapan_porno
lo najis sama korea pop karena mereka kayak banci gue lebih najis sama kamu yang suka merokok pakai duit ortu,percakapan_porno
hadeuhh kaffir memang mayoritas maling teriak teriak maling y yang bikin lgbt bertebaran itu ada di era siapa cukk wajah berkacamata hitam,non_porno_non_prostitusi
lu adu sama sapa itu ngentot,percakapan_porno
bayangin kamu mw ngewe tetapi ada acara menyanyikan indonesia raya bangsatt gay anjing wajah gembira berurai air mata wajah gembira berurai air mata wajah gembira berurai air mata <links>,percakapan_porno
bencong jam segini lagi ganti daleman,percakapan_porno
gak ada hubungannya sama kadrun tolol lu tanya cebong setuju tidak lgbt kalau setuju berarti tolol juga,non_porno_non_prostitusi
semoga allah mengabulkan doa yang meminta agar dia dimatikan dalam keadaan ngaceng <links>,percakapan_porno
ngekos ga ini dua kata yang bikin gue sedikit emosi ngmong saja kamu mau ngentot tapi tidak mau modal kan iya kan wajah sangat marah wajah sangat marah wajah sangat marah,percakapan_porno
lgbt tidak apa apa kok tetapi indonesia tidak cocok,non_porno_non_prostitusi
dasar ngentot dari awal kamu sudah kudiemin supaya kamu mikir malah kamu mention2 bilang aku tak punya argumen mau kamu apa sih jamet benerin dulu itu isi kepala,percakapan_porno
gue percaya adanya tuhan tetapi maaf to sayang gue harus bilang sama kamu orang orang yang lgbt itu bukan kemasukan setan atau kurang ibadah ya banyak kok yang gay atau lesbi tapi solatnya getol puasanya getol itu itu orientasi seksual,non_porno_non_prostitusi
lingkar otak lingkar otak otak kamu kecil macam titit kamu saja sok membicarakan lingkar otak,percakapan_porno
guys yang mau beli poster hea nuest 20k sudah sama tube hehe avail jr bh ren direct message kirim hari ini,non_porno_non_prostitusi
kita tidak bakal pernah bisa bersatu karena aku terlalu ai ai untuk kamu yang cuma mau ngewe ewe,percakapan_porno
barisan banci kamera kalau kata anak zaman now adalah wajah gembira,non_porno_non_prostitusi
iya vcs bisa juga kok menghasilkan duit,percakapan_porno
diam kamu jablay wkwkw,percakapan_porno
bokep korea kak biasanya alur perselingkuhan hem maaf kak ini dari cerita teman tidak lihat sendiri kok wkwkwk,percakapan_porno
bacot mu sok tau sok artikan omongan orang lu juru bicara nya puan tol kontol,percakapan_porno
bawel kamu titit kuda,percakapan_porno
lanjut menonton apa besok saja ya kayaknya itu video penuh dengan kelucuan mereka deh wkwk sudah jam segini aku takut kelepasan ngaceng sedih atau cemberut,percakapan_porno
lu adalah memang sangean punya kontol kok baperan,percakapan_porno
anjay anjir anjrit memek kontol loe <links>,percakapan_porno
bukan belum siap menerima lebih tepatnya tidak akan menerima dikarenakan lgbt itu penyakit menular jangan sampai indonesia di azab seperti zaman kaum yang membantah kebenaran dari nabi luth kalau kamu paham agama ya kalo tidak ya pokoknya jangan,non_porno_non_prostitusi
tidak ngewe ngewe tidak asik,percakapan_porno
cerita dewasa sambil pukpuk pantat,percakapan_porno
buat yang tidak nyaman melihat rundown pesta gay itu bukan buat elo itu buat internal mereka mereka sudah tertutup bikin acara untuk sendiri tidak menyusahkan siapa siapa penggerebekan ini tidak ada dasar hukumnya narasi polisi kok dipercaya <links>,non_porno_non_prostitusi
bisa direct message alamatnya kk nanti aku bawa samurai biar aku penggal titit lu,percakapan_porno
bagaimana sih lu biasanya open bo,percakapan_porno
jahahaha tisu sulape ojek online lali ben rak rugi rugi tenan,percakapan_porno
kamu siapa kontol,percakapan_porno
najis ngentod yg bener,percakapan_porno
mau kamu pro atau kontol gue tidak peduli santuy enjoy aman,percakapan_porno
cuih belum saja besok pas masok kita gelut gue potong kontol kamu bgst,percakapan_porno
ih kemarin menangis kamu kntl,percakapan_porno
gw pikir bacanya jembut eh ternyata jembut wajah terbalik,percakapan_porno
mekar tanda cium open tanda cium vcs tanda cium tanda cium vidio call sex tanda cium realaccount tanda cium info bisa langsung dm isi keep slot nya buat hari ini avail sayang tanda cium wa 0895704844777 tanda cium tarif 150 1 jam tanda cium via rek atau pulsa tanda cium full service tanda cium privat aman tanda cium info wa tanda cium 0895704844777 <links>,penjaja_seks
coba deh kasih alasan kenapa lgbt itu berdampak buruk ke lingkungan kita kalau memang seburuk itu tanpa membawa bawakan agama atau memang anda sangat amat tidak setuju untuk seseorang untuk mendapatkan sebuah hak dasar manusia,non_porno_non_prostitusi
dua tiga tutup botol banyak bcot kamu kontol,percakapan_porno
klo lesby masih enak di lihat sudah tapi kalau sudah homo gay mati saja kamu anjing lgbt,percakapan_porno
kalau lewat di rt rep jangan dilihat saja rep satu satu ayangie kalau tidak pantat a kerlap kerlip jaemin best boy jaemin visual jaemi,percakapan_porno
serah kamu sudah intinya mereka yang kontra dengan lgbt itu jangan kamu heranin karena mungkin mereka meyakini kalau dalam agama itu memang tidak boleh jadi kamu juga harus nya jangan permasalahkan,non_porno_non_prostitusi
bukan gua yang dukung lgbt coeg lu baca yang bener,percakapan_porno
kontol kamu tua,percakapan_porno
makasih yang td isi slot masih avail bo malang ya say menyentuh hati atau memberikan ciuman hati panggilan masuk atau telepon masuk 081395039643 bomalang bomalangkota availmalang availbomalang op,penjaja_seks
ngentot lu ada masalah ape si ama hidup lu nyet <links>,percakapan_porno
salah spell bgsatt <links>,non_porno_non_prostitusi
avail hotel fame gadingserpong minat info direct message saja wanita dan pria berciuman <links>,penjaja_seks
open bo vcs isi dulu slot nya say menyentuh hati atau memberikan ciuman hati hati yang berputar info rr dm wa panggilan masuk atau telepon masuk 085822314083 real terpercaya 100 availkediri expokediri openbokediri angelkediri bokingankediri bokediri bisyarkediri includekediri lendirkediri abgkediri excludekediri bispakkediri vcskediri bokepviral <links>,penjaja_seks
share video porno ke sosial media termasuk dosa jariyah misal si fulan bagikan video porno ke grup wa yang anggotanya 257 kemudian yg anggota 257 itu bagikan lagi ke grup yang lain sampai video yang di bagikan oleh sih fulan di tonton jutaan orang maka sebegitu dosa yang bakal di terima sih fulan,non_porno_non_prostitusi
sama tete kempes aja gue ngeri lhoo tete kempes tete malu di film porno gak laku ditonton apalagi meki item,percakapan_porno
morning gays sudah coli pagi belum kontol coli gay bahancoli <links>,penyebar_konten_porno
cewe mana paham rasanya ngaceng tanpa alasan,percakapan_porno
nikmat a ngentot pi geng yang hoot,percakapan_porno
baru tau kamu ngewe di rupiah pakai titit benaran xixi,percakapan_porno
suatu saat ya kamu kamunya aku dimanapun sekarang berada ketika aku kamu sudah menjadi kita kita habiskan senja di ujung suramadu saling bertukar cerita bagaimana penatnya menghadapi kehidupan bagaimana lelahnya menjadi dewasa,non_porno_non_prostitusi
aku ngecheat apa kak dylan aku saja dapat screenshoot ngewe wajah memelas wajah memelas wajah memelas,percakapan_porno
8stmenfess to aqu sayang qmu kapan kita ngewe fr,percakapan_porno
dah kamu gambar titit ae,percakapan_porno
ngentot mulu lo,percakapan_porno
malam aku avail bo ya tetesan keringat bantu up yaa tanda cium availmalang openbomalang bisyarmalang abgmalang bomalang bispak expomalang angelmalang openmalang bispakmalang realangel malangbo wpmalang,penjaja_seks
sayang banget kalau tidak di share cewek jilbab bro cantik ya padahal haha ngentot di toilet <links>,penyebar_konten_porno
baru juga gue rilis perdana battle trending stopmotion episode 1 ini lutfi lutfianjay ingin mengisi slot di episode 2 apa gimana gue pasangin sama salah cewek yang kemarin apa gimana <links> pansos kamu banci banget lut amjing lah,percakapan_porno
ya opini saya berdasarkan ajaran yang saya percayai bagi saya salah kalau melakukan sebelum menikah tapi kembali lagi kepada masing masing individu kok saya tidak akan judge seseorang buruk hanya dari sudah having sex atau blum setiap orang punya cerita masing2,non_porno_non_prostitusi
buat cerita manusia homo apa boleh disitu wajah menangis keras atau menangis tersedu sedu wajah menangis keras atau menangis tersedu sedu <links>,percakapan_porno
bokep jepang kuperkosa adik mama <links> bokep pembaruan bokep indo bokepviral bokep barat bokeplokal bokep hot bokep mesum bokep online bokepterbaru,penyebar_konten_porno
reeady open bo bandung lagi ada promo 500 1jam bebas crot full service bebas kondom buat yang jelas saja rr dm chat khusus nya dekorasi hati area bandung menunjuk ke kiri bisa panggilan wajah tersenyum lebar dan mata tertutup <links>,penjaja_seks
lu kalau lagi pacaran sekitaran mangga besar atau habis jajan lonte di mangga besar terus bingung mau makan apa karena pasangan kamu jawab terserah bawa kesini aja 30 ribu soto sapi nasi kenyang parah <links>,non_porno_non_prostitusi
terlau banyak cerita semoga mulai hari ini semakin dewasa dan semoga di umur yang berkurang ini bisa lebih baik lagi dari sebelumnya,non_porno_non_prostitusi
ngentot banget selalu men dewa kan bule lu sok kebarat baratan lu tahu berapa banyak lulusan universitas bule yang begonya meminta ampun 1 2 3 amien rais 4 rizal ramli 5 andi malarangeng 6 mereka semua bajingan,percakapan_porno
ngewe tk tahu tmpat,percakapan_porno
gue waktu sd pas gue lagi duduk dekat bibi tukang es anak kelas gue yang cewek cewek pada teriak siapa depan kitaaa j a b l a y kampungan anjrit tauga kamu pagi pagi diejek jablay padahal tak tau apa apa,percakapan_porno
kalau kamu berani berbicara ke orang lain jablay berarti kamu juga harus terima diejek jablay,percakapan_porno
kek lagi ngentod mulut terbuka jempol ke bawah,percakapan_porno
gue rasa kamu keliru aja kamu hanya melihat kebanyakan orang orang sukses dan menikmati hidup yang kebetulan seorang gay jangan mendorong diri sendiri ke hal yang sebenarnya tidak pasti apalagi yang didapat dari kehidupan orang lain you have many people love u jadi hidup bahagialah dua jari membentuk v atau isyarat kemenangan atau isyarat damai jantung atau hati,non_porno_non_prostitusi
sesekali gue mau kyowo di depan kamu lah sok wajah lega jangan kuat dong gue saja tidak akan kuat ambekin lu masa kamu toge ambekin cowok ganteng,percakapan_porno
kepin sange <links>,penyebar_konten_porno
open bo 1jam 500 bebas crot full service lagi ada promo nya bisa tidak kondom buat yang jelas saja rr dm chat amplop dengan panah buat yang jelas saja basa basi omong doang blok akun real khusus nya area hati yang berputar solo menunjuk ke kiri <links>,penjaja_seks
geli sama gay tapi instagram story nya pelangi,percakapan_porno
jamil jablay militer wajah gembira berurai air mata wajah gembira berurai air mata wajah gembira berurai air mata tapi om ku namanya jamil wajah menangis keras atau menangis tersedu sedu wajah menangis keras atau menangis tersedu sedu wajah menangis keras atau menangis tersedu sedu,non_porno_non_prostitusi
ya jelas bohong lah miftihhh kamu tau sendiri chika jablay,non_porno_non_prostitusi
kenapa ya aku selalu dijadikan tempat pelampiasan dasar kntl mengedipkan mata,percakapan_porno
lu tidak jelas bol ngentod,percakapan_porno
ngpain bli wewe mwu d eue yh,percakapan_porno
adek psk apaan sih aq ha ga begitu denger adek lpsk ada l di depannya gue gebuk kamu masih pagi oi mules banget,percakapan_porno
iya mending bikin sendiri tapi warmindo juga menunya banyak jadi ingin ayam bali bubur kacang ijo motekar depan kampus,non_porno_non_prostitusi
ngaceng maz,percakapan_porno
aneh banget kamu lesbi,percakapan_porno
lo yang mencari ribut lebih dahulu siapa juga yang mau di meladeni sama kamu kontol tolol kamu norak kek beginian saja pakai di theread norak gua dari awal direct message baik baik biar tidak di ribut malah kamu yang mencari ribut mau panjat sosial bilang,percakapan_porno
<links> < ngentot bugil foto cewek bispak toket gede meminta disodok2,penyebar_konten_porno
kontol kamu juga kecil hahahaha,percakapan_porno
lu pikir cuma gay doang yang bisa kena hiv belajar sex ed lagi yuk <links>,non_porno_non_prostitusi
emang sudah kepribadian kamu saja itu mah tidak usah bawa bawa astrology astrology tai anjing titit,percakapan_porno
karena badan aku gede sering banget di ejek kontol kamu sebesar cabe rawit segede kutil paling sebesar jempol pas sudah aku show insecure kamu tah monyet,percakapan_porno
ngentot kamu wkwkwkk,percakapan_porno
rahimku hangat aku ngaceng lihat kamu tapi kok kayak kasar banget yang kedua,percakapan_porno
nih cowok anjing banget hidupnya butuh atensi warganet tidak usah sok goblok begini bro malu sama titit lo rebel banget jadi orang hidup <links>,percakapan_porno
pagi say wajah tersenyum dengan tiga hati hati mawar open bo rr by dm wa 0895 3098 5460 bocilacap bokingancilacap openbocilacap availcilacap wpcilacap angelcilacap bisyarcilacap bispakcilacap availpurwokerto bisyarpurwokerto openpurwokerto bopurwokerto bokinganpurwokerto bispakpurwokerto <links>,penjaja_seks
nete dulu biar tidur wkwkwkwk,percakapan_porno
hy perek,percakapan_porno
pengen tertawa aing aku bukan orang baru dimari sini kalau ada yang open video call sex 100rb 3jam aku order 24jam menyeringai menyeringai bukan tarif aku yang mahal tapi kamunya yang tidak punya duit alias k r puas puas puas <links>,percakapan_porno
mau nete,percakapan_porno
gw bukan orang suci dan tidak mau sok suci gue juga sering bercandaa sama memaki dia open bo kayak mending kamu open bo saja rin banyak duit nya cuma itu bercanda dan dia juga sahabat gw beda hal kalau kamu memaki orang yang tidak di kenal lonte itu nama nya kamu tidak berahklak anjing <links>,percakapan_porno
ngentot lu,percakapan_porno
lu lanjut gue pap kntl,percakapan_porno
titit ku sakit yang jebolkan kamu mulu g,percakapan_porno
yang salah bukan orientasinya ini soal kesetiaan dan gaya hidup iya mungkin dia bisexual atau gay yang belum out of the closet tapi kalau sudah nikah apa harus banget menyakiti keluarga kecil kamu demi melampiaskan hasrat sesaat <links>,non_porno_non_prostitusi
duh toge kencang deh bikin brrrr,percakapan_porno
nahhh ini kalau kamu gay enggak usah menutupi dengan pernikahan kasian anak orang mending kamu diam lu main lubang deh itu sampai mati,percakapan_porno
ngewe mulu pikiran lo,percakapan_porno
hoy gue memang suka ngbrol sendiri begini daripada harus mengotot emosi sama orang bencong tidak punya banyak wktu,non_porno_non_prostitusi
bacot kamu ngentot,percakapan_porno
lu kalau jablay jablay ajaa tidak usah make sok sok nge bungkus diri kamu dengan hijab kasian hijab lu,percakapan_porno
saya tidak perlu bos saya pengemar bung binder dari justin kontol kamu bilang itu ke laliga apa larang pemain yang ingin pergi,percakapan_porno
idih bacot fakta sebenarnya lu itu memang tidak bisa dan tak pandai bergaul kontol <links>,percakapan_porno
jadi mau nete ni,percakapan_porno
yaudah kamu jadi toge aja,non_porno_non_prostitusi
santuy bro lagian itu kamu bercanda sange berkeinginan untuk ngewe pun suatu hal yang alamiah,percakapan_porno
sedihnya double sih sudahlah diselingkuhin eh selingkuhnya sama cowo tolonglah itu urusan kamu untuk jadi lgbt tapi jangan nyeret orang lain ke dalam masalah lu <links>,non_porno_non_prostitusi
main rupiah saja sudah kamu ngewe via ketikan nah baru ranah hak kewajiban kayak katalu,percakapan_porno
sumpah gue tidak mengerti sama orang yang bilang aku tidak setuju sama lgbt ya terus walaupun kamu tidak setuju ya kita akan terus ada itu sama saja kayak bilang aku tidak setuju dengan penempatan batu ini batu itu akan terus ada di tempat itu dan kamu tidak bisa apa apain,non_porno_non_prostitusi
yaudah sehat sehat kamu iya di luar rumah kalau bengek batuk batuk enggak usah ke rumah sakit ya kontol,percakapan_porno
kok bisa sih ada manusia manusia tega dan biadab kayak begini sange boleh jahat jangan,percakapan_porno
ga pandang kamu sahabat gue ekwk habis nya taisih gue disindir katanya mau merebut kan ngentot,percakapan_porno
goblok orang sudah nikah dijulidin yang lgbt direspekin bisa jadi hidup mereka lebih bahagia daripada kamu semua,non_porno_non_prostitusi
urusan kontol kamu ributin giliran urusa nyawa mmf mas bukan urusan kita,percakapan_porno
nikah biar menghindari zina ada benernya juga sih tapi nikah tidak cuma persoalan ngewe doang anjir banyak hal hal lain yang kamu mesti siap hadepin kedepannya dan itu lebih jauh lagi karena tanggung jawab seumur hidup,percakapan_porno
kalau mu nete nete puny nya makasih,percakapan_porno
trigger mau berbicara kasar halah anjing giliran begini kamu kaget pada kntl,percakapan_porno
open vcs cs ps camsex nobasabasi wa 083136337843 mumpung promo gratis video and foto yg ikut vcs real dan terpcya basabasi auto blok no php vcsbugil bokepviral vcs memekperawan openvcs vcssange videomesum vcsberbayar vcsreal bokepsma vcsyuk trustedangel open <links>,penjaja_seks
woy kamu diejek perek tidak marah,non_porno_non_prostitusi
𝟎𝟐 𝐂𝐡𝐚 kenal cha dari 2014 pas kita ngebangun wixst ya cha itu benar benar definisi orang yang dewasa banget tem,non_porno_non_prostitusi
bilang pemuja plastik kontol kamu laki suka kpop tapi dia yang kepo lo kontol,percakapan_porno
itu biji kontol kamu dap,percakapan_porno
mau seberapa panjang atau gede kontol kamu kalau guany tidak ada rasa sama kamu ya buat apa wajah menangis keras atau menangis tersedu sedu dua telapak tangan menempel terbuka ke arah dalam,percakapan_porno
paling benci orang yang bilang terima kenyataan bahwa dunia memang tidak akan selalu berjalan sesuai keinginan lo buat membernarkan bad attitude kontol,percakapan_porno
ngentod sudah bisa nih,percakapan_porno
semakin dewasa semakin ngrasa lebih nyaman mendem semua sendiri daripada cerita ke orang lain,non_porno_non_prostitusi
udah di kasih hati malah meminta kontol dasar mmk,percakapan_porno
yang tidak open bo cokkk,percakapan_porno
lah benar dong privacy sih privacy tetapi jangan menyalahi aturan jg kalo disebut anak bukannya masih under 18 lo mau anak kamu menyimpan video porno kan enggak,non_porno_non_prostitusi
modal cantik doang adalah tidak usah bangga kalah kamu sama banci thailand,percakapan_porno
lah sepertinya kamu salah menangkap deh lagian anya bagikan foto sexy kan karena dia memang pengen bukan ingin di lecehkan jefri juga ngeup foto karena dia ingin dan bukan ingin dilecehkan seperti rahimku anget jadi kalau foto gue dengan baju tertutup terus tiba tiba ada yang bilang ngaceng itu salah gue jg,percakapan_porno
kamu mencari pacar apa mencari buat dijadikan lonte anjim,percakapan_porno
han anjim bisa2nya lo ngentot sama hao gimana ceritanya shshs stress gue,percakapan_porno
woy kelakuannya kayak binatang banget knpa kamu tidak perkosa jablay saja anjing kenapa harus anak kcil wajah sangat marah wajah sangat marah,percakapan_porno
ya kan pantat emang bolong meng,percakapan_porno
kalo ngentot sama rivaiju itu kira kira harua bayar berapa,percakapan_porno
nih daripada gabut indo squirt berkali kali <links> bokep ngewe sangeberat,penyebar_konten_porno
pagi sayang ready bo dan vcs bebayar dolar real akun 100 tanda centang tebal panah maju open vcs panah maju full body full face panah maju via rek atm panah maju chat via w,penjaja_seks
<links> bokep online nama nama video bokep foto memek thailand gudang video bokep japan unduh gratis video porno korea menonton bokep terlaris bokeb 8 dokter toge vdio porno xxx hot thailands,penyebar_konten_porno
saudara yang dari kecil selalu sama² kmna² brsama ada masalah saling cerita bertengkar selalu sama² sampai dewasa jg kini telah menikmati khidupannya yang semua orang ingin capai bersama anaknya yang unyu² sekalinya ketemu kok rindu akan masa² dl wajah sedikit tersenyum <links>,non_porno_non_prostitusi
anak lonte sama dengan sih deny tapi baru dijitak saja sudah menangis nangis umak kamu sudah tidak ngelonte lagi iyaa pepeknya sudah busuk anak yang keluar dari pepek lonte sudah busuk ciri cirinya kayak kamu itu jangan ngeles kamu loe anak lonte lonte murahan pula itu wajah tersenyum lebar dan mata tertutup wajah tersenyum lebar dan mata tertutup wajah tersenyum lebar dan mata tertutup wajah tersenyum lebar dan mata tertutup wajah tersenyum lebar dan mata tertutup,percakapan_porno
cowo kontol lo,percakapan_porno
apa ya garis merahnya sex education sudah menonton cuma masih kurang paham konflik cerita nya apa,non_porno_non_prostitusi
broken home kamu bercandain tidak lucu kontol dikata enak punya keluarga tidak lengkap,percakapan_porno
lu lgbt ya wajar kamu bela lgbt wajah gembira berurai air mata,non_porno_non_prostitusi
mau banget nete toket nya tante tokket nya menggoda tan,percakapan_porno
apaan anjg mau ngewe lo,percakapan_porno
allah hu akbar hum iya pegam tamam alim kofar kok dena chaty hain amn sayang raho orang muslamano sayang pangy mat kamu quran pak ki orang rasoollah sallahu elahi wasallam ki be hurmati mat kro nahi tumhare naslon kok khatam kr daein gay ashy rasoollah sallahu elahi wasallam iya majma lhr kakak <links> <links>,non_porno_non_prostitusi
dsr banci mau mengamuk kalau bgitu,percakapan_porno
dasar lonte tepos keparat lo kualat semoga melarat hei monyet segeralah bertobat,percakapan_porno
wajah gembira menyeringai wajah gembira berurai air mata berguling guling di lantai sambil tertawa terbahak bahak wajah tersenyum lebar dan mata tertutup wajah gembira senyum keringat jembut yang terpasang,percakapan_porno
engga mbak nya sudah jadi part of lgbt udah pernah belum mau mencoba sembuh dari lgbt yang dipercaya penyakit mbak nya sudah pernah belum depresi karena gangerasa sesuai masyarakat sampai 3 tahun sedih karena being different udah pernah ngebalik role belum,non_porno_non_prostitusi
gausah dengar lagu menonton boku no pico aja langsung kering pasti lu kecuali memang kamu gay,percakapan_porno
ukhtea lagi sange ingin di entot wajah memberikan ciuman dengan mata bahagia wajah meneteskan air liur mau lihat lanjutan ukhtea yang lagi sange langsung join kesini saja sayang → <links>,penyebar_konten_porno
jembut naga,percakapan_porno
kau gay dan kamu tahu itu salah kamu cuba baiki diri no problem kau gay dan kamu cuba perjuangkan kesongsangan kamu not okay,non_porno_non_prostitusi
wkwkwk lagian iya bang gue kasih tau nih lgbt itu tidak menular kalau kamu merasa diri kamu lurus selurus tiang bendera adalah santai saja tidak usah takut ketularan wkwk,non_porno_non_prostitusi
lo juga bacot kontol <links>,percakapan_porno
berarti kalau kontol kamu gue potong ya salah kamu sendiri kenapa kamu keluar rumah harusnya di kamar aja naluri gue tidak bisa dijaga soalnya kalau lihat cowok memang refleks mau memotong kontolnya cowok yang harus hati hati sama gue <links>,percakapan_porno
kan otak kamu di titit,percakapan_porno
kamu yang salah kamu yang galak ngentod,percakapan_porno
sekarang mencari cowok yang tidak gampang sange susah sekali nya ketemu yang tidak gampang sange malah gay ancur,percakapan_porno
dijual lagi gue kayak jablay,percakapan_porno
paku penanda atau pushpin udah avail bo dan vcs nih sayang pengeras suara minat isi slot nya paku penanda atau pushpin info rr real 100 panggilan masuk atau telepon masuk info dm wa 083805925088 bosemarang bookingansemarang exposemarang openbosemarang angelsemarang recomendedbo realangel semarangbo trustedangel vcscolmek openvcs <links>,penjaja_seks
coba deh bayangkan crush kamu ngewe sama orang lain bayangkan terus rasakan menyesal nya wajah senang atau tersenyum serius menyesal banget apalagi dengar dari mulut dia langsung wajah menangis keras atau menangis tersedu sedu note maaf tidak di sensor dilarang,percakapan_porno
lu bangsat dari kemarin homa homo gay gay,percakapan_porno
yang bermasalah itu lo goblok pakar bahasa dan dan ahli bahasa aja ngga repot kayak lo cari temen yang banyak bukan banyak cari sensasi dasar bocah ngentot <links>,percakapan_porno
gue sebenarnya gapeduli kamu mau lgbt itu urusan masing2 tetapi kadang ada perlunya kita dengarkan kalau orang mengingatkan ini menyalahi kodrat sebagai manusia kalau sudah diciptain bentuknya kayak begini kamu harus nerima kamu harus menolak kalau hukum alam sudah menentang kodrat yang kamu mau,non_porno_non_prostitusi
kek lonte lu,percakapan_porno
makanya nonton bokep biar ngrti,percakapan_porno
aw aku soft nyahahaha lu salah besar kampang,non_porno_non_prostitusi
avail slot terbatas cek rr wa 085770190458 bojakbar openbojakbar codjakbar bojakbar openbojakbar codjakbar availjakbar bobandara bocengkareng openbocengkareng excludebandara exclude bogrogol openbo botanggerang <links>,penjaja_seks
terus maunya sedikit sedikit nete gitu,percakapan_porno
emang denny tinggal di medan di jakarta biasa bilang gue tabok loe tidak banci kok ente saja gaul sama mereka jadi tau ya he he he senyum keringat senyum keringat senyum keringat,percakapan_porno
hello say aku lagi open say buruan chat aku ya php blok yaa wa 088242431523 line syalala s tanda cium mata sepatu hak tinggi lipstik bank kantung uang yen dolar uang bersayap kartu kredit tanda dolar tebal camsex camseks bokepsma bispak toket mosex vcs meki fuck camseks camsex avail bandungseks mom cock milf hypersexual openvcs toketbrutal,penjaja_seks
positif thinking saja slur mungkin anaknya sering main bareng di rumah sama temannya terus ngumpatnya anjay lihat anjing mengomongnya itu anjir papah ngecengin adeknya mungkin di rumah anjay lu ya jadi secara general bngst kntl mmk dan kawan kawan tidak diajak buat ikutan wkwk,percakapan_porno
cukur jembut kalau punya pacar doang,percakapan_porno
pak gay fitnah lo,percakapan_porno
hehe kamu banci yh,percakapan_porno
terkait twit saya sebelumnya tentang gay saya dapat info dari seorang ikhwan jaazakallaah khoiron akh bahwa ada pelaku lgbt yang terjerumus karena sebelumnya mrpkn korban berikut salah 1 contohnya panah kanan <links> jika ada kenalan yang terjerumus lgbt bisa diarahkan ke lembaga tersebut untuk advokasi,non_porno_non_prostitusi
masi tidak habis pikir org yang sanggup beginikan cewe kenal juga kaga psk banyak murah juga gitulo ato kalau kere menonton bokep kan gasusah ya gartis jg yakali otaknya letak di kont l elaah,percakapan_porno
mana ada cd cewe gambar titit goblog lo,percakapan_porno
lah itu apanya yang mau dmaapin teelny saja isinya hardikan semua berasa suci dan smpurna padahal lagi teriak pecun dan harga diri itu paling kenceng takut kucuran dolar singapurnya terancam,percakapan_porno
asiklah pernah lihat kamu ngentot wkwk,percakapan_porno
iya titit kamu doang yang gede yang lain adalah lihat nya pakai microsoft,percakapan_porno
njeng mksud lo ap smpe buat acc baru lonte fak <links>,percakapan_porno
om dedy dan boyke kaum gay kah mereka kan judge bukan menjalani ibarat kata kamu nasehati teman kamu yang habis bangkrut kehabisan uang kamu suruh sabar semangat duh kamu tidak merasakan bagaimana rasanya bangkrut itu yum atau enak atau lezat,non_porno_non_prostitusi
lhaa waktu itu ada yang disembunyikan di vagina perempuan malah mana paketnya gede banget sedih atau cemberut ngilu melihatnya dikeluarkan juga edan sih titip yah tarot reading include face reading <links>,percakapan_porno
merah lezaaat anjing perek,percakapan_porno
masyaallah demi kelangsungan legasi islam yang benar pas dan umno lupakan perbedaan politik semakin parah sudah nih lgbt sudah menular teruk jakim pas umno <links>,non_porno_non_prostitusi
besok minggu ya kalau bisa bangun pagi senyum keringat,non_porno_non_prostitusi
gue baru bangun tolol kali padahal nanti pagi harus keluar lagi ke pet shop lagi mengurus stnk tidur lagi tidak kamu kampang marah,non_porno_non_prostitusi
kepret wingi tekan warung wesoh nggae ini lakok aku memuter sakwenake dewe sampai muncrat kenek klambie orang woooo untung nggae masker cak orangnya gaero raiku,non_porno_non_prostitusi
kalo tolol di pikir pak biar tololnya itu tidak kebangetan benarkan dulu itu ereksinya gay kok bangga ingat itu kaum sodom dasar tidak berotak ikan,percakapan_porno
kepala kamu petak bukan kriminal 1 trus uud zina itu buat apa kalo belum cukup ilmu pergi sono kepulau bertapa dulu yang baik jangan asal nyerocos 2 bagian mana dari pancasila yang membolehkan lgbt lu ajak kawanan kamu pergi ke negara yang membolehkan perbuatan lu <links>,percakapan_porno
orang melakukan gerakan meroda masa gua di ewe salto sih bangsat dah gila tolol di ewe salto wajah menangis keras atau menangis tersedu sedu wajah menangis keras atau menangis tersedu sedu wajah menangis keras atau menangis tersedu sedu,percakapan_porno
iya karena mereka rajin ngewe nder,percakapan_porno
meanwhile para cewek bawa perasaan di reply base jangan tertipu sma yg typing ganteng pasitu gw dapet ternyata cewe takutnyaa diahh lesbii anjing siapa suruh kamu bawa perasaan gara gara typ terus mengira dia cowo kalau lesbi juga tidak mau sama cewek cringe surat pemberitahuan tahunan kamu huh,percakapan_porno
palalu tidak mengganggu belum pernah ketemu lgbt kamu ya jadi tidak pernah merasakan diganggu am dia2 yang pada lgbt,non_porno_non_prostitusi
parah parah ditagih malah kayak gitu sudah 3bln bangsat benar tidak dibayar2 gawe lamaan kamu kok uangnya tidak kelihatan marah kntl,percakapan_porno
titit kamu diejek nih,percakapan_porno
makasih sudah mau jadi sosok yang mau dengarkan keluh kesah tidak penting saya pada dasarnya saya nih masih bocah banget hshs semisal mbak bilang saya keren banget bagi saya mbak kare itu dewasa banget jangan sungkan buat berbagi cerita sama saya ya mbak semangat terus,non_porno_non_prostitusi
matamu diam lo kntl kembali overthinking,percakapan_porno
diam kamu dulu juga bencong,percakapan_porno
ga mengaca kamu jablay,non_porno_non_prostitusi
tiga mucikari di koja diringkus polisi terbukti melakukan praktik perdagangan anak di bawah umur <links>,non_porno_non_prostitusi
halah kontol kamu njing brisik ajey mau ngalihin twit kamu yang kamu apusss,percakapan_porno
nyesel kan memilih gue jadi crew kecerdasan spiritual lo wkwk iya menyesal saja tidak apa apa gue juga menyesal kok sudah kasih proposal list sponsor buatkan layout ava video kamu juga wkwkwk kamu bertanya gue pikir kalian tidak waktu gue keluar tidak lah anjir kemana saja kamu dulu waktu gue pikir kencang sampai ngaceng <links>,percakapan_porno
oji ketahuan selama ini dia mucikari,percakapan_porno
sebener e aku tidak maho tetapi bagaimana lagi menunjuk ke kanan menunjuk ke kiri,non_porno_non_prostitusi
kangen sama bunduls via line banget kangen janda time antara aku mika onti isil aramaru ini bukan janda jadi buang aja terus kita membicarakan lelaki brengsek kangen juga sama duo jablay laki laki bunduls alias sih sandy sama magu benar benar kayak jablay kamu bedua,percakapan_porno
mucikari ditangkap paksa anak di bawah umur jadi psk layani 5 pria hidung belang setiap hari <links>,non_porno_non_prostitusi
wkwk sok tau kamu kungkungan jurig dia gay kamu apa geylo,percakapan_porno
sebelom bangsat kayak disu ini hapus akun meninggalkan jejak ah otak sama kontol kamu sama sama tidak punya adab duuu,percakapan_porno
eeee bencong ini itu bisa paylater ya tolong jangan kayak orang susah please deh dasar miskin,percakapan_porno
gj ngentot gue cambuk kamu kalau ketemu wajah marah dengan ucapan kasar,percakapan_porno
open huruf b golongan darah b huruf o golongan darah o kota palembang ready vcs hati yang berputar mawar hari ini aku open promoya mawar jangan sampai ketinggalan tersipu atau tersenyum dengan mata bahagia bopalembang openbopalembang,penjaja_seks
pentes sok keras pengangut lgbt juga sih lo enggak salah iya iya,non_porno_non_prostitusi
gay culture kamu ngondek nggak kamu sixpack kurus atau gendut kamu t b tai love is only love lo cinta gw atau badan gw atau ekpresi gender gw hah bisa bedain kan mana cinta mana nafsu soryy ngegas kzl,percakapan_porno
et berisik sudah kamu ngentot,percakapan_porno
cinta tidak harus memiliki kontol kamu bengek,percakapan_porno
jantung atau hati jantung atau hati ready openvcs 150k jantung atau hati pita pita cerita sex pap 100k pita pita yuk mumpung kosong menyentuh hati atau memberikan ciuman hati dm hadiah wa 082387790114 openvcs vcsberbayar vcssange vcsreal openvcsreal vcsreal vcshot vcstrusted vcskuy vcsyuk cs ps phonesex papsex vcsbugil bugil ceweksange videocallsex vcswa <links>,penjaja_seks
siluet sedada dua orang anjir gue kira kamu lesbi vhil taunya suka cowok juga senyum keringat siluet sedada satu orang ya menurut ngana gue suka cewek gitu mentang mentang tidak pernah cerita suka sama cowo lol siluet sedada dua orang ya kan dari dulu kamu kalau ditanya suka siapa tidak pernah memberi tau eh ternyata kamu suka oppa oppa juga kwkwkwk anjim lahh wajah bersungguh sungguh atau mengembuskan napas atau menahan kesal,percakapan_porno
brightwin stan kita tidak menyalahkan dia misal menonton karena bright tetapi tidak perlu sampai ngejatuhin menjelekkan jelekan win aku tidak suka fan amatiran kayak gitu kamu menonton bl cuma buat lihat visual dengan embel embel dukung lgbt tetapi jatuhi lawan being fake in publik buat apa cont,non_porno_non_prostitusi
kamu semua titit titit di gdm ya anjing lal semua menyeringai,percakapan_porno
baru ep 1 otak gue yang suka pikir kejauhan ini sudah meronta ronta terlalu lelah anjir kamu menonton elite belom lumayan itu ngewe nya,percakapan_porno
eh banyak lgbt yang lebih pintar dari lo coba main ke ig kamu bisa menambah wawasan tentang lgbt,non_porno_non_prostitusi
bukan lu ngentod tp bapaknyaaaaaaaa,percakapan_porno
kamu suka ngewe juga ga,percakapan_porno
youre sok fkcing moron takin anyone pic witout permission and bagikan it kamu pikir pas dia lihat kamu bakal langsung di notice diajak kenalan terus ngentot sampah lu kalau jadi gua langsung gue gebuk bawa ke security bandara kamu babi dasar kodok homo,percakapan_porno
jorok banget sih lis muncrat <links>,non_porno_non_prostitusi
anjing banget hidup kamu menyalahkan orang mulu kontol,percakapan_porno
hanya orang tolol bodoh sarap gila otaknya entah dimana yang mau open minded soal lgbt anjing udh diberi peringatan soal negara sodom bknnya jadi pelajaran malah menjadi nyari sela dari mulai hak asasi manusia sampai alasan lainnya supaya dilegalkan dasar anjing,percakapan_porno
jembut lu,percakapan_porno
yang kukawatirkan kalau ku bugil di situ kalau ngaceng,percakapan_porno
apa coba ngelecehin perempuan gitu kalau ingin tinggal cari yang open bo yang sama sama mau hhhhh,percakapan_porno
tl akun cowok yang skay skuy sana sini juga bukan berarti dia ngewe sana sini ya memang cara kerjanya begitu tapi kamu tak tau kan banyak juga cowok ada niat cari satu cewek buat dibawa ke hubungan yang lebih serius,percakapan_porno
alasan saja ngentot meramaikan cirik kok lai kaya kamu yang ga goblok,percakapan_porno
oji oji ojii keren banget kamu nakk ola olo hoha hoho tapi ternyata badass banget bakat banget memang jadi mucikari jiwa2 psicopatnya memang pas oji itu otaknya jahat banget tapi kenapa termaafkan wajah senang atau tersenyum malah dukung banget buat dia lolos dari polisi,percakapan_porno
yaelah gue saja tidak mengeblok kamu padahal tiap hari gue lihat twit anti pelecehan omong kosong kamu tapi kamu sendiri jadi meki,percakapan_porno
pengen rasanya mute kata kata lo adalah enak ho wkwkwk kontol <links>,percakapan_porno
tawa kamu toge tanpa ekspresi,non_porno_non_prostitusi
freedom of speech katanya kita tidak bisa sama sama lagi kita beda pemikiran beda tujuan semua orang juga beda beda tujuan ngentot cuma kebanyakan disamakan biar sok sok romantis brengsek cuma pelacur yang suka gonta ganti peler fuck the game braaaahh jari tengah,percakapan_porno
jadi menurut kamu orang yang baik itu setelah keluat dari penjara jadi lonte ya den hadehh otak kamu ya den,percakapan_porno
omoo masak kita lesbi wajah menangis keras atau menangis tersedu sedu wajah menangis keras atau menangis tersedu sedu wajah menangis keras atau menangis tersedu sedu wajah menangis keras atau menangis tersedu sedu,percakapan_porno
ayah mengapa aku open bo,percakapan_porno
hidup kamu terlalu kontol untuk hal yang tidak penting,percakapan_porno
suka kok sama kaum gay banci menari menari tidak jelas gue pernah kelai sama orang di ig dan dia balas begini sok sok pakai bahasa inggris lagi jijik gue ashuu lihat kelakuan orang kayak begitu tidak bisa menghargai orang lain,non_porno_non_prostitusi
ready ya beb menyentuh hati atau memberikan ciuman hati open pijit bo adi sucipto sayang rr direct message free wajah tersenyum dengan tiga hati wpjogja jogjaopenbo jogjacrot jogjanakal jogjabirahi jogjabispak wisatalendirjogja wpjogja pucukbirahijogja ayamkampusjogja kimciljogja <links>,penjaja_seks
aahh winwen syial kenapa harus lesbi my typical of my girl bgt,percakapan_porno
open vcs ready yaa menyentuh hati atau memberikan ciuman hati bagi yang minatdanserius ya wa 08982801177 vcsreal availvcs vcswhatsapp vcsberbayar vcscolmekk vc vcsready vcstrusted vcssangek vcsrealpict vcsberbayarpulsa realaccount vcsyuk vcscroot openvcs realangels trustedangel realbo <links>,penjaja_seks
malem ini aku open bo syg wanita menari wa 085267366544 availlampung openbolampung ready4bo ceweksange cewekbispak cewekbo ceweklampung realangels realaccount bisyarlampung bispaklampung includelampung excludelampung angellampung <links>,penjaja_seks
bikin ngaceng kontol tante,percakapan_porno
lupa2 ingat aku kayak nya teman kecil begitu yang akhirnya bersama setelah dewasa jadi melewati banyak hal kayak mereka smsm punya mantan sebelumnya putus menyambung tetapi saling cerita begitu kayak ttm kaliya,non_porno_non_prostitusi
jangan harap gue mau meladeni atau balas chat atau angkat telepon kamu lagi ya kontol anggep saja kita tidak kenal bye anjing,percakapan_porno
gue tidak menyebut kamu lonte kiyoko san si jigong tsumu bukan gue termenung atau wajah merenung atau wajah menyesal maaf kiyoko san,percakapan_porno
gapapa kalau kamu belum mau cerita kesiapapun tentang masalah mu itu salah satu tanda kalau kamu sudah dewasa kamu merasa bisa handle masalahmu sendiri dan tidak mau bikin orang terdekatmu sedih atau ikut kepikiran wajah senang atau tersenyum,non_porno_non_prostitusi
halo sayang open lagi yah vcs nya info rr wa ya bisa test vc wa mawar 082244694246 kotak suara dengan centang via rek kotak suara dengan centang via pulsa vcsreall vcsyu,penjaja_seks
cebong mana bisa ngaceng melempem,percakapan_porno
akan tetapi kadrun dan petinggi2nya tidak setuju dengan ini bagi mereka semua musik haram kecuali film bokep tapi nontonnya diem2 kadrun bangkek,percakapan_porno
ready vcs dolar real akun 100 tanda centang tebal panah maju watshapp 083160163683 panah maju line tetesiana tanda cium vcsindonesia vcswhatsapp vcscrot vcsberbayar vcsreal vcscroot availvcs vcscolmek vcsbugil vcsindonesia vcs openvcs <links>,penjaja_seks
titit kamu norak amat,percakapan_porno
aku tidak nete,percakapan_porno
caper banget kaget gue kalau kamu jadi jablay,percakapan_porno
kontol kamu sender hira matikan saja secretonya jangan diliat kamu should take a rest hati biru,percakapan_porno
kalau sudah ngewe perewean otaknya memang suka ngadet ya km,percakapan_porno
titit kamu mau terbang ya stod,percakapan_porno
met hari jumat jangan lupa potong kuku dan cukur jembut,percakapan_porno
suatu hari di tongkrongan a oy kamu mau minum minuman beralkohol b mau a kalo ngewe b jelas dong mau dong a kalau makan babi b hehe a kenapa b ada cacing pitanya coy,percakapan_porno
dear my future partner tolong terbuka gue tidak masalah kalau tau tau kamu gay karena gue juga bi tapi please banget kalau kamu sudah main anal2an atau jajan di luar gue tidak marah yang penting jangan meminta jatah lagi ke gue sudah begitu saja <links>,percakapan_porno
muka kamu kayak kontol be lyke <links>,percakapan_porno
samaaa kenapa gue malah semangat banget mendukung mucikari wkwwkwkwk by the way gue masih episode 5 sih belum selesai wkwk tetapi seru bgt wajah gembira berurai air mata,percakapan_porno
lu pada punya tidak teman yang memikirkan ngewe nya orang <links>,percakapan_porno
bh psk,percakapan_porno
avail hari ini st lt jantung atau hati cek rr dm 085892152163 bobogoropen availbogor angelbogor bobogor openbobogor bisyarbogor b,penjaja_seks
yallah nete gatuh,percakapan_porno
lal yang namanya jorok alias penis,percakapan_porno
trus meminta dicariin masseur yang di bawah 500 badan oke titit gede haloooh 150 juga ada emang dasar dianya saja yang pilih2 jare orang jowo kuwi lah njeprah neng setiabudi kuningan benhil badannya juga mulus2 pas gak kayak yang dipuja puja sama dia gendats dekil ga sopan,percakapan_porno
pernah enggak sih tidak mau memegang uang samsek kaya menyimpan uang juga di rekening ibu saking takutnya ngespend uang gabener kanbisi iseng iseng open bo terus ketagihan contohnya kan anjing mengumpulkan bulanan habis beberapa jam wajah menangis keras atau menangis tersedu sedu,percakapan_porno
klo begitu kamu gue katain kontol,percakapan_porno
ngardus sama bencong aja,percakapan_porno
padahal kamu yang menjauh in gw setiap gue nge notice tidak direspon ditanya selalu tidak suasana hati mau mu apa kid sampe mengetik gue sombong kamu tau titit kulum dah kulum wajah sedikit tersenyum tangan terkepal ke depan berkulit putih kuning langsat,percakapan_porno
selain keluarga sedikit temen yang menemani gue saat lagi fight struggle ya kpop terus kamu yang bahkan bukan teman gue tidak peduli sama gue tiba tiba datang dan bilang lo gila ih fanatik kok suka sama bencong heh ngaca lo ngaca sehat lo hah,non_porno_non_prostitusi
jablay anjir wajah menangis keras atau menangis tersedu sedu,percakapan_porno
sadar sil sil cowo adalah ke kamu cuma buat ngewe doang,percakapan_porno
kamu adalah frontal banget mengetik kontol,percakapan_porno
gw belum pernah ngewe ya ojinyang gue dapat contact person saleh mulu wajah terbalik,percakapan_porno
terus dibilang ga asyik ah lo banci saja belum keluar,non_porno_non_prostitusi
kayak kontol kamu paling gede aja,percakapan_porno
anjir sange ngewe sama cowok straight manly kontol gede minat booking whatsapp 085894931926 jakarta selatan only <links>,penjaja_seks
gendud tidak salah kurus juga tidak yg salah mulut kamu kontol <links>,percakapan_porno
hiii baby i m back cinta hati3 we all know yeeonbin gay termenung atau wajah merenung atau wajah menyesal tangan terkepal ke depan lucu banget mereka terang terangan wkwk,percakapan_porno
papa bolo bolo mama open bo berguling guling di lantai sambil tertawa terbahak bahak dua jari membentuk v atau isyarat kemenangan atau isyarat damai <links>,percakapan_porno
video bokep suami jual istri viral <links>,penyebar_konten_porno
intinya adalah bercukur jembut kamu lebat,percakapan_porno
ini hal tabu di indonesia lu ngapain update ginian min takedown cepet kaga ada kerjaan ape kalo mau sinopsis film thai yang lainnya aje ini film lgbt and orang indonesia masih banyak yang gabisa nerima hal itu lu perusahaan televisi besar seharusnya bisa memilah berita,non_porno_non_prostitusi
kontol memek ngentot 18 tetek nenen titit porno bokep lonte furry fancam bts blackpink bapak bangtan jin vkook jinkook taekook <links>,penyebar_konten_porno
pernah gaksih kamu kayak gemas nge shipper in bromance seseorang tapi bukan buat gay ya tapi memang gemas saja sama persahabatan lekat mereka ya begitu lah pokoknya memang gue gampang gemas sendiri dengan semua ke uwuan yang ada di muka bumi wajah memelas wajah memelas,percakapan_porno
baru tau penis bisa disambung,percakapan_porno
assuming they re straight itu juga tidak benar kali kalau memang ada sesuatu yang memang tidak sesuai sama prinsip hidup kamu iya di skip aja jelas jelas akun shipper kenapa kamu malah tidak memperbolehkan nge ship aduh tidak pahamdeh gue mau cari kesenangan di sini saja dibatesin kntl,percakapan_porno
oh kalau mau dihormatin dan punya harga diri itu harus real namja kamu pap kontol rl kamu men apa gimana serius nanya,percakapan_porno
lutfi hidup kamu ribet amat anjay anjrit anjir kontol memek lonte,percakapan_porno
avail video call sex notipu tipu amplop dengan panah cekk rr inbox langsung tanda seru berwarna merah whatshap panah kanan 083190498206 cincin id line desikartika06 vcsbugil vcskuy vcscrot vcswhatsapp vcsberbayar availvcs realvcs bokepviral vcsreal bokep bokepterbaru vcstrusted vcscolmek <links>,penjaja_seks
yg jelas penggemar lonte murahan mencari lonte saja cari yang diskonan mau apa loe sampah <links>,percakapan_porno
open bo solo yang valid bisa langsung wa 081477188632 yang punya dana nakal bisa langsung japri mumpung ada diskon wajah tersenyum lebar bermata hati dijamin tidak mengecewakan menyentuh hati atau memberikan ciuman hati <links>,penjaja_seks
bos dari tadi gue lihat lihat kamu membicarakan poligami mulu dah maap saja mau tanya memang nabi kita dulu alasan poligaminya karena istrinya tidak suasana hati diajak ngewe apa gimane yg diteladani jangan poligaminya doang dong sababmusababnya juga wanita tepuk jidat berkulit putih kuning langsat,percakapan_porno
psk nih menyeringai atau wajah tersenyum sombong menyeringai atau wajah tersenyum sombong menyeringai atau wajah tersenyum sombong,percakapan_porno
halah ribuan tahun jauh sebelum nabi kamu lahir yang namanya lgbt itu juga sudah ada buktinya sampai sekarang dunia masih baik baik aja dan jumlah populasi manusia juga semakin bertambah banyak emang dasar agama gurun saja yang homophobic,percakapan_porno
yuk hari ini aku mengambil 3slot yang mau isi slot ku dan cek rr langsung wa aja 085811962938 availbo openbooking openbo realangels recomendedbooking cewekbo availbooking cewebo openbobekasi cewekbookingan bisyar avail4booking bispak bookingnow bobekasi bekasi <links>,penjaja_seks
buat sender yang mengirim hatemail di secretonya ris kalo kamu mutual gue keluar sekarang kamu bajingan direct message gue kalau kamu bukan pengecut kontol,percakapan_porno
apansi kok bisa bisa nya ada yang dukung lgbt buat apa lu dikasih sama allah lawann jenis yang bentuk nya kayak gitar spanyol yang bentuk badannya melengkung semelengkung nya yang tete nya gede yang pantat nya montok malah suka sama yang sejenis aduh lgbt,percakapan_porno
avail open vcs cs ps dijamin real dan terprcaya 100 nobasabasi ya basabasi lngsung blok dijamin privasi aman 100 minat,penjaja_seks
nggak kalau kamu bisa straight bisa gay bisa saja kamu bi tapi ya gue kasih tau saja nih sexual orientation manusia itu tidak biner tidak hitam putih spektrumnya luas banget dan banyak kemungkinan,non_porno_non_prostitusi
kamu dewasa bahagia terus ya kalo kamu sedih aku tidak suka semesta bingung kalau orang bijak kayak kamu sedih xixixi tapi kalau kamu tidak kuat mau cerita toktoktok direct message aku ya,non_porno_non_prostitusi
sekolah menengah perek a,percakapan_porno
di postingan gay kamu ada di postingan nabi kamu ada juga,non_porno_non_prostitusi
lgbt tertawa senyum lebarasar kaum pompay,non_porno_non_prostitusi
selamat pagi open video call sex open member video gagang telepon wa mami 082284151941 <links>,penjaja_seks
fucekk ngentod,percakapan_porno
memang yang ini cerita naya dewasa sayang,non_porno_non_prostitusi
asade kontol sama kamu semua hahahhaha pake speaker anjgggg wajah menangis keras atau menangis tersedu sedu wajah menangis keras atau menangis tersedu sedu wajah menangis keras atau menangis tersedu sedu wajah menangis keras atau menangis tersedu sedu,percakapan_porno
lo mucikari ny,percakapan_porno
gajelas kamu kontol,percakapan_porno
efek psikologis lgbt yang kamu cuitin itu cuma versi padang pasir gue juga bisa bilang kita juga banyak menyaksikan efek buruk psikologis klenik padang pasir surat pemberitahuan tahunan ngebom2 rumah ibadah lain dan sebagainya menyeringai <links>,non_porno_non_prostitusi
diam kamu jablay abadi,non_porno_non_prostitusi
tolong ya jangan ngirim ngirim fotodanvideo nude di direct message terus maksa maksa meminta dibuatkan cerita sebagai imbalannya lah gue tidak minta siapa juga yang menyuruh kamu mengirim foto dan jangan meminta bokep sama mengajak barter koleksi ke gue kamu salah alamat senyum keringat,percakapan_porno
banci sange kayak gini biar kamu tau <links>,percakapan_porno
berguling guling di lantai sambil tertawa terbahak bahak berguling guling di lantai sambil tertawa terbahak bahak berguling guling di lantai sambil tertawa terbahak bahak berguling guling di lantai sambil tertawa terbahak bahak banci kamu kalau laki pakai ava laki biarpun dapat comot biar jelas kelamin lu jangan deket gue ludahin lu berguling guling di lantai sambil tertawa terbahak bahak berguling guling di lantai sambil tertawa terbahak bahak berguling guling di lantai sambil tertawa terbahak bahak berguling guling di lantai sambil tertawa terbahak bahak,percakapan_porno
paansi teman kamu kontol bgt perlu banget kayak begitu ngomongnya hhhhhhh sok iya banget kamu setan,percakapan_porno
wkwkwkwk lh aku sih cewek nya yang sok sok an pas sama gue alim pas sama mantan dia sama cowok baru nya seperti open bo wkwkw,percakapan_porno
srp ada ibu hamil ga jadi ingin ngentot memek ibu hamil yang binal frontal dan suka ngelonte pas suaminya gaada,percakapan_porno
kok bisa sih ada manusia manusia tega dan biadab kayak begini sange boleh jahat jangan,percakapan_porno
woi anjing pikir sendiri dong kontet babi kenapa apa apa menyontek apa apa menyontek tidak ada usaha kamu anjing mentang² gue dari sekolah favorit terus kamu bawa² sekolah gue biar dicontekin alah ngentot,percakapan_porno
lutfi padahal kamu pernah bilang jancong anjir anjrittt dasar dajjal pacar kamu tidak malu ya punya lu kalo kamu tidak bisa kalahkan orang lain dengan cara kamu sendiri yah jangan mengadu dong beraninya panggil orang berduit wkwkwkw banci,percakapan_porno
kontol kamu corona anjing jadi ribet mau ngapa in tolol,percakapan_porno
humor dewasa tarif sewa bencong update tiap hari jangan kelewatan lumayan dari pada lumanyun buat menghilangkan bete wkwk follow us humordewasa cerita lucudewasa humor humor lucu humorgokil koleksihumor kumpulanhumor humor indonesia ceritahumor humork <links>,penyebar_konten_porno
ngewe malu otak lo <links>,percakapan_porno
ga jelas kamu kntl,percakapan_porno
open di mana ka,percakapan_porno
kontol gue disuruh memberi saran tetapi giliran sudah memberi saran malah balik lagi ke forum terus forum nya saja tak tau harus apa tolol gaguna ah kamu anjg,percakapan_porno
bokep termasuk konten gak,percakapan_porno
extrcurricular series nya 10 episode sih wkwkwk vibe deg deganya mirip sama bad genius tent,non_porno_non_prostitusi
kita jangan jadi generasi p18 pergi pagi pulang petang pala pusing perut perih pinggang pegal pegal pantat panas penis penyakitan penghasilan pas pasan,non_porno_non_prostitusi
lu harus bahagia ketika kamu single dan appreciate this moment karena tidak ada yang ngusik kehidupan lu ngributi kamu di saat kamu lagi capek bacodin kamu di saat kamu lagi males tidak ada yang namanya heart broken mewek mewek sampai banjir kayak bencong,non_porno_non_prostitusi
kok kamu kayak kntl,percakapan_porno
avail lagi ya vcs nya openvcs sampai puas yang mau isi slot dm ya vcsreal vcs vcsberbayar openvcs openvcs vcsyuk vcskuy realvcs vcsbugill vcscolmek vcs vcsbugil vcscroot realangel vcscolmek realangel vcsbugil vcsbugil vcswhatsapp vcstrusted realangel,penjaja_seks
jono cita2mu apa kaya ayah saya bu gulu peternak ayam ayam kampus wajah senang atau tersenyum kesandung kursi,percakapan_porno
mawar hari ini aku lagi open promo mawar jangan sampai ketinggalan promonya tersipu atau tersenyum dengan mata bahagia buruan cek rr dm wa 6288271221438 panggilan masuk atau telepon masuk bunga tulip lendirklaten mekar kla,penjaja_seks
ngakak open bo wkwk,percakapan_porno
kaya begini ya pas debat mengomongnya gemeteran kayak mau nangis ketahuan sebenarnya jowanya penakut di teror saja menangis mengadu polisi ketemu sama felix kayak ayam sayur di media sosial gajar banget wkwkwk dasar banci ini sih siregar <links>,percakapan_porno
emang sih bisa ngaceng otaknya saja kusut,percakapan_porno
ngaceng,percakapan_porno
astaga ini di mengetren kenapa banyak yang open bo minggupagi minggurebahan,percakapan_porno
hi semuanya di sini ada yang ingin bantu kami untuk pembuatan video porno kami siap untuk dibayar butuhuang,penyebar_konten_porno
ngentot bikin kaget aja,percakapan_porno
erma cewek singaraja suka banget kontol <links>,penyebar_konten_porno
lo itu kayak kontol anjg,percakapan_porno
smk bokep sd bokep <links> 128364652,penyebar_konten_porno
begini nih kalau otak adanya di kontol mending kamu pergi open bo sudah biar makin fresh itu otak kamu yang di komtol v,percakapan_porno
tskg di bawah 18 tahun dilarang kei dan tobio tak pernah akur bahkan saat mereka melakukan seks kenapa kamu menutup mulut mu aku mau mendengar desahan seksi sang raja jangan malu ujar kei tobio menyeringai kalau begitu gerakkan penis mu agar aku bisa mendesah keras kei sial,percakapan_porno
kalo itu bukan penyakit harusnya kamu bisa lahir dari dari orang tua yang gay tuhan sengaja tidak naruh rahim di cowok biar kamu tau itu bukan tempat buang sperma,non_porno_non_prostitusi
nggamao elyn masih nete kan aku tidak ada tete,percakapan_porno
kenyataanya memang pahit bgt dan mau tidak mau harus terima itu banyak kok supporter lgbt yang sudah mengedukasikan kalo di negara kamu tidak melagalkan jalan satu satunya cuma pindah negara,non_porno_non_prostitusi
kenapa sih gue mesti menemukan kata homosex dan penis padahal aku butuhnya harta dan tahta wajah menangis keras atau menangis tersedu sedu <links>,percakapan_porno
lebay banget anjing yang kelahiran tahun 80 saja belum nikah santai2 saja kamu ingin nikah apa ikut ikutan ingin nikah ngentod,percakapan_porno
haha kenapa kamu yang sewot kalau mau cantik terkenal tidak ada ettitude yaudin jadi pemain jav aja bencong banget kamu jadi cowok wkwkw,percakapan_porno
sebenarnya kalau kita bilang anjing lo itu juga penghinaan disamakan sama hewan cuma kalau lonte ini penghinaannya ky menurunkan derajat wanita gt dan pada intinya berbicara kasar itu gadibenerin wkwkwkwk,percakapan_porno
yaa allah jablay dibawa bawa sih fia bhahahahak wajah gembira berurai air mata iya jimin juga cuteness nya makin makin nih sialan emang,non_porno_non_prostitusi
btw di sini gue tidak membenarkan pesta gay itu apapun yang namanya pesta sex sudah pasti salah mau itu heteroseksual maupun lgbt lagi pula lgbt itu bukan hanya homoseksual aja ada yang namanya biseksual androseksual dll disini gue cuma bantah perkataan kamu yang ada kata anjingnyawajah senang atau tersenyum,non_porno_non_prostitusi
open bo saja udah berpengalaman dijamin kuat tahan lama ready w a only sayang 083173180899 3some jilmek real gigolo partnersex jilmek jilatinmemek hypersex ngentot pasutri threesome,penjaja_seks
merk pit sing biasa liwat dalan kampungan perek umah pacific eksotik atlantis odessy aviator united polygon evergreen brompton rak mungkin,non_porno_non_prostitusi
anjing gue lonte memang terus kamu mau apa,percakapan_porno
mau bokep wa yuk 087790800975,penyebar_konten_porno
pagi jb atau ewe,percakapan_porno
wah mulus kyo kontol ku berguling guling di lantai sambil tertawa terbahak bahak,percakapan_porno
vcsbugill vcs vcscoli vcsgratis vcsyuk sange yuk gue cowok tulen,penjaja_seks
udah maunya di turutin mulutnya kotor dikira cewek tidak najis apa sama cowok kayak gini ngeledik anak lonte lagi dasar tutup gas gue geplak meleot pala lu,percakapan_porno
ready ya beb yuk isi slot nya wajah tersenyum dengan tiga hati wajah dengan mata berbentuk bintang wa 083115387837 wajah tersenyum dengan tiga hati 100 bojogja bisyarjogja bispakjogja wpjogja bojogjanodp angeljogja availjogja wpjogja readyjogja jogjacrot bojogja kimciljogja toge lendirjogja jogjaopenbo jogjacod realaccount jogjalendir <links>,penjaja_seks
gpp nanti ngewe muka nya di ttup bantal aja,percakapan_porno
tapi ada juga yang menyangka gue lesbi wajah menangis keras atau menangis tersedu sedu wajah menangis keras atau menangis tersedu sedu gara² ada sesama sering menginap tempat gw wajah menangis keras atau menangis tersedu sedu wajah menangis keras atau menangis tersedu sedu,percakapan_porno
gampang banget kamu mengetik lonte hh,percakapan_porno
rosenya avail nih,non_porno_non_prostitusi
ngentot kamu semua,percakapan_porno
tiap pakai foto bapak sih kalo pakai wonho kenapa gue merasa kotor berdosa pecun dan menjijikkan ya,percakapan_porno
udah mucikari loe wajah menangis keras atau menangis tersedu sedu,percakapan_porno
cerita dewasa janda kuatdiranjang beberapa wanita memilih menjanda kareba kurang puas diranjang dan ini fakta <links>,penyebar_konten_porno
kasurnya aku yang bereskan ya kamu potong rumput jembut eh salah rumput aja,percakapan_porno
kenapa tidak titit kamu saja yang dijual bangke,percakapan_porno
lo juga kalau goblok jangan di nampakin lgbt ada salah apa sih di hidup lo mereka bikin hidup kamu tidak tenang gitu,percakapan_porno
selamat pagi indihome kampang gangguan mulu tai,non_porno_non_prostitusi
cuma di ejek dasar handphone nya lesbi eh retak sendiri wkwkwk,percakapan_porno
mau di ewe,percakapan_porno
elah sinting bilang saja lagi titit kamu sering masuk ke lobang yang beda beda ya,percakapan_porno
elidah menjulur keluar nakal ceria atau mengejek dengan mata tertutupo kota bengkulu real angel avail ledis boking real accont no php info langsung dm wa avail buat pagi say exclude,penjaja_seks
promekiiii dasar bencong racikan,percakapan_porno
avail kalibatacity gedung kantor info dm rr or wa 083872558150 bojkt bokalibata bokalcit availjkt availjaksel availcod availkalibata openbojkt openbojakarta openbokalcit openbokalibata openbojaksel openbojakarta bojaksel bojaksel openvcs bispakjakarta <links>,penjaja_seks
dih maksudku kayak sahabat woy lonta lonte mulut kamu busuk banget cok,percakapan_porno
tidak ada bedanya sama mengetik kamu tolol sedikit sedikit ngentot sedikit sedikit ngentot,percakapan_porno
blgin ak jablay pun km gaakan sanggup bayar aku mz,percakapan_porno
jd ingat sampai sama sore sore mengukur toge,non_porno_non_prostitusi
ide samatoki lu itu brengsek hipokrit tidak tau diri gue tidak tahan lihat kamu masih idup ichiro oke tapi jadi ngewe tidak nih,percakapan_porno
open vcs berbayar real kembang api kembang api kembang api no tipu tipu 082179455719 vinagarut bugilhot vcsline vcsberbayarpulsa vcscrot vcs berb,penjaja_seks
gblk kalau misalnya ada yang tau mau kamu menyamperi gitu kontol,percakapan_porno
pernah muncrat ke muka teman gue saja pernah wajah menangis keras atau menangis tersedu sedu wajah menangis keras atau menangis tersedu sedu wajah menangis keras atau menangis tersedu sedu,non_porno_non_prostitusi
bego banget jawabannya kampung gue sebagai proplayer merasa terhina ada yang dinamakan detol mas please campurkain antiseptik detol ke air lalu usap perlahan ke daerah yang dituju wtf odol lo main sama kontol apa sama garpu tanah gue tanya busetttt,percakapan_porno
bo jogja bispak jogja cod vony malam ini tinggal 2 slot lagi ya say yang mau keep slot aku cus dm wa 083862163801 buruan slot terbatas,penjaja_seks
wah offensive banget pakai berbicara pecun cie,percakapan_porno
mau sama yang tua,non_porno_non_prostitusi
kran ini bocor dik kosku wajah menangis keras atau menangis tersedu sedu menyalakan sedikit muncrat kemana mana nyalain penuh malah mengajak tauran airnya wajah menangis keras atau menangis tersedu sedu,non_porno_non_prostitusi
cewe bilang ke cowok rahimku angret itu sama saja kayak cowok bilang ke cewek kontolku ngaceng tanpa ekspresi tanpa ekspresi,percakapan_porno
beli ls buat fangirling tombol silang putih dalam persegi hijau beli ls buat colok memek tanda centang berwarna putih,percakapan_porno
inilah memek tembem berbulu,percakapan_porno
yang merokok sambil naik motor kamu semua kntl,percakapan_porno
aku gemas banget ingin puk puk pantat kucing,non_porno_non_prostitusi
trs tb tb dia curhat nas gue ingin cerita gue tidak suka cewek nas gue gay lo teman kedua gue yang tau gue berani jujur karena i think kamu open minded nas ga akan ngejudge gue gue shock lah ya ini orang random banget tb tb bilang gt reaksi gue ya cuma bertanya balik,non_porno_non_prostitusi
hati hati botil nya ngaceng monyet yang menutupi matanya dengan tangannya tidak melihat kejahatan menyeringai wajah tersenyum lebar dan mata tertutup berguling guling di lantai sambil tertawa terbahak bahak,percakapan_porno
telat kamu ngentod,percakapan_porno
awalnya bener akhirnya kayak tai ini emang lu sengaja ya hah bayar 30k tapi duit yg di claim mesin cuman 20k abis itu status nya gagal heh ngentot lu kontol ngga terima guaaa ngga berkah lu,percakapan_porno
kenapa kamu ngentot,percakapan_porno
cewe semua dong kamu kira gue lesbi wajah menangis keras atau menangis tersedu sedu ga kemana mana bang fokus baca au,percakapan_porno
bales wa gue anjing 2 hari kamu diamkan bangsat lu bagikan postingan di facebook bisa update instagram story bisa cuma balas wa gue saja tidak bisa anjing tolol ngentot memek kontol jembut <links>,percakapan_porno
punya teman seperti pecun,percakapan_porno
ngentot kamu anjinggg tak tau diri bangsat,percakapan_porno
bacot kamu yang rendah kasian tidak ada yang ngaceng melihat kamu ya buzzer edan,percakapan_porno
anjing atan rep lu lewat tl gw mulu mana gw benci kimia kontol senyum keringat jari tengah jari tengah jari tengah jari tengah jari tengah jari tengah jari tengah jari tengah,percakapan_porno
hubungan nya dengan wahabi apaan emang selain yang kamu bilang wahabi memperbolehkan lgbt wajah berpikir,non_porno_non_prostitusi
so aku nak tanya pasal female orgasm sebenarnya perempuan oke ke kalau time sex tak orgasm dah ramai sudah aku dengar cerita ya,percakapan_porno
bikin sange mis gw takut tidak ada lawannya aja,percakapan_porno
kucing dijilatin anjing statusnya jadi haram juga tidak ya blok ya enggak lah lah itu psk statusnya jadi najis tidak dianggap manusia lagi karna mereka berakal kenapa tidak keluar dari zona itu oh ternyata akal kamu cuma sampai situ lah terus ya ya sudah tidak sampai yang ada kontra kalau dijelasin <links>,percakapan_porno
hello say aku lagi open say buruan chat aku ya php blok yaa wa 088242431523 line syalala s tanda cium mata sepatu hak tinggi lipstik bank kantung uang yen dolar uang bersayap kartu kredit tanda dolar tebal camsex camseks bokepsma bispak toket mosex vcs meki fuck camseks bokep camsex avail bandungseks mom cock milf hypersexual openvcs porn,penjaja_seks
pen jadi yang jantan tapi bisa ngewe kalau ingin <links>,percakapan_porno
gay itu bukan penyimpangan penyakit stop menyudutkan apalagi menekan mereka untuk jadi straight iya ngarti gak usah koar koar kalau kamu gay dan meminta semua orang untuk menerima bisa kan itu yang sex party pada punya istri masih saja kamu bela kamu berasa keren jadi sjw kntl,percakapan_porno
arek suroboyo tidak senang labrak media sosial kon tidak senang aku berbicara ojok koyok pecun jancuk <links>,percakapan_porno
mantap open video call sex sekalian,percakapan_porno
hmm ntab yummy pasutri kurang2in ngentod nya inget puasa kalo kjadian jgn mls2an keramas,percakapan_porno
ikr kamu cant have both worlds banyak gay yang konsekuen dengan pilihannya tidak nikah kalaupun mau nikah ya sesama jenis di ln adopsi anak dsb jgn kamu mau orientasi seksual jalan tapi punya istri dan keturunan juga trus gue tidak peduli deh orgy kayak apa kayak tetapi ini masa covid juga gt,non_porno_non_prostitusi
kalau gue sih iya terlepas nanti kamu mau ngewe apa engga semisal nanti setelah jalin hubungan lama dan memang ingin ngewe nih dan kalian dua duanya b terus mau gimana mau beli dildo,percakapan_porno
mangkal jadi psk saja akumah,percakapan_porno
ya bisa doong cairan itu mirip sperma cuma tidak ada spermanya kecebongnya jadi cuma cairannya aja bahkan ada riset juga asal muasal cairan tersebut dari kandung kemih atau tempat urine pipis berasal jadi tidak usah malu kalau kamu para betina orgasm terus muncrat cairannya,percakapan_porno
trus dia mengajak ngewe dong di dm tapi gue amatir anjir hahaha gangerti,percakapan_porno
ingin banget gue bilang bacottt banget ngentot mengurus banget hidup orang emak bapak gue tidak ribet kenapa kamu yang ribet anjir,percakapan_porno
anjg kamu sudah ngewe sama dia,percakapan_porno
capek banget anjing di salahkan mulu ngentot pulang kalau cuma marah marah mending tidak usah balik kamu tai,percakapan_porno
<links> < foto memek tembem tante girang ngentot porn xxx,penyebar_konten_porno
woh ada perebut laki orang nih dapat 1 unit apartemen mobil pajero operasi idung derajat nya diangkat dari dari pelayan jadi jablay hidup sosialita makan uang kuliah beuh emg dasar pecun okb <links>,percakapan_porno
temen kamu sange dan mau kontol gk,percakapan_porno
aku gendutan gak peduli mau kamu gendutan apa nggak yang penting tiap lihat kamu aku ngaceng mengedipkan mata mengedipkan mata,percakapan_porno
sok terlalu cakap banget kamu kontol roda berputar woi miskin tiba tiba ngemis kamu ke doi,percakapan_porno
gosah songong ya kontol ingat baju in kamu masih berasa enggak usah sok nge ignore gue saat meminta tlg kayak tidak ada kesan terimakasihh nya jadi manusia kontol,percakapan_porno
did kamu mean sydfarhan everyone knows dasar gay in closet bodoh dulu dia dump ex gf sebab kantoi mengunyit pastu pl — wow teaaaaa <links>,percakapan_porno
elu enak saja ngmong memaksa orang smbh elu tidak pernah merasakan sih jadi lgbt banyak faktor dari trauma lose of father figure lu pikir lgbt bisa di sembuhin itu habit namanya habit ya notabenenya memang sulit buat disembuhin jd jangan asal koar koar menyuruh brusaha seakan akan kita tidak b’usaha,non_porno_non_prostitusi
hmm kamu lewat kak mana nyeleneh lagi kntl wajah menangis keras atau menangis tersedu sedu wajah menangis keras atau menangis tersedu sedu dua telapak tangan menempel terbuka ke arah dalam berkulit putih kuning langsat,percakapan_porno
dan juga akan mengandung konten dewasa pada beberapa cerita di harapkan untuk tidak mengikutin akun ini jika belum cukup umur atau bisa melakukan soft block jika keberatan,penyebar_konten_porno
lol cerita yang membosankan tahap gaban aku bagi rating 1000000 10 untuk film ni jalan cerita macam wattpad tiba tiba jump dari scene ke scene penuh dengan adah sex scene yang overreacting dari massimo je ehek tak noob pun tak tengok,non_porno_non_prostitusi
lu kalau lagi emosi ribet kontol tidak usah belaga deh,percakapan_porno
asadekontol sama kamu semua ngentot ngentot sama kamu semua pokoknya orang orang pada ngentot,percakapan_porno
pernah dengar cerita dari teman ku yang pondok salaf memang di pondoknya bener² tidak pernah ketemu lawan jenis s,non_porno_non_prostitusi
pasti kamu yang teriak bencong bencong bencong bencong pas aku lewat ya marah marah marah,non_porno_non_prostitusi
lah itu kaki katak gue kira itu toge numbuh wajah menangis keras atau menangis tersedu sedu,non_porno_non_prostitusi
emang kamu mau di komen titit kecil di ruang publik,percakapan_porno
pantat jaehyun tepos,percakapan_porno
baca twit ori org tidak harus respek sama lgbt respek itu kayak duit kamu kerja u dpt bukan otomatis dpt respek ke lgbt itu kayak kamu respek sama tukang sayur ob kantor lo dlsb yang sewajarnya aja ada banyak hal yang lgbt perlukan yg kita tidak perlu adalah perlakuan diskriminatif perundungan itu,non_porno_non_prostitusi
iya mau jagoin ayamnya padahal bang jago ngaceng lihat paha ayam tetangga perkara nafsu birahi memang bik,percakapan_porno
banyak bcot kamu cwok2 tampang gay,non_porno_non_prostitusi
menurut gue ibarat kamu aneh kalau orang yang lgbt itu mau sembuh ya dari diri dia sendiri lah kamu mau paksa dia terapi 100x kalau dia nya tidak ingin sembuh ya tidak bisa sampai situ apalagi yang bisa kamu perbuat sudah kan sampai situ aja kamu mau paksa dia apalagi,non_porno_non_prostitusi
masih mending gue ngewe dibayar dari pada kamu gratis kalimat yang sering terdengar dari,percakapan_porno
pita avail bo jogja pita pernikahan include exclude morning sex menyentuh hati atau memberikan ciuman hati surel atau email atau surat elektronik info rr dm wa 089652325261 ditunggu say menyentuh hati atau memberikan ciuman hati availjogja bojogja openbojogja panlokjogja wpjogja recommendedbojogja realbojogja bispakjogja ayamkampusjogja wisatalendirjogja bisyarjogja cewekbookinganjogja <links>,penjaja_seks
00 39 masih memikirkan kenapa cincin couple yang chanbaek beli harus kategori wedding ring for gay wajah tanpa mulut <links>,non_porno_non_prostitusi
lgbt huruf x tanda silang menandakan pembatalan atau larangan atau penolakan atau kesalahan bokep lesbi tanda centang tebal dasar cowo,percakapan_porno
caper kamu semua ngentot,percakapan_porno
kalau jilat tanpa ada penis bisa ngegado kondom gt,percakapan_porno
anjay lu siapa orang yang tersinggung diejek anjir cokkkkkkk kedengaran kasar saja enggak cok ngentod,percakapan_porno
dasar lonte lepas behel,percakapan_porno
tll kontol memang kamu,percakapan_porno
sumpah ya didiamkan malah makin menjadi lu gatau apa2 mending diem lu ga ngerti apa yg kita rasain heh ngentot tiap mmber punya cerita sakit struglenya msng2 dikira keren begitu mereka capek terus kalau kamu suruh bubar dikira mereka senang gitu ya sia2 dong kerja kerasnya,percakapan_porno
muka kamu itu muka lonte pela pela njing,percakapan_porno
jembut <links>,percakapan_porno
liat memek kamu saya jadi horny say,percakapan_porno
jembut po lembut itu mocone,percakapan_porno
eh pinjam buku kamu dong gambarin titit,percakapan_porno
kamu mengurus syiah itu gerombolan kamu yang pada ngentot di puncak kamu diam diam saja kayanya,percakapan_porno
sok tau banget sih anjing sehun saja betah nete di gue,percakapan_porno
selamat hari sabtu kalau sudah lihat tante pns auto ngaceng mulu hehe menyeringai ada yang pernah bac lin tante ini <links>,penyebar_konten_porno
ngga berani ngentot lobang pantatnya pantat lobang perem,percakapan_porno
seanjing anjingnya anjing anjing jantan tidak mau mengawani anjing jantan 0p3nm1nd3lidah menjulur keluar nakal ceria atau mengejek emang kamu mau disamakan sama anjing kaum homo itu dan <dan< < < £ tm € bukan begitu maksudnya kontol,percakapan_porno
ayamnya juga bencong rey,percakapan_porno
lah ava nete bapa kamu mana,percakapan_porno
lu yang kontol,percakapan_porno
akhir kata setelah gue transfer dia jadi baik sama gue anjing tidak itu ih benci banget gue mulai detik ini sama polisi bye guys sekian cerita dari aku haha by the way ada pelajaran hidup yang gue ambil semakin dewasa gue semakin mengerti kalau uang bisa membeli segalanya sadis wajah sedikit tersenyum,non_porno_non_prostitusi
open bo area susilo bambang yudhoyono ditunggu tidak syg tanda cium rr by dm bosurabaya openbo availsurabayacod angelsurabaya codsurabaya bispaksurabaya bokingansurabaya bosurabaya openbosurabaya realbosurabaya realangel trustedangel lendirsurabaya real ya sayang no hoax no tipu dong tanda cium <links>,penjaja_seks
jiwa mucikari gue langsung bergetar,percakapan_porno
ngentot berarti jokap juga babu kan dia mantan lu,percakapan_porno
paku penanda atau pushpin avail bo vcs kota sukabumi di bawah 18 tahun dilarang open pagi ini beb dua hati promo 600 2 jam fullservice dua hati no ribet minat dm wajah tersenyum dengan tiga hati menunjuk ke kanan include room hotel cinta openbosukabumi availbosukabumi bosukabumi bispaksukabumi bisyarsukabumi bookingsukabumi sukabumi porstusionline realaccount <links>,penjaja_seks
ledakan open bo open vcs panggilan ledakan include exclude ledakan karawang dan sekitar nya minat ledakan langsung ledakan dm wa 083804037401 ledakan pusing openbokarawang pusing openvcskarawang pusing inc exckarawang pusing bopanggilankarawang pusing cewekbokarawang pusing vcssangekarawang pusing cewekvcskarawang <links>,penjaja_seks
klo anda mengatakan iyalah banyak anda membenarkan argumen saya yg goblok lo yg bilang harun masiku koruptor siapa baca lagi twiit saya indonesia banyak kasus koruptor harun masiku lgbt dll bukan harun masiku sebgai koruptor kamu sok tau yg goblok anda,non_porno_non_prostitusi
kenapa kamu berengsek banget sih kontol,percakapan_porno
khusus hari ini hot ya say di bawah 18 tahun dilarang open video call sex ready no tipu tipu info rr wa telepon 0831 8138 1527 menunjuk ke kiri via rek via pulsa real trusted kembang sepatu vcsbugil sangeberat vcstrusted tantesange vinagarut vcsyuk bugilhot vcscroot vcscolmek vcsberbayar vcsreal vcscroot colmek bugilhot,penjaja_seks
mau cerita tentang rasa risih ku terhadap perlakuan temanku jadi tadi ini orang chat aku awalnya biasa aja lama kelamaan kok mengirim stiker yang jorok maaf saya tidak bisa diajak bercanda masalah hal berbau porno kaget dong dikirimin stiker yang seperti itu,non_porno_non_prostitusi
ini adalah menunggu sampai jembut belah tengah bro,percakapan_porno
q gan rekomendasikan series yang mirip mirip kayak narcos dong a beli dikita saja kak 20k saja 1 bulan sharing q bukan juragan mau bertanya a yang private juga ada 50k 4 device q lo ngentot anjing a lifetime seratus dua puluh ribu garansi 1 bulan q bangsat a anti hold ya payment via dana bri,non_porno_non_prostitusi
bener benar ude gadianggep sama sekali gua ok sih gapapa cukup tau aj makasih banget ngentot kamu semua jari tengah,percakapan_porno
ngentot donk,percakapan_porno
jam segini waktunya banci mangkal taukk,non_porno_non_prostitusi
titit kamu sudah tidak fungsi,percakapan_porno
69 lu kira gue lonte <links>,percakapan_porno
avail vcs nya sayang info rr dm panah kanan amplop dengan panah say tersipu atau tersenyum dengan mata bahagia ready vcs real no tipu tipu trusted minat dm orang wa 082179674287 panggilan masuk atau telepon masuk ya sayang vcsbugil vcsjilbab openvcs vcsyuk vcstrusted ngewe availvcs vcswhatsapp vcscolmek vcsreal vcsberbayar vcscroot malamjumat trending <links>,penjaja_seks
ini nih yang gue takutin haha gw gay tetapi itu kepikiran buat nikah sama cewek kok ya sudah dari sekarang kamu berbicara begitu enggak usah gay gay an ngentot munafik amat sialan <links>,percakapan_porno
bacot anjing memek kontol kolot banget pemikiran lo anjing <links>,percakapan_porno
pelaku lgbt mau seperti apa pun tetap salah kamu mendukung mereka karena kamu termasuk salah satu dari mereka,non_porno_non_prostitusi
kalau kamu berasa tidak benar ya tinggalin kalau tetap kamu lakukan ya udah seengganya kamu harus ngurang ngurangin pikiran dosa itu atau baca yang aman aman aja agak munafik saja soalnya sih kesannya terutama kalau kamu memikirnya dosa karena gay bukan karena konten seksual wkwk,percakapan_porno
betrix anjing antar boru saya berth ambrita sekarang kamu mau jadikan bertha jblay y kamu smdiri jablay lonte bangsad mau jadi apa boru saya di tangan lu bertha itu ambarita kamu rusak saja sih glori annk abang lu jangan anak saya kamu rusak habis kamu saya buat lonte bangsad,percakapan_porno
enak nete tau bagus begini lho tidak apa apa mengenang masa lalu di fesbuk,percakapan_porno
digilir dua kontol besar <links>,penyebar_konten_porno
gay punya selera yang lebih paripurna terhadap kegantengan cowok kalo kamu dibilang ganteng sama gay kamu harus bangga wkwk,non_porno_non_prostitusi
takut sepak up itu artinya takut tidak bisa ngewe sama kamu lagi mantan gue sekarang punya pacar yang begitu jadi gue paham betul mantan gue sering curhat pakai kata kata yang hampir sama kayak lo intinya cowok dia meminta putus tetapi pas diiyain dia gamau itu toxic,percakapan_porno
norak habis kamu ngentot wajah gembira berurai air mata,percakapan_porno
cowo kamu sok iya banget dah kamu siapa maki maki anak orang pakai ‘cewe bangsat anak lonte goblok’ memberi makan saja tidak maki2nya lancar bet,percakapan_porno
sugesti pengalaman cerita atau hal lain menjadikan pemikiran dan pertimbangan meluapkan emosi kebanyakan rasa marah diekspresikan sebagai dendam peningkatan sifat egois benci dan diam marah di masa dewasa kadang harus kandas ditengah perjalanannya pikiran logis,non_porno_non_prostitusi
dasar lo banci potong aja itunyahhh,percakapan_porno
anak haram lonte luar biasa bodohnya buzzerp rezim jempol ke atas berkulit putih kuning langsat pecat saja kakak pembina,percakapan_porno
gue baca smbil minum mau muncrat anjim,non_porno_non_prostitusi
rasain lo nanti menonton netflix dan hbo tidak ada adegan ngentot wajah gembira berurai air mata biarkanrakyatmainmedsos ya soalnya rcti mau platform baru itu juga diawasi oleh kpi,percakapan_porno
masih avail morningsex yukk coba squirt gun aku tetesan keringat availserpong availbsd availtangsel availtangerang openbobsd openbotangsel openbotangerang boserpong bobsd botangsel botangerang excluderoom wptangerang botangsel vcsbugil vcsreal vcsyuk vcscrot <links>,penjaja_seks
pengen di ngewe tuh,percakapan_porno
korea banci korea banci korea banci lu pramuka seminggu saja sudah tidak kuat sok mereka yang wajib militer 24 bulan b saja tuh v,non_porno_non_prostitusi
ngewe napa,percakapan_porno
avail open bo areal jayapura papua inc exc info dm opbojayapurapapua openjayapurapapua bokingjayapura cewekbojayapur,penjaja_seks
extracurricular tentang anak sekolah begitu buat biaya hidup jadi mucikari worth it,percakapan_porno
bacot lo anjir makanya jangan dirusakin kesal banget gue kntl,percakapan_porno
wp mau meminta opini nih aku kan baca guideline wp soal penggunaan tanda mature content salah satunya kalau ada explicit sex scene nah cerita aku kebetulan teenfiction yang menjadikan sexual activity sebagai salah satu subkonflik artinya kalau mau realistis cont,non_porno_non_prostitusi
<links> pijat panggilan mangga dua jakarta adakah openbo cewekbo,percakapan_porno
lihay benar lo sudah kayak lonte tiang jek jek,percakapan_porno
seenggaknya kalau kamu tidak bisa bikin gue bahagia jangan kamu makin sakitin gue kontol,percakapan_porno
emot ngaceng,percakapan_porno
dasar kamu lonte lo suka rebut laki orang kamu lonteeee,percakapan_porno
wanita itu sangat luar biasa saat kecil yang membuka pintu surga untuk ayahnya saat dewasa ia menyempurnakan agama suaminya,non_porno_non_prostitusi
di bokong hyung anjay,percakapan_porno
udah buka bukaan baju lihat kontol dan memek masing masing lantas masih ada privasi justru harusnya transparan kalaupun ada masalah mengobrol dan saling buang ego masing masing nyett dan yang terpenting jangan sampai bertengkar depan anak lu,percakapan_porno
knapa kenapa kenapa lo kasih tau jembut,percakapan_porno
gue pernah nih teman gue pernah nyeletuk lu suka menonton homo jangan jangan kamu lesbi ya gue jawab saja emang iya knp takut lo terus teman gue kayak dih ih anjir lo wkwk habis mau lesbi mau lurus mau homo kayak bukan urusan teman teman kamu kan wkwk,percakapan_porno
lg ramai soal kasus pesta gay nih prinsipnya begini lo kalau gue kalau kamu memang gay atau bisexual gue tidak akan menghina atau gmn2 ya itu mah urusan elu dan gue gakkan ikut campur soal itu tapi kalau misal kamu mengajak gue buat lakukan hal yang kayak kamu ya maaf to say salah orang lu,non_porno_non_prostitusi
cie calon mahosedih atau cemberut,percakapan_porno
gimana caranya biar tidak crot dukuan kalau sama memek tembem,percakapan_porno
malunya sampai urat pantat wajah menangis keras atau menangis tersedu sedu,percakapan_porno
tanda cium avail bo malang tautan atau link incld excld room tautan atau link cek bio dm for info paku penanda atau pushpin wajib dp availmalang openbomalang bisyarmalang abgmalang,penjaja_seks
ih siapa kamu nyuruh² cewek jadi lonte jamet,percakapan_porno
pngn di ngewe iya sinih aku ewein,percakapan_porno
sama psk saja biar tidak perlu pusing cari kalimat halus oh iya tetapi kan kamu tidak punya uang yak makannya mau yang gratis dan cari kalimat halus biar yang diajak ngewe nya tidak marah muehehehehhe,percakapan_porno
foto ini mengindikasikan adanya hormon winbright pada pantat bright,percakapan_porno
bukan maksud komersil apalagi menjual istri ini kan tentang fantasi bro gw meminta duit ke kamu bukan untuk apa apa cuma buat akomodasi kita doang masa ia kamu cuma bawa kontol doang emang nya istri gue tiba tiba mau begitu pas di ajak 3s enggakk bro malahan istri nganggap nya gue gila,percakapan_porno
tpp kamu bukan lonte wajah senang atau tersenyum,percakapan_porno
kelapa dijingjing lagi apa anjing bekicot dibetot bacot kamu ngentot peti dipalu mati saja kamu sayur lodeh dibales dahlah males,percakapan_porno
yaa allaah ini serum ordinary niacinamide masih banyak banget diapakan yaa keesokan hari nya timeline tampilin artikel mencerahkan ketiak dan bokong yang menghitam gara gara gesekan pakaian terlalu ketat solusi scrub serum niacinamide cuss pakekk wajah meneteskan air liur,non_porno_non_prostitusi
hai kontol kangen km di line neeh,percakapan_porno
ga mendukung lgbt bukan berarti bisa nyinyir seeanak jidat kamu aja tidak ada salahnya untuk saling menghargai putusan orang lain masalah dosa dia biar urusan dia sama tuhan toh kita juga belum tentu lebih baik dari orang yang kita nyinyirin gue juga tidak mendukung bginian tetapi tidak bacot kayak kamu hehe,percakapan_porno
gue jadi kangen syenet ueueueue syetan nete sedih atau cemberut <links>,percakapan_porno
lu sebagai mucikari harus jaga privasi anak buahnya dong gimana sih,non_porno_non_prostitusi
ngewe termenung atau wajah merenung atau wajah menyesal tangan terkepal ke atas berkulit sawo matang,percakapan_porno
technically iya they re gay karena kalau mau hav4 s3x pasti kan kamu ada ketertarikan atau attraction ke orang tersebut but they could be bi tho,percakapan_porno
lebih respect sama mereka yang tidak mau nikah daripada nikah malah kayak gini kalo pakai alasan tekanan dari keluarga ya itu konsekuensi memilih jalan hidup seperti itu toh sudah banyak kan komunitas lgbt bisa toh meminta support moril dari mereka daripada jadi bunglon,non_porno_non_prostitusi
100 ready open bo 100 di palembang minat langsung info rr dm panggilan masuk atau telepon masuk wa panggilan masuk atau telepon masuk 083805925088 lontepalembang lendirnikmat lendirpalembang openbopalembang openvcs memekbasah memekbecek memeklonte availpalembang include includepalembang <links>,penjaja_seks
25 tahun ibu gue dimusuhin sama keluarga ayah gua ditanya alasannya apa katanya tidak ada apa apa kan kontol kalau ada masalah ya bilang goblok sebenci bencinya gue sama om gue pasti kalau ada masalah dibantu gak kayak kamu yang om gue dekat sama keluarga gue auto dimusuhin,percakapan_porno
pengen mengemut punya memek kamu sayank lidah yum atau enak atau lezat yum atau enak atau lezat abank ingin banget nie abank sange banget farah boleh tidak abank milad memek kamu farah hub no wa abank ya farah 082340864702wa <links>,percakapan_porno
kontol lo kayak cok masak pikir serpihan debu kayak kita,percakapan_porno
role itu tidak penting buat gua please banget pikiran gue tidak cuma ngewe doang kayak kamu amnjinc,percakapan_porno
lo kalau mau mengajak war bilang saja ya kontol,percakapan_porno
ga mengerti juga sih soalnya kondisi vagina orang orang kan pada beda sedih atau cemberut,percakapan_porno
open video call sex ready ayo isi slot nya info rr wa telepon 083197799567 menunjuk ke kiri via rek via pulsa real trusted kembang sepatu vcsbugil sangeberat vcstrusted tantesange vinagarut vcsyuk bugilhot vcscroot vcscolmek vcsberbayar vcsreal vcscroot colmek bugilhot genjot <links>,penjaja_seks
belum dewasa narkoba memang merusak otak tetapi pornografi tidak kalah dalam merusak otak anak bagaimana memblokir konten porno di youtube pada gadget android anak krn kadang tampilan video porno suka muncul sendiri dan bisa saja tanpa sengaja anak² melihatnya,non_porno_non_prostitusi
video terpopuler bagaimana remaja belajar soal seks dari film porno di internet pemerintah new zealand membuat iklan,non_porno_non_prostitusi
liat itu kartini sudah susah payah naikan derajat wanita eh kamu malah jadi lonte,percakapan_porno
ujan2 menggodai itukan ojek pengkolan mau juga ngerojok memek aku kata sih abang daripada pusing tidak ada duit mending buang p,percakapan_porno
bego dengan menjadi lgbt saja kamu sudah mempermalukan diri sendiri wajah gembira berurai air mata wajah gembira berurai air mata wajah gembira berurai air mata,non_porno_non_prostitusi
normal pantat loe 9 wajah pusing wajah pusing dua telapak tangan menempel terbuka ke arah dalam lihat baik baik jal gwe soft,percakapan_porno
terus nete akh akh mmph,percakapan_porno
anak perikanan kalau bikin pantunt rhizoprionodon acutus euthynnus affinis lucu kamu kontol,percakapan_porno
masih bertanya dampak buruk lo mau generasi muda jadi korban lgbt ya jelas jelas lgbt itu semua nya buruk,non_porno_non_prostitusi
halah kontol gua kontal kontol salam ini di lini masa tidak ada hubungannya sama orias ya kagak usah ngelibatin orias bisa tidak si klo kamu kenal gue dari jaman gue masih webtoontwt acc kamu pasti tau kan gue mengeblok cikcik gara gara apa dia ngejokes menyuruh orias mati mulu skrg lo gua cari lo,percakapan_porno
mantep banget kamu kntl,percakapan_porno
berarti open minded buat lgbt itu salah satu indeks kemajuan ketinggalan zaman kamu dari zaman dulu juga lgbt sudah ada udah di kasih peringatan tapi otak kamu saja yang tidak mau pindah on dari sono bilang saja kalau kamu sudah ke enakan jadi lgbt,non_porno_non_prostitusi
nih kia kar kamu gay tum salay,non_porno_non_prostitusi
avail palembang minat info direct message saja <links>,penjaja_seks
dia tidak pakai apron baju nya kena muncrat muncrat sayang loh,non_porno_non_prostitusi
open vcs camsex poto sex dan chat sex kalau minat chat langsung wa aku 83132786349 no bocah no tipu no php bagi yang serius aja yang omdo blok bokepviral vcsbugil bokepsma vcs vcsreal ceweksange sangeberat bispakhot bugilhot memektembem realaccount bokep <links>,penjaja_seks
ngising jembut,percakapan_porno
sama saja kamu tanya bagaimana nabi lot kok rakyatnya pesta gay dan lesbi bego nih olang,percakapan_porno
bisa diam tidak kamu kontol,percakapan_porno
kalau muncrat biasa bgt jempol ke bawah jempol ke bawah,non_porno_non_prostitusi
ya kalian kan memperbolehkan lgbt tuh kata sih grace natli emang kenapa masalah buat lo klo masalah ya lo balik ke jalan benar lawan rezim ini,non_porno_non_prostitusi
insinyur aku tu tiap cerita curhat dia dewasa bangetwajah senang atau tersenyum tiap dia ada masalah itu tidak ngeluh paling bilang apa sedikit langsung ya sudah cari jalan lainwajah senang atau tersenyum aduh yaallah aku kapan dewasanya,non_porno_non_prostitusi
apaan sih kontol segala hal diributkan kamu saja yang overthinking,percakapan_porno
masih mending daripada kontol kamu masuk ke lubang tai,percakapan_porno
ga sopan teriak tidak sopan kamu bangsat kamu tidak sopan malah menanggapi yang sopan dasar sampah tidak ngotak kamu jadi orang sok sok keras tapi kontol,percakapan_porno
<links> < pacar lesbi bokep teen porn xxx,penyebar_konten_porno
slotdomino com adalah salah satu situs terpercaya dan terbesar di indonesia dengan berbagai promo bonus yang menarik rollingan 0 5 referral 20 yukk ikutan daftar di situs slotdomino com w a 6285974599065 pin bb 2be2dd7e pin bb dbfddefe <links>,non_porno_non_prostitusi
yang ngirimin pap titit di dm gue menyumpahi titit kamu bercabang 5 biar mampus titit kamu kayak hydra huft,percakapan_porno
amin rais muntaz rais janji dan sumpah adalah hutang rakyat tunggu omongan loe kalau tidak potong ngana pe pendo banci lebih bermartabat dari kamu <links>,percakapan_porno
ngaku apa an pak gay yg jelas dong berbicara nya,percakapan_porno
ya memang hak toh kan hak dia mau ngaceng asal tidak ada pelanggaran hak dimana ya act tadi kita kan tidak bisa ngontrol mau ngaceng sama siapa bu sekalipun sama kursi ya itu hak dia mau ngaceng tetapi sekali lagi jangan ada pelanggaran hak,percakapan_porno
prediksi togel singapore sabtu tanggal 05 09 20 <links>,non_porno_non_prostitusi
giliran gue lagi sedih saja kamu tidak ada yang nongol coba gue bilang gue sange nongol kamu semua kontol wajah marah dengan ucapan kasar,percakapan_porno
trimakasih buat kamu semua ngentot,percakapan_porno
ngaceng,percakapan_porno
yg nerror pakai c word di base mau neror orang pakai akun kamu sendiri kontol,percakapan_porno
hallo say udah ready lagi nih tanda cium open bo apa emen kemang view jantung atau hati wajib kondom dan no anal no pap bugil dilarang cek rr dm wa 08872492734 openbobekasi bobekasi availbekasi cewekbookingan bispakbekasi ceweksange realangels crottsayang sangeberat bekasibo includebekasi <links>,penjaja_seks
hei stoopid mau dia lesbi atau pun gay dia juga milih milih tolol pede bener lu ah,non_porno_non_prostitusi
teriak lawan perusak alam lawan korporasi lawan pembalakan hutan secara liar tapi pas naik gunung malah buang sampah sembarangan buang botol pipis ngewe apa kamu tidak salah,percakapan_porno
kamu coli saja gbs apalagi ngewe,percakapan_porno
pagi pagi gue lihat orang bahas colok memek make lightstick mana yang lebih enak anjir,percakapan_porno
ngentod yakali,percakapan_porno
umur 22 belum ngentot kasihan deh kamu berguling guling di lantai sambil tertawa terbahak bahak,percakapan_porno
download aplikasi menonton streaming bokep gratis <links> bokep rare koleksi terbaru gratis,penyebar_konten_porno
pagi2 sudah ky kntl,percakapan_porno
bacot kamu ngentot cape gue meladeni lo,percakapan_porno
najis najis kontal kontol muka kamu itu anjrit tau gk,percakapan_porno
cpat amat kamu tidurnya bencong baru kluar,non_porno_non_prostitusi
ngewe kamu berdua,percakapan_porno
wajah gembira berurai air mata wajah gembira berurai air mata wajah gembira berurai air mata wajah gembira berurai air mata ini muka macam psk yang tarifnya cukup dengan pulsa 20rban aja wajah gembira berurai air mata wajah gembira berurai air mata wajah gembira berurai air mata wajah gembira berurai air mata wajah gembira berurai air mata wajah gembira berurai air mata <links>,penyebar_konten_porno
muslim jembut ya kayak gini,percakapan_porno
lo tidak dapat point nya kontol,percakapan_porno
udah benar kamu tinggal sama nyokap segala ikutan pindah kesini tinggal di sini cuma bawa masalah saja ngentot,percakapan_porno
serem tidak c kayak bencong alias tidak pantas ya <links>,non_porno_non_prostitusi
baik kamu jadi gay sajalah memilih sangat dasar laki semua sama,percakapan_porno
avail kota depok ya say 100 tetesan keringat yang ingin slot dm aja surat cinta hadiah hati openbo openbodepok openbooking bisyardepok bispakdepok bodepok bispakhot cewekbo realangel availbo kulinerlendir includedepok bispakhot availdepok cewebo availdepok malamjumat <links>,penjaja_seks
kanya kontol kamu pakai sempak,percakapan_porno
cerita sex enaknya bibir ibu pacar saya <links> bidadaridunia69 ceritaseks ceritahot ceritadewasa ceritamesum ceritadewasaterbaru ceritabokep ceritabokepindonesia,penyebar_konten_porno
aowkwkwkkwkwkwkwkskkakakakaksksxkxixj ngaceng,percakapan_porno
ngentot kamu lutfi,percakapan_porno
cerita dewasa nikmatnya memek dosenku yang sexy untuk cerita dewasa silahkan menuju link berikut link » link » <links> partai99 agenbola pokeronline bandarq agenpoker sportbook ceritadewasa agenonlineterpercaya <links>,penyebar_konten_porno
engkong gue dukung liverpool dari jaman godbless imut kayak rangga smash dia biasa bae kagak lebay lebay amat wkwk doi tau kok dalam olahraga itu menang kalah juara runner up lolos gagal itu hal biasa yang pasti di alamin setiap olahragawan jgn tegang kayak kuntil ngaceng ah,percakapan_porno
lu makan jembut erico lim pasti viral,percakapan_porno
kok banci sih goblok banget kamu nomer 1 kamu saja ariana grande gue fur,non_porno_non_prostitusi
berita 2018 kamu goreng lagi biar apa kontol <links> <links>,percakapan_porno
peduli saat ini menyesal di masa depan waspada maraknya gambar video porno anime kartun yang berisi adegan porno b,non_porno_non_prostitusi
sirf hindusatni kok khusi mili bakyo ke to matam chhaya huya hai samajhdar kamu samajh gay honge wajah gembira wajah gembira bendera segitiga di pos busur dan panah ꧁ bangbang atau dua tanda seru atau जयश्रीराम bangbang atau dua tanda seru atau ꧂ busur dan panah bendera segitiga di pos,non_porno_non_prostitusi
ga bisa alah itu alasan klasik dunia ini tidak ada yang tidak bisa semuah nya pasti bisa kalau mereka mau bukti nya mereka ingin punah anak terus menyewa rahim ya walau tetap itu anak sih ibu yang mengandung nya inget lgbt juga penyakit menular lu sering main sama dia hati2 ajh,non_porno_non_prostitusi
bangsat kamu tidak bisa jaga sikap ngentot anjing kesal,percakapan_porno
bokep indo <links> bokepindo bokeplokal tantesange bokepindonesia bokeponline bokepbarat videobokepjepang videomesum sangek cewesangek filmbokep bokepviral bokepcina bokepterbaru,penyebar_konten_porno
emang ada ya yang mau membayangkan anaknya homo dasar suka ngadi2 dan ngawur sudah jelas jelas lgbt itu orientasi menyimpang bagaimana sih pak hartolol ini wajah menangis keras atau menangis tersedu sedu,percakapan_porno
oh iya kamu jangan serakah anjjng gue sudah kasih kamu netflix ya kamu nonton di televisi lah anjing gue nonton di laptop ini kok jadi kamu 22 nya yang punya gue nonton dmn kntl,percakapan_porno
lah kamu berbicara penaspenis mulu tidak mengaca ngatain orang mesum eh kamu mengomongnya sendiri penaspenis wkwkwkwk udq goblok mesum bencong pula kasihan amat sih kamu jadi makhluk berguling guling di lantai sambil tertawa terbahak bahak berguling guling di lantai sambil tertawa terbahak bahak berguling guling di lantai sambil tertawa terbahak bahak berguling guling di lantai sambil tertawa terbahak bahak berguling guling di lantai sambil tertawa terbahak bahak sampah lingkungan habis nih orang wkwkwkwkwk,percakapan_porno
avail bandung kota dkt alun alun bdg wajah tersenyum lebar bermata hati open booking vcs camsex outcall incall wajah tersenyum lebar bermata hati camsex mamber video acc menyentuh hati atau memberikan ciuman hati yang serius booking,penjaja_seks
gue tidak dukung zina dan tidak juga dukung nikah muda tinggal tidak usah ngentot saja susah bnget memek dan kontol kalian dijaga masing masing done masalahny kalau sange berat tinggal pakai tangan kamu sendiri kan bisa,percakapan_porno
kadang open bo juga cuakkksss,percakapan_porno
jogja wa 083863958999 vcs vcscrot vcssange openvcs openbo openbojogja jogjaopenbo jogjaincluderoom jogjabo jogjacrot jogjanakal jogjalendir wisatalendirjogja lendirjogja lendirland bbwjogja stwjogja jogjabispak jogjabisyar realangel realbojogja realaccount <links>,penjaja_seks
rr please pas dibalas ngilang adalagi direct message nya tanya cod bisa males uang muka trauma yang menyuruh kamu dm gue siapa makanya budayakan membaca baru ngechat yng parah nya itu negosiasi tarif negosiasi tidak pakai otak mau full servise tapi bayar 300rb kan kontol namanya,percakapan_porno
avail hari ini include jaktim cash in room bisa dadakan wa 0896 3752 9163 availjaktim openbojaktim cewekbookingan realangel recomended4bo bispakjaktim bojakarta kulinerlendir includejaktim bisyarjakarta trustedangel memeklegit bookingnow <links>,penjaja_seks
lo tidak perlu jadi lgbt juga bakal kena hiv kalau tidak pakai kondom dan ganti2 partner ya anjing astaghfirullah lo juga tidak bakal masuk jadi lgbt kalau memang dari awal kamu tidak ada kecenderungan capek bgt gue istilah ketularan itu sebenarnya ya dari diri kamu sendiri yang tidak 100 straight,percakapan_porno
monyet bapak kamu kalau ngewe mak kamu tidak doa yeee yang nongol monyet,percakapan_porno
yuyun kontol diam lo dia lagi off,percakapan_porno
orang luar enggak pernah tahu pressurenya gue di rumah kayak gimana lo harus gini kamu harus gitu salah berbicara sedikit langsung dapat amuk menangis yang padahal gue juga manusia biasa langsung dibilang kayak cewek nangis kayak banci bahkan hal hal yang enggak seharusnya mereka tanyain,non_porno_non_prostitusi
udah udik gay lagi,non_porno_non_prostitusi
ohiya aku mau yang datang ke pemakaman aku bajunya colourful biar ceria vibesnya aku suka lgbt vibes i support them though pelangi,non_porno_non_prostitusi
bikin cerita di rl acc closefriends mencari info yang jastip soju yakult buset langsung penuh banget ceramah agama kek berasa dosa sebesar ngewe jamaah aja sok edukasi kontol aku cowok saja bintang alkohol 2 tidak minum nad ini km cewek soju 20 40mabuk atau bingung kamu tidak minum tetapi having sex tiap malam lucu bgt,percakapan_porno
bengek wkwkkwk pasti gay sama kamu ya,percakapan_porno
untung pas itu kur ngentut di perek pasien,non_porno_non_prostitusi
mana para penggila film bokep nih pasang aplikasi ribuan film bokep di <links> sebarkan ke teman teman yang lain ya,penyebar_konten_porno
temenku di jepang cerita kalau anaknya menonton tv siaran lagu anak anak begitu lah yang paling banyak dewasa nya juga tau kenapa karena lagunya di recycle lagu yang sama cuma beda penyanyi beda generasi lah di indo kenapa tidak bisa begitu ya itung2 perbanyak konten anak,non_porno_non_prostitusi
ngentot amat lu itu sama saja kayak tragedi 65 tabu untuk dibahas wkwkwk,percakapan_porno
apakah telkomsel mendukung lgbt,non_porno_non_prostitusi
wkwkwkkwkw ngakak kalo ayah aku begini mama manggil ayah berulang kali ayah apa sih manggil2 mau nete apa,percakapan_porno
jilbob ngewe mantap full videonya jari telunjuk arah ke kanan berkulit putih kuning langsat <links> jilbob ngewe bokep videobokep bokepindo ceweksange htt,penyebar_konten_porno
wkwkwk ngmong apa om lu lgbt,percakapan_porno
playlist hari ini dygta kesepian wali jodi alda aku tak biasa titi kamal jablay sedih atau cemberut,non_porno_non_prostitusi
gila kamu anjim hahahaha pasti lu ga laku wakakakak cie pasti cowo ga ada yang mau yaaaa wkwk sampe jadi pelakor aja bangga wakakakak memang lonte adalah susah,percakapan_porno
lo mau jadi gay atau homo ini fine asal jangan kamu sudah nikah terus kamu selingkuh sama istri kamu buat sama yang lain is a bigno kalau kamu sudah sadar akan sexualitas kamu dan kamu merasa tidak nyaman ya cerein dulu istri kamu jangan asal main selingkuh istrinya kuat bangetair mata bahagia <links>,percakapan_porno
cerita sex pemerkosaan octa <links> bidadaridunia69 ceritahot ceritadewasa ceritadiperkosa ceritaseks ceritamesum ceritapanas ceritamemek,penyebar_konten_porno
open minded menurutku orang yang wawasannya luas suka debat menerima pendapat orang juga tp orang yang kutemui yang bilang bilang open minded padahal mau cerita sex tai tidak tuh,percakapan_porno
mana nih yang kemarin nikah gara tikungan sepertiga malam skrg kok sudah mau cerai aja lu ingin nikah apa cuma ingin ngewe doang bangke,percakapan_porno
lebih ke pengalaman saya saja sih mas deem saya banyak yang mengajak ngewe an doang,percakapan_porno
aku mau ngentot sama kamu,percakapan_porno
emang kontol lo ye ngadi ngadi aja anjengggg,percakapan_porno
keliatan tukang pijat nya tidak punya bf kayak saya jadi suka kontol kayak begitu,percakapan_porno
masa bodoh taii gue mau foto sama cewe cowok atau bencong juga urusan gw kamu yang baru kenal 1 jam kenapa ribet banget sudah anjing malas banget sama cewek yang tipe begini <links>,non_porno_non_prostitusi
ngewe mulu anjig otak lu,percakapan_porno
ohhh begitu jadi tidak semua kalau begitu tolong dong kamu talangin itu yang lgbt kena hiv pakai duit kamu jangan pakai duit negara kan kamu kekeh membela perilaku kayak gitu mereka itu tiap hari harus beli obat loh,non_porno_non_prostitusi
mungkin bakal ada yang bilang halah kamu saja menonton bl bla bla bla ya silahkan tapi gue menekankan lagi kalau gue tidak mendukung lgbt atupun membela toh gue juga tidak pernah mengharapkan couple aktor di film series bl itu buat jadian di rl,non_porno_non_prostitusi
lo belajar biologi tidak p sama l kalau kawin mana mungkin punya turunan gay atau lesbi,percakapan_porno
bokep mahasiswi beler bokepsma bokepsmp bokepasia bokepviral mahasiswingentot bokep bispak bispakjogja bispakbandung bispakbumil bispakbekasi bisyar bisyarjogja bisyarjilbab <links>,penyebar_konten_porno
ngentot kamu bikin dah,percakapan_porno
bokep ibu hot menonton video porno sex unduh bokep afrika tenaga kerja wanita taiwan selingkuh bokep net indonesia xxx bolep,penyebar_konten_porno
soeharto dalang segala bencong hehe,percakapan_porno
hahaha tapi dosa kamu kok aneh ya ngewe pantat heran padahal ada bini bisa ngewe bener,percakapan_porno
oh pantesan saja ye udh hafal banget sama gay ternyata memang diri sindir surat pemberitahuan tahunan itu wajah gembira menyeringai senyum keringat berguling guling di lantai sambil tertawa terbahak bahak berguling guling di lantai sambil tertawa terbahak bahak,percakapan_porno
jahat kamu bang toge saja biasa attakhiyat moso gerong ra iso mlempem,percakapan_porno
sekarang ready menunjuk ke kanan open booking area mataram sekitarnya langsung saja cek menunjuk ke kanan <links> openbomataram bomataram includeroom excludemataram availmataram expomataram angelmataram wpmataram recomended4bo bisyarmataram bispakmataram kulinerlendir <links>,penjaja_seks
nyamber juga dong kulit leher kering kurang vit c cupang kulit bokong kering kurang vit c cebok hidup kurang bahagia kurang vit c cewek cowok,percakapan_porno
sori bukan munafik bagaimanapun suka nya gue atau sesering apapun gue having sex bukan berarti gue suka melihat akun akun anonim pakai ava kontol seliweran di lini masa atau notifikasi gue jadi sori banget kalau akun kamu mesti gue blokir,percakapan_porno
memang di rumah kamu ada pohon toge,non_porno_non_prostitusi
iyuh sendirinya aja demen ngewe sama cewe nya sok sok ngomong dosa <links>,percakapan_porno
nah itu tau lah kamu meminta di tempeleng bilang gini saja menyalahkan lgbt seengganya kalau kamu bukan islam ya sudah enggak usah bilang begitu juga,non_porno_non_prostitusi
gw juga pikir apa kamu layak jadi lonte wkwkw kayak nya tidak dah,percakapan_porno
anak sma ngentot di kelas saat jam belajar <links>,penyebar_konten_porno
ngentot bohong banget babi arsd lo cantik,percakapan_porno
brp lama di ngewe nya itu ampe bgtu,percakapan_porno
tidak jadi aku tidak bisa eue terkutuk,percakapan_porno
entar kamu nete,percakapan_porno
lo orang orang open minded yang dukung lgbt itu memikirkan tidak nasib anak istri dan orang tua yang tak tau apa apa tetapi tiba tiba ketularan hiv karena perilaku menyimpang itu bejat banget hidup kamu cuma sebatas memenuhi nafsu tidak normal kamu tetapi sampai menyusahkan hidup orang lain <links>,percakapan_porno
itu sudah dasar pak basicnya agama itu yang ada di al quran bapaknya kalau diajak bahas agama kenapa bilang bgt sy tidak masalah sama orang yang tidak punya agama tetapi saya menolak orang yang mnjd penghancur dan biang kerusuhan di bumi karna gay dan lain lain itu sudah dibahas dalam al alquran bahwa gay itu penghancur bumi,non_porno_non_prostitusi
lah terciduk kok dia segolongan lgbt,non_porno_non_prostitusi
wajah menangis keras atau menangis tersedu sedu wajah menangis keras atau menangis tersedu sedu wajah menangis keras atau menangis tersedu sedu they already in military anjggg bego mah dibagi bagi bgst tololllllllllllll lu dilahirin pake otak g si wajah menangis keras atau menangis tersedu sedu wajah menangis keras atau menangis tersedu sedu wajah menangis keras atau menangis tersedu sedu wajah menangis keras atau menangis tersedu sedu wajah menangis keras atau menangis tersedu sedu sana isap kontol anjg <links>,percakapan_porno
dia mencari abang brou masa nanti kayak akun porno yang cerita abang sendiri ditidurin,percakapan_porno
nete sekalian,percakapan_porno
better kata lutfi juga dipidana karena mengandung unsur lu jembut pedofil yang akan merusak moral generasi penerus bangsa <links>,percakapan_porno
gay orgy omg dasar orang tidak tau diri bisa bisanya lalai akan protokol kesehatan bagus di penjara semua istri dipukuli suami udah lah bukan urusan kita itu jangan ikut campur <links>,non_porno_non_prostitusi
apakah kamu gay,non_porno_non_prostitusi
gue mau gibahin kamu kesiapa ngentod teman gue saja tidak ada yang kenal lo,percakapan_porno
sy sempat ketemu korban malah dia dan teman temannya dicegat terus dipukuli mereka sampai demo langsung ke dpr dan meminta dukungan mahasiswa di jakarta saat itu memang mahasiswa lagi sibuk bahas masalah kepemimpinan era itu makin dah ada teman dari aceh yang lain cerita banyak lelaki dewasa yang hilang,non_porno_non_prostitusi
paling gampang lihat dulu gaya tulisannya di tl doi kalo tl dia isinya ayat isinya kutipan isinya motivasi lalu setibanya kamu kirim foto konti ataw memek ya bisa saja mereka kejang di tempat wajah gembira berurai air mata jan kayak begitu ya,percakapan_porno
kok kamu main gender lgbt bencong juga manusia kali santa atau santa claus atau sinterklas santa atau santa claus atau sinterklas ga boleh begitu hohohoho,non_porno_non_prostitusi
suka suka bukan kamu yang ngewe ini ribeet amat wajah badut,percakapan_porno
woii tidak usah lgbt yang pesta sex ditangkap yang pesta sex tidak lgbt saja di tangkap juga kok lu homo teriak teriak ham ham kamu sama buat akses hukum dan kesehatan kalau buat ham harus akuin kaum kamu sih selama republik ini masih ada tidak bakal diakuilah kaum laknat kamu itu catet tuh,percakapan_porno
jembut <links>,percakapan_porno
loe tidak usah banyak bicara kumis memek pengecut sudah gue siap biayain buat adu bogem masih ngelak potong saja itu kontol,percakapan_porno
kalau aku cantik tapi memek ku coklat kamu masih suka gak ngentot memek kontol sange pagicrot,percakapan_porno
congor kamu runcing kayak jembut baru dua hari,percakapan_porno
otak kalau isi nya sudah mesum lihat kambing menungging juga ngaceng udah berbicara gagap otak juga gagap omong tidak ecus ngewe ambah,percakapan_porno
ewe masih pagi hyung,percakapan_porno
gue tidak peduli sama orientasi seks kalau kamu lajang terus homo sana gidah asal jangan ganggu jangan cipokan depan umum yg tidak gay juga tidak boleh cipokan depan umum kan d hotel saja orang di rumah pas tidak ada orang berdua saja jangan pesta2 sex segala lah lagi corona jg biar kamu dan tuhanmu yang tau,percakapan_porno
ingin banget ngentot kamu iya ami,percakapan_porno
selama lgbt tidak ganggu kamu ya sudah enggak usah bacot gue sih bodoamat kalaupun ada teman gue yang lgbt as long as dia tidak merugikan gue ya sudah kita temenan jahat benar jadi orang terlalu judgemental lgbt,non_porno_non_prostitusi
hahahaha tidak ada inovasi apa kehabisan bahan kamu ngentod,percakapan_porno
ayo bdsm sini kontol kamu gue baret,percakapan_porno
ya ada yang sampai rprl tetapi kamu tau kan kalau di rupiah namny oke sama seme itu yang gay gtu,percakapan_porno
pengen juga lagi ngentot diciumi gini dimanjakan begini ah idaman banget topnya <links>,penyebar_konten_porno
pagi pagi ingin nete,percakapan_porno
gausah sok dolar kalau masih bahasa indo dasar pecun,percakapan_porno
sedih sih baca cerita kamu ini lo belum dewasa karena tidak bisa mengambil sikap gabisa menerima segala konsekuensi maunya enaknya saja cuma ingin tidak dipertemukan cinta sayang sama cowok modelan begini asli sih damage nya kebangetan,non_porno_non_prostitusi
kontol jujur saja sih kamu menyuruh adik kamu karena kamu malas <links>,percakapan_porno
lihat umurnya dulu dong semderr kalo bocah sekolah dasar atau sampai wajar kenapa anak sebegitu menyimpan video porno tau tidak sih kalau anak dalam masa pertumbuhan menonton video kayak begitu itu berakibat buruk buat kerja otak mereka nantinya,non_porno_non_prostitusi
ya terus kalau masih sama pacar kamu masalahnya sama gue apee mantan kntl,percakapan_porno
teruntuk kamu pada yang makai stiker beginian di instagram tapi masih memaki kor3a gay no komen deh wajah gembira <links>,non_porno_non_prostitusi
tetep ya enak aja pantat panci mamah,non_porno_non_prostitusi
mok nge lonte dimanaa,percakapan_porno
kok orang orang bisa yah kapan ya kayak orang orang ngentot lah mengeluh mulu dasar aing,percakapan_porno
gua bilang kamu masih gue pantau walaupun gue diam oh ternyata makin jadi ya berulahnya wkwkwkkwwk banci banget cara lo,percakapan_porno
kenapa manusia mengingkari fitrahnya padahal manusia diciptakan berpasang pasangan ini bukan masalah kamu yang lgbt tidak ganggu kita tapi ini tidak sesuai dengan adab dan sikap kamu dalam kehidupan yang ada di indonesia yang notaben beragama ini bakal jadi isu yang sensitif,non_porno_non_prostitusi
kalau gue yang begini beda cerita ada saja yang mengoceh alay lu maho lu <links>,percakapan_porno
muka kamu kayak kontol berguling guling di lantai sambil tertawa terbahak bahak,percakapan_porno
11 12 sama lonte harga diri kamu tidak ada lagi baik baik sudah lu istipar kontol,percakapan_porno
merokok akan terlihat keren kalau asapnya keluar dari pantat,non_porno_non_prostitusi
halah sudah lah ngentot mending tidur,percakapan_porno
cok bukannya sekarang ini lebih banyak cewek ketimbang cowo trus kamu suka nge gay and masih menyalahkan keadaan yang salah siapa bambang astaga kasihan itu banyak cewek nganggur,percakapan_porno
kangen dan sange itu beda tipis dudeee,percakapan_porno
keliatan kan kalau gue jantan wkwk main pedangnya benaran bukan pedang yang bisa ngaceng,percakapan_porno
yang penting tidak lupa sama agama kita jangan lupa ibadahnya kalo ada yang menghina mereka banci itu sakit bgt mereka kamu ciptaan tuhan memang dari lahir begitu kan ganteng manis wajah tersenyum lebar dan mata tertutup,non_porno_non_prostitusi
bgst jamil jablay militer kone ssaatt berguling guling di lantai sambil tertawa terbahak bahak berguling guling di lantai sambil tertawa terbahak bahak berguling guling di lantai sambil tertawa terbahak bahak,percakapan_porno
ehh ngentot ngentot kamu tau tidak siapa gue ngentot,percakapan_porno
jd ingat teman yang gay nikah sama cewek yang tinggal di daerah yang masih polos bgt alesannya ‘biar dia tak tau kelakuan gue disini’ sampe punya anakdanpolosnya gue bertanya kok bisa ena2 sama cewek ‘bayangin saja kamu lagi ng we sama cowok’ gue sebagai cewek yang dengar tuh patah hati,percakapan_porno
lebih mesum kamu lah buktinya kamu sudah punya anak menyeringai atau wajah tersenyum sombong pasti sering ngewe menyeringai atau wajah tersenyum sombong,percakapan_porno
bomboclaat <links>,non_porno_non_prostitusi
buat kamu yang kalau lagi marah ngentot stres totngen di meledeki ngentot badmood todngen seneng netnot susah pokpokchoy you re great at escapism,percakapan_porno
kaya open bo ya a,percakapan_porno
ready bbw toge main santai tidak buru2 bebas crot nego sadis blokir bayar ditempat no dp fast respon wa 08816567172 bojogja bojogjacod jogjabo jogjaincluderoom jogjalendir jogjabisyar openbojogja vcscolmek vcsbugil vcscrot vcsyuk vcswhatsapp wpjogja <links>,penjaja_seks
maju sini kamu kamu pada jingan aku kontol kita,percakapan_porno
ayam kampus anone glestivalday1 <links>,penyebar_konten_porno
838 ngentot cinta ngentod anjirr,percakapan_porno
tidak bisa diubah tapi banyak orang jadi gay gara gara pergaulan sama trauma gila kamu ya,percakapan_porno
jadi tidak bisa itu yang laki laki bilang kalau kamu bisa bilang rahim hangat gue juga bisa bilang kontol ngaceng dong yah kan samaaaa it’s totally different by the context and background heheh,percakapan_porno
muka kamu memang kayak kontol sih wkwkwkw,percakapan_porno
malu iya drun punya muka jlk terus menyamar jadi feyemfuan payah klian lgbt,percakapan_porno
hiliiiih kntl diajakin tidak pernah mau lu,percakapan_porno
enggak ada kak pp kita sudah gaada terus kita di adopt sama bencong transgender ini,percakapan_porno
fembes gua dewasa orangnya kalau gue ada apa apa gue pasti bakal cerita ke dia kenal dia dari jamet ke klesi dari dia jomlo sampai taken dari gue taken sampai gue jomlo wkwk,non_porno_non_prostitusi
jembut mas leres,percakapan_porno
buat makhluk yang ktpnya bukan dki dan berpendidikan rendah surat pemberitahuan tahunan anda sih sudah pasti tidak akan paham dengan kebijakan orang berpendidikan mendingan kamu ikut pesta sex dengan para gay gih,percakapan_porno
sok peduli kamu anjing kamu pasti cuma mau cari perhatian doang kan kntl,percakapan_porno
gue akan menantikan meme bukan titit yang lain dari kamu mba,percakapan_porno
malu memalukan deh kamu wajah gembira berurai air mata wajah gembira berurai air mata wajah gembira berurai air mata apalagi nih centang biru apa twitter enggak malu ya sama manusia homo begini coba gue cc ke bencana bot deh bencana <links>,percakapan_porno
ih kontol gue geplak juga lu,percakapan_porno
ready ya yang mau open bo orang vcs minat dan serius wajib dp more info chat dm surat cinta availjakut bokelapagading elidah menjulur keluar nakal ceria atau mengejek dengan mata tertutupojakarta bojakut availkelapagading bisyarjakut vcsreal vcscroot bokelapagading vcsyuk vcscolmek lendirjakut realangel vcscroot openbojakut vcscolmek <links>,penjaja_seks
gabisa lah titit kan cuma adek satu ngadi2 saja lu,percakapan_porno
kalau berbicara jangan asal yang kontol ketikan di jaga member buangan apa maksud kamu anjing mending kamu ribut sudah sini sama gue jangan beraninya di media sosial doang,percakapan_porno
open bo vcs ready jogja wajib ikut rules saya ya sayang no php no bacot availjogja availvcsready availbojogja wanitasange bojogjaarea bisyarjogja wanitamalam ayo say bo vcs promo untuk yang serius dijamin aman say,penjaja_seks
selama ada ceweknya sih auto ngaceng terus,percakapan_porno
sama saja kamu lama lesbi najisss,percakapan_porno
lah pedofil kan ada paksaan sedangkan lgbt atas dasar suka sama suka dari mana menyakitinya and stop saying lgbt is a disease,non_porno_non_prostitusi
club agama pantas saja kamu bela club gay agama saja tidak ngerti,percakapan_porno
lu normal lawan kamu gay panic berkilau <links> <links>,non_porno_non_prostitusi
ga mau kontol kamu kecil wkwkwk,percakapan_porno
ayam kampus juga mahal,percakapan_porno
lo mau gay adalah terserah lo tapi kalau sudah noel gue beda cerita,percakapan_porno
paling kontol itu kalau orang suka sama rokok kamu tapi kamu tidak suka rokok orng,percakapan_porno
yuk aku avail bandung iya sayang atur jdwal dan rr by direct message ya menyentuh hati atau memberikan ciuman hati menyentuh hati atau memberikan ciuman hati excludebandung availbandung expobandung bobandung availbobandung bisyarbandung openbobandung bobdg bobandung expobandung cewekbookingan bandungbokingan bandungbirahi <links>,penjaja_seks
boss telegram bokep <links>,penyebar_konten_porno
itu sih adeknya ingin bilang ngab kamu jangan siul sudah iler kamu pada muncrat di gue anjrot,non_porno_non_prostitusi
lo bilang muka gue mirip eceng gondok emang muka kamu kayak apa mirip babi dasar lonte,percakapan_porno
nanti kalau benaran ada nama fendem yang awalnya koarkoar dukung bla bla bla dan nnati sok tersakiti pigi jauh jauh ya kamu kontol 엑소엘 오래오래 사랑하자 bringbackkaibaektoexo boikot smentertaiment,percakapan_porno
mending kamu bikin pidio bokep saja belum <links>,percakapan_porno
sumpah ya kalau kamu tak tau apa tentang idol kita idol sapapun sudah yang kamu tidak kenal banget tidak usah deh buka mulut sampah kamu ngentot,percakapan_porno
avail malang marcell ready dan mandi bareng aku cuss sayang menyentuh hati atau memberikan ciuman hati openmalang availmalang includemalang codnodp bispakmalang lendirmalang kimcilmalang angelmalang expomalang <links>,penjaja_seks
adab kamu kemana saya kan sudah jadi keluarga ini he perek mama kamu saja tidak menganggap kamu sebagian dari keluarganya kali v,percakapan_porno
tukaran yuk kamu kirimkan aku video bokep yang indonesia nanti aku kasih video colok memek ku gratis,percakapan_porno
mohon maaf kak efek stres kelamaan dikurung gatal ini pantat ingin jalan2,non_porno_non_prostitusi
ya gue tahu hiv lu hari hari jajan lonte juga bakal kena hiv dampak yang kamu maksud apa,percakapan_porno
maksud kamu apa bilang babu dasar anak lonte kamu,percakapan_porno
lutfi harus mengetahui kata anjir itu hal biasa tapi yang perlu lutfi kritik itu kata kata ngentot bangsat anjing itu kata kata kotor lah dan itu kamu pasti sering berbicara begitu ke teman kamu sendiri kan lut <links>,percakapan_porno
buat ngewe lah masa buat kamu tiup dipikir itu balon menyeringai,percakapan_porno
manusia laknat seperti kamu aslinya itu banci kaleng ketika didatengi pasti mewek dan terkencing2 ujung ujungnya pakai materai 6000 dasar bangke,percakapan_porno
mfs like diskualifikasi got dan audacity to sing any oasis songs to his gf padahal pacarnya menahan napas ngentot bau banget mulut kamu bangsat,percakapan_porno
anjir wkwkwkwk nete banget nih,percakapan_porno
udah lama tidak nete wajah dengan mulut tertutup rapat atau bungkam,percakapan_porno
pengen ewe,percakapan_porno
kontol buat apa kamu kuliah jauhjauh mahalmahal cuma ngeributin kata anjir anjrit anjay,percakapan_porno
kamu yang diam lah kontol julid mulu pantas junjungan kamu flop kasihannya menunggu kesempatan dari armybts dulu ya xixixi,percakapan_porno
sekalian kamu permasalahin kata kntl sama mmk bangsat benar sudah ingin terkenal kayak gini anjing,percakapan_porno
stlh ngaceng mainkan sesuka mu jika mau ejakulasi hentikn ulngi sampai lima kali atau lebihh setelah itu waktu orgasme crootny akan lebih l,percakapan_porno
lu bilang manusia sudah terlalu banyak pake akal logika lu apabila generasi sekarang semua homo lesbi apakah akan ada generasi setelah ini tidak mungkin ada gimana manusia berkembang biak dan akan ada generasi berikutnya jika semua manusia homodanlesbi mikir,percakapan_porno
ini terlalu open minded atau gimana tapi bukannya efeknya berbahaya ya kalau anak anak keseringan menonton video porno bisa buat kecanduan <links>,non_porno_non_prostitusi
nah kan keciduk sebenarnya itu hak pribadi masing masing sih kalau kamu dikaum itu pro sama hal itu gue juga fine saja kalau teman gue ada yang gay lesbi cuma karena gue pernah mergokin salah satu orang tua gue main belakang dan ternyata dengan sesama jenis gue tidak bisa terima sakit cukk,non_porno_non_prostitusi
dasar kontol emang,percakapan_porno
gini saja terus sampai titit kamu copot yang wajah sedikit tersenyum,percakapan_porno
sebenarnya ahok kamu kapan ada plesetan nya lo wajah gembira wajah gembira kalo di artikan perek ups jujur amat daerah singkawang kal bar coba tanya bahasa kayak singkawang wajah gembira berurai air mata wajah gembira berurai air mata,percakapan_porno
yg tidak tahu itu namanya urethra sex jadi sesuatu yang dimasukan ke dalam lubang penis sampai dalam biar merasakan sensasi nikmatnya,percakapan_porno
punya bos jangan yang begini wajah gembira berurai air mata senyum keringat <links> full movie <links> bokep bokepindo boke,penyebar_konten_porno
kayak mucikari,percakapan_porno
brondong 2 kontol brondong kontollokal prank straight kontolbrondong <links>,penyebar_konten_porno
pramu said ini semua karena kalian kalau kalian tidak masuk dikehidupan alif kita tidak mungkin putus ngaceng ngakak kenceng,percakapan_porno
tanda cium avail solo tanda cium open ya say serius langsung saja denyut jantung sudah include room rr wa 087793613353 tetesan keringat exposolo availsolo bispaksolo angelsolo bisyarsolo bosolo wpsolo realbosolo openbosolo bokingansolo lendirsolo solobisyar solobirahi solobispak bojogja solo <links>,penjaja_seks
gerombolan hartoyo homo mau bubarkan mui biar isue lgbt nya ketutup sama isue ummat islam basi lu <links>,percakapan_porno
tertawa geblek lain sih rey eta kontol lau,percakapan_porno
menjual obat pembesar penis <links>,non_porno_non_prostitusi
wah lo yang ikut pesta gay kemarin ya wajah gembira berurai air mata,percakapan_porno
saya juga ingin kontol2in kepala lu fer kalau lihat muka kamu yang kayak kontol gtu,percakapan_porno
tiap chat galau mulu dasar bencong wajah gembira berurai air mata,percakapan_porno
gw doakan anak cucu kamu lgbt,non_porno_non_prostitusi
walau pendidikan tidak tinggi spt perintah kiyai ku aku tetap ingin menyalurkan ilmu² yang pernah aku enyam beberapa tahun dipesantren tp bukan dengan orang dewasa tetapi pada anak² setidaknya aku bisa mendengar cerita mrk ketawa breg mreka tdk menilai hidup mreka dsb intinya tidak cari ribut saja sama orang dewasa wajah dengan tangan menutupi mulut,non_porno_non_prostitusi
lagian yang suka nge ship begitu kayak apa tidak memikirkan perasaan biasnya kalau mereka sampai tau kadang kalau bias nya dating sama yang lawan jenis malah pada tidak terima alias oi itu bias kamu normal tidak uh kamu bikin dia seolah olah gay ya anjim,percakapan_porno
wajah gembira berurai air mata wajah gembira berurai air mata wajah gembira berurai air mata wajah gembira berurai air mata lu mau memaki tuhan dan aturannya tuhan saja benci perbuatan lgbt sama orangnya bahkan melaknat mereka menyeringai atau wajah tersenyum sombong <links>,non_porno_non_prostitusi
bacot kamu kontol,percakapan_porno
gue ga suka ya anjing ke lu cakep aja bangsat lu dulu juga gay <links>,percakapan_porno
r e c o m m e n d e d menunjuk ke kiri menunjuk ke kiri open bo foto real putih mhsswi jarang open beda foto bebas cancel di kamar tingkat kecerahan rendah bebas crot fullservis tingkat kecerahan rendah include exclude room tingkat kecerahan rendah wajib dp mesin atm putri harga chat dm ya bopontianak bokalbar angelpontianak expopontianak availpontianak openbopontianak <links>,penjaja_seks
ready pagi seks iya ya santai dan senyum avail cod stay jemursari wajah tersenyum lebar bermata hati yuk yang mau keep slot iya wajah tersenyum dengan tiga hati wajah memeluk include exclude boleh gfe mengedipkan mata detail iya direct message saja ya tersipu atau tersenyum dengan mata bahagia angelsurabaya exposurabaya includesurabaya openbosurabaya wpsurabaya codsurabaya kimcilsurabaya bosurabaya <links>,penjaja_seks
emang indon ngentot kalau dikasih monopoli apalagi di daerah lagi semoga duit kamu berkah sudah anjg gue doakan kayak kamu ngentot biar tepu2,percakapan_porno
malem minggu saja dewean sudah biasa koyo dino dino biasa,non_porno_non_prostitusi
kl gw main sm lu pasti yg selalu di salahin gw lu suka bilang bercanda baperan amat heh kntl denger ye lu uda ngerasain ape yg gw rasain blm ngmng seenak jidat lu sini ganti posisi gw yg jdi lu lu jdi gw mau kg,percakapan_porno
halah mau ngentod,percakapan_porno
gini nih kalau kenyang makan daki kontol nya yl cantik itu tidak harus kurus krempeng kayak lo yg muka harus glowing karena skin care selebgram bodoh cari sensasi doang fuck <links>,percakapan_porno
gua heran sama orang² deh kenapa tidak berbicara langsung sih wajah lega kenapa harus lewat sc lu memaki teman gue lonte lahh kamu apa kabar wajah lega wajah lega wajah lega gaskeun saja palek langsung sikat saja diaa wajah lega wajah lega <links>,percakapan_porno
s sbnerny aku tidak pernah berani goreng mkanan wajah menangis keras atau menangis tersedu sedu takut minyakny muncrat wajah menangis keras atau menangis tersedu sedu,non_porno_non_prostitusi
gila hormat najis dia tak tau saja sih mahasiswa baru sudah mencari kata tepat apa yang harus diketik klo pun salah ya kasih tau kamu sebgai seniornya kamu ngentod benci banget sama senior macam lu buat yang senior kalau junior salah di tuntun salahnya dimana jangan di amuk,percakapan_porno
paku penanda atau pushpin avail bo vcs kota sukabumi di bawah 18 tahun dilarang open pagi ini beb dua hati promo 600 2 jam fullservice dua hati no ribet minat dm wajah tersenyum dengan tiga hati menunjuk ke kanan include room hotel cinta openbosu,penjaja_seks
dua tiga tutup botol saae kamu kntl,percakapan_porno
ya kontol kamu siramin sebotol gue belum mati sudah merasakan neraka,percakapan_porno
klarifikasi pihak sctv terkait tudingan alur cerita dewasa di sinetron dari jendela smp <links>,non_porno_non_prostitusi
gay alert moga kamu cepat bertemu yang maha kuasa hahahaha wajah tersenyum lebar dan mata tertutup,percakapan_porno
body bagus enak ngentot lobang pantatmu say,percakapan_porno
lutfi yang kalau lewat tongkrongan banci jaksel auto dilemparin high heels gksih atau tidak dilabrak begitu sudah paling minimal kamu fii bego wajah menangis keras atau menangis tersedu sedu <links>,percakapan_porno
busett sudah lama tidak nete wajah menangis keras atau menangis tersedu sedu,percakapan_porno
open bo dan vcs tetesan keringat pin bulat raja hotel semarang wa 08819417520 availsemarang bisyarjogja semaranglendir semarangopenbo semarangbo,penjaja_seks
kenapa ya kehidupan dewasa setelah nikah itu jadi hal yang menakutkan buat aku karena akhir akhir ini ada lebih dari 3 orang yang aku kenal cerita gaenak tentang nikah wajah memelas menangis,non_porno_non_prostitusi
hah ngentot teman sekantor kamu positive,percakapan_porno
mayoritas hiv dari lgbt gue tau ini lagi bahas penggerebekan pesta gay tapi asal kamu tau banyak orang gay di luar sana yang bahkan tidak melakukan hs sama sekali ya karena mungkin mereka cuma tertarik orang etc kita tidak ada yang tau mending kamu cari buktinya dulu deh ya <links>,non_porno_non_prostitusi
lebih mantap kalau diangkat menjadi menko lgbt,percakapan_porno
yang kayak begini sebenarnya yang bikin standar cowok dimata cewek harus tinggi banget yang kayak begini yang bikin cowok insecure apalagi kalau ceweknya sudah bilang kek dia dong romantis ceweknya dibelikan ini dibelikan itu kontol lo mba yang bikin video tiktoknya,percakapan_porno
lo sampah selain menghina ajaran islam lo juga goblok idiot coba lo cari contoh real orang lagi sholat diewe pake orakmu ya lonte,percakapan_porno
garai ngaceng ae,percakapan_porno
ngaceng tertawa kencang yang wkwkwkwk gitu,percakapan_porno
9 mail twitter cuma buat iseng iseng saja kurang kerjaan mw cerita ke siapa ywd main twitter saja dulu pernah punya twitr tetapi isinya bokep gara gara di ajarkan teman ku alhamdulillah sekarang sudah off aku tidak omes kok cuma suka iseng saja apa skandal terbaru wkwk,percakapan_porno
lu pada baca deh susunan acaranya kamu mau ngewe tapi sebelum itu nyanyi indonesia raya dulu setelah ngewe kamu mau apa anjing upacara bendera hah <links>,percakapan_porno
utk orang orang yang bilang cuma bendera dibakar saja ribut buka mata kalian pakai logika nalar kalian akankah hal seperti ini terus dibiarkan berlangsung dan semakin masive dimana letak cinta indonesianya pancasilanya islamnya inilah jadinya kalau salat iya bokep juga mikirr <links>,percakapan_porno
profesi apa yang cocok sama ayam pecun,percakapan_porno
anjing babi tai tolol memek kontol bangsat jembut ngentot jancok bego goblok kirik wedus koplok kenapa tidak dipermasalahkan itu kata umpatan ajg kenapa harus salah satunya lu tidak pernah nongkrong apa bagaimana sih nolep kali ya kamu dari lahir,percakapan_porno
lu berdua lucu gue kayak bencong pakai ginian,percakapan_porno
assalamu alaikum kepada kucing di depan kamar gue tolong jangan ngewe di sana gue lagi stres kamu malah ngewe sianjing,percakapan_porno
anjay itu dilarang bukan karena arti nya sih tapi ya memang kurang keren saja kenapa harus repot sih kalau anjir itu dilarang kan masih banyak katakata yang lain anjing lu bangsat lu ngentot lu lebih kelihatan keren kedengerannya daripada bilang anjay lu,percakapan_porno
bruh people pisses me off sok easily anjir gue benci banget sama orang yang dramatic banget like ngentot kamu ini realita bukan film anjjng wake up jangan kebanyakan menonton sinetron,percakapan_porno
menyesal kan memilih gue jadi crew kecerdasan spiritual lo wkwk iya menyesal saja tidak apa apa gue juga menyesal kok sudah kasih proposal list sponsor buatkan l,non_porno_non_prostitusi
lebih suka berbicara jembut,percakapan_porno
nah berarti dengan mas bilang begini mas tidak tanggap dengan maksud saya ok saya pun masih belajar maksud saya dari balasan saya di lapak ini itu untuk tidak menekan mental orang lain tpi membantunya untuk ke jalan yang lebih baik apakah ada statment dari saya yang mengatakan lgbt itu benar,non_porno_non_prostitusi
gajelas kamu ngentot,percakapan_porno
aku sange nih ingin croot,percakapan_porno
hoi gay banci situ kafir ya ngerti tidak kalau di islam orang yang sudah hijrah menggunakan hijab wajib buat saudara seiman menutupi masa lalunya yang negatif dasar kaum laknatullah alaih,percakapan_porno
ih sange banget jadi mau nete,percakapan_porno
akibat corona banyak pekerja yang menganggur sehingga cari cari bahan perkara baru dan mereka menemukan kata anjay sebagai kata yang tidak pantas dan dengar dengar bisa di pidana kasian amat kata kontol tidak sepopuler anjay kalah saing kamu tol,percakapan_porno
kalo sekadar malu tak apa2 yang seharusnya di takutkan kena azab allah gara gara lgbt dibiarkan lgbt manusia laknat yang mengundang azab allah secara merata seperti umatnya kaum luth kamu pelaku lgbt juga ya,non_porno_non_prostitusi
napasih kontol ini terus kamu bahas kpopers twitter ada masalah hidup apa sampai natya terus yang ada di otak kamu pada,percakapan_porno
kok lo yg ribet si kntl,percakapan_porno
dari dulu sampai sekarang masih saja di bahas pada tidak bosan apa lu semua pada belum lahir lgbt juga sudah ada anjeng lgbt itu tidak bakal punah mau bagaimanapun caranya mau dengan cara membunuh juga bakal tetap tumbuh lgbt,non_porno_non_prostitusi
emangnya anjing bencong bisa ngiris cara kerja telegram saja tidak bisa bisanya cuma mentok digaruda,percakapan_porno
kata halusnya jembut,percakapan_porno
kalo urusannya anal sex hetero sex juga banyak yang melakukan hubungan anal sex lo mainnya kurang jauh sex party bisa dilakukan gay juga hetero konteksnya kan asusila kalo urusannya melanggar kodrat nontin bokep juga dilarang allah sumpeh kamu tidak pernah nge bokep disayang allah gitu,percakapan_porno
tau aja tidak enak ya titit kamu lagi mblecung gue tinggal,percakapan_porno
gausaaa sok ngakak ya lo jleeegg mo digeplak bencong heh,non_porno_non_prostitusi
kalo ada yang berhasil mengobrol sama dia gue mau menitip pertanyaan dong lu kalau jari kaki kamu tidak sengaja ketendang meja pernah tidak refleks berbicara aduh anjing ngentot lah sakit banget gitu,percakapan_porno
blak blok blak blok apaan sih kamu kontol,percakapan_porno
liatin memeknya dong mb ika cntix nan sexy bohay pasti memek mb ika superrr jumbo tembem mantabbb banget dch,percakapan_porno
off kontol kamu baperan,percakapan_porno
kalau sedang sange <links>,penyebar_konten_porno
bencong rempong muka buluk begitu apanya mau kamu banggakan ckck,percakapan_porno
lu yang enak kamu yang bikin anak giliran bertengkar gue yang kamu suruh kontol,percakapan_porno
wal suparmo menyeringai menyeringai tuhan itu menciptakan makhluk secara berpasang an adam dan hawa laki dan perempuan bukannya pasangan andre dan andri menyeringai psti km termasuk kaum lgbt yah suka menembak lubang tau menyeringai menyeringai menyeringai dasar makhluk sesar,percakapan_porno
sehun gay sehun homosexual sehun twink sehun lgbt sehun homo sehun loves men sehun boyfriend <links>,percakapan_porno
hello say aku lagi open say buruan chat aku ya php blok yaa wa 088242431523 line syalala s tanda cium mata sepatu hak tinggi lipstik bank kantung uang yen dolar uang bersayap kartu kredit tanda dolar tebal camsex camseks bokepsma bispak toket mosex vcs meki fuck camseks camsex avail bandungseks mom cock milf hypersexual openvcs morning,penjaja_seks
udh lgbt ateis lagi wajah gembira berurai air mata wajah gembira berurai air mata kamu calon penghuni kerak neraka oi wajah gembira berurai air mata,percakapan_porno
buka pintu sedikit masuk sudah itu anakan kucing nya jablay kesal bgt,percakapan_porno
hehe tante seksi tetek gede bokong semok kan mubazir dianggurin menyentuh hati atau memberikan ciuman hati,percakapan_porno
tidak lah mending tenaga buat eue,percakapan_porno
ini antusiasme lebih ke ingin mengukur kontol mas iper apa mau ngewe sama gw wajah berpikir,percakapan_porno
rumah sakit di daerah mana nih jonn <links> bokep bokepindo bokepbarat bokepjepang vcscolmek,penyebar_konten_porno
apaansi ngentot d1sband muka kamu gepeng idl kamu lagi berjuang malah disuruh bubar otaknya mana sistur,percakapan_porno
open bo tangerang info rr by 082137873733 <links>,penjaja_seks
tidak cuma orsex sih segala sesuatu itu pasti ada alesannya kayak kamu tidak mengerjakan pekerjaan rumah pasti ada alesannya kamu jadi gay juga pasti ada alesannya,non_porno_non_prostitusi
dih sapa kamu mengatur mengatur gue dpr kalo tidak suka sama kata kata gue ya tinggal bub saja ngentot ribet banget hidup kamu sumpah kurang pekerjaan banget sampai sebegitunya memperhatikan kata kata gue cupu kamu ah babi beraninya di secreto doang puki ngentot ngentot ngentot ngentot mampus <links>,percakapan_porno
iyaiya kamu suci karena belum pernah ngewe gue sudah tidak suci bangsat lah,percakapan_porno
dasar jangan terlalu polos kenapa jadi cewek nanti di goblokan cowok cowok mucikari saja segala tak tau hadeuh,percakapan_porno
open vcs berbayar tetesan keringat tetesan keringat vcsbugil no basa basi iya say tanda cium tanda cium wa 081549312966 vcs vcsyuk vcsbugill vcscroot vcsjilbab vcswhatsapp vcssangek vcshot vcsindonesia vcsbugil vcstrusted vcsreal vcshijab vcsberbayarpulsa vcsberbayar vcspekanbar lendirpekanbaru bopekanbaru <links>,penjaja_seks
heey nak bapak tau kamu pura pura kaya di instagram balikin motor gue ngentot malah di pakai wili wili tai anjing kamu tolol bener,percakapan_porno
centang centang refund itu proses hlh kntl,percakapan_porno
kamu kok aku cium pipi tidak jijik lesbi y eoh trus kamu nyium gue apa njing kalo nyium tidak lesbi ya kalo dicium terus baik baik saja itu yang lesbi,percakapan_porno
avail hotel axana padang minat info direct message saja <links>,penjaja_seks
wkwkwkwkwk aso kamu kira mau ngewe online berguling guling di lantai sambil tertawa terbahak bahak,percakapan_porno
ngakar kamu sampai muncrat yan,non_porno_non_prostitusi
pake nama akun kill kadrun segala bunuh benaran kalau berani bangsat jangan cuma nama akun saja kill killan ngentot kamu bangsat,percakapan_porno
emang enak sih kalau ngegoreng berita berita sensitif macam sexual preference apalagi lgbt banyak celah buat bikin notifikasi kamu rame konten kamu laku soal dampak kebelakang sih iya bodoamat,non_porno_non_prostitusi
boro boro mau ngewe di rumah aku mau masak indomie saja harus sembunyi sembunyi biar tidak dimarahi ibu sedih atau cemberut,percakapan_porno
foreplay saja tidak apa apa kok tapi kalau kamu mau foreplay sama siapapun apalagi lonte selalu sedia pengaman,percakapan_porno
yg jelas kamu terafiliasi sama buzzerrp politik dibiayai uang rakyat kntl <links>,percakapan_porno
ky punya kontol saja lo,percakapan_porno
sory kudet baru keluar dari rumah memang gledek itu masalahnya apa sih njimm ada yang bilang endorse itu titit lah ini lah bingung gue anjim,percakapan_porno
tidak ada yang lebih pedih selain air cabe muncrat ke mata wajah menangis keras atau menangis tersedu sedu,non_porno_non_prostitusi
uda kayak ngentot banyak berbicara kamu dikira orang tidak mengantuk apa ada yang mau siap siap belajar bacot bgt,percakapan_porno
ayo booong semangat lagi ya berjuang nya sampai titik darah penghabisan membela tumpah darah katak pembina eh kakak pembina kamu sih bencong kasihan bong dia itu mujihad sejati melawan kemunkaran para kadrun gue bahagia dan terhura lihat kamu berjuang boong wajah menangis keras atau menangis tersedu sedu,percakapan_porno
ngewe yuk,percakapan_porno
maksudnya kamu bisa juga kok memilih untuk jadi gay,non_porno_non_prostitusi
ayam kampus <links>,penyebar_konten_porno
ya alah waktu pelajaran biologi jangan pergi tong jelas jelas masa 1980an di amerika terdapat puluhan pasangan lgbt yang kena hiv and aids dan penyakit itu hanya ditemukan oleh pasangan yang berhubungan sesama jenis nah kamu bilang tidak berbahaya tidak berbahaya dari hongkong,non_porno_non_prostitusi
kontol lu,percakapan_porno
97 remaja smp dan sma pernah melihat video porno,percakapan_porno
besar badan daripada titit sedih atau cemberut huhu,percakapan_porno
open bo yoyakarta wajib uang muka no cod no tipu tipu serius direct message wa 082381891956 openbojogja angeljogja realbojogja bojogjacod bojogja angeljogja availjogja wpjogja panlokjogja jogjabo togejogja <links>,penjaja_seks
nikah muda nikah mudah pret pada kebelet ngewe saja kamu pada,percakapan_porno
lahap banget kalau ketemu kontol tidak disunat bahancoli kontol memek ngentot ngewe blowjob kulumin <links>,penyebar_konten_porno
kejauhan pikiran kamu ngentot twibbon guna nya supaya orang tau tentang universitas itu supaya next tima yang tertarik lebih banyak,percakapan_porno
sok banget mantap kamu kontol,percakapan_porno
kok gue nemumya penis ya ni wajah sedikit tersenyum,percakapan_porno
jadi mucikari gan mantap,percakapan_porno
kcg peringatan peringatan ini mau lahiran yg dari atas itu lubang pup yg dari bawah lubang vagina nya keluar air rembes sa ada putih2 nya wajah menangis keras atau menangis tersedu sedu wajah menangis keras atau menangis tersedu sedu mau lahiran apa bagaimana gaes <links>,percakapan_porno
yang boleh ngecengcengin jerawat gue cuma circle gue doang selain itu gue amplas bibir lu kontol,percakapan_porno
kamu tidak punya titit,percakapan_porno
ngentot banget lu,percakapan_porno
dia reply memberi gambar es batu mirip kontol lo mau lagi bahas supaya enggak melecehkan orang tapi dilecehin mau lo,percakapan_porno
ceileeeehhhhh takut kok mengajak markibong mari kita bongkar ketakutan sih bencong,percakapan_porno
coba pantat nya di ha hah in kali saja nongol,percakapan_porno
dah kamu pindah negara saja kalau mau lgbt an yg pasti indonesia sampai kapanpun tidak ada lgbt an,percakapan_porno
kok gue malah tertawa waktu polisi cari potongan penis nya wajah menangis keras atau menangis tersedu sedu,percakapan_porno
pita masih open sayank pita panah kanan kiri ready open vcs dolar bebayar dolar persegi putih kecil real akun 100 tanda centang tebal panah maju tarif 100k 20 menit panah maju tarif 50k 15 menit panah maju full body full face panah maju via pulsa t sel panah maju chat via wa <links> vcs50k openvcsreal vcsbugil realvcs vcsreal membervcs vcsberbayarpulsa <links>,penjaja_seks
titit kamu mmksudnya goblok gue salah ketik wajah menangis keras atau menangis tersedu sedu wajah menangis keras atau menangis tersedu sedu,percakapan_porno
bokep indo free bokep sma bokepkorea bokepjapanese bokepsmp videobokepviral videobokep nontonbokepgratis bokep bokepindo filmbokep bokepjepang bokephijab bokepviral nontonbokepterbaru mesum videomesum panah kanan <links>,penyebar_konten_porno
lap kamu sange,percakapan_porno
sedih banget tidak sih ketika baekhyun bilang dia sudah di tahap merasa kosong terus kita sebagai penyemangat dia mencoba untuk nyemangatin tapi ada saja lambe lonte yang bilang kalau segala semangat kita ini itu penuh drama alias pantec lo,percakapan_porno
yg baca ini jablay,percakapan_porno
wah sudah jadi kaum lgbt,percakapan_porno
enak tug tidak memek y,percakapan_porno
kalo aku jadi kamu di begitukan aku balas saja emang iya gue bencong dan belagu oh asal kamu tau gue bangga jadi diri gue v,percakapan_porno
open video call sex berbayar uang bersayap yuk yang mau order video call sex nya bikini terjamin 100 trusted wa 085264318320 opengrup membersonly memekperawan vcsreal vcs readyvcs vcscolmek vcscrot vcs vcsbugil vintage vinagarut lendirnikmat jilboob <links>,penjaja_seks
bangun pagi sudah sange saja ni yuk yang masih melek open vcs lagi ya sayang yang lagi sange dm saja pasti pagi pagi sudah sange kan vcs berbayar ya tidak gratis <links>,penjaja_seks
pas selesai mandi senior tim lain bilang lu ke kantor dulu ya mengantarkan anak baru ke klien kamu sunter disuruh pak bos ngentod banget tidak itu tidak ada koordinasinya anjir,percakapan_porno
goblok kamu kata tidak merugikan orang lain pelaku pedopilia itu kriminal najis gue kalau punya anak jadi pelaku lgbt naudzubillaahi min dzalik jadi tidak membayangkan itu anak gua lgbt penyakit sadar woy,percakapan_porno
minta tolong rtnya gay nanti gue kasih permen kiss <links>,non_porno_non_prostitusi
lah dibaca dong masnya bilang pertama kali hiv ketemu di us ketauannya dari seorang lelaki gay trs gue benerin bukan gitu kalau kamu baca dari yang gue kasi pertama kali hiv itu ketemu di afrika wajah terbalik,non_porno_non_prostitusi
kntl abev anjing diem dah lo emg gbs dipegang omongannya anjgg,percakapan_porno
njir tete gede memek tembem,percakapan_porno
open bo vcs inc exc tanda centang berwarna putih ada bonus untuk member baru wajah tersenyum lebar bermata hati info rr dm panggilan masuk atau telepon masuk wa 087741177925 bopurwokerto purwokertobo availpurwokerto readypurwokerto angelpurwokerto realbopurwokerto includepurwokerto readybopurwokerto openbopurwokerto kimcilpurwokerto openbopurwokerto <links>,penjaja_seks
prihatin kondisi mahasiswa meepago ini janji meki nawipa suara papua <links>,non_porno_non_prostitusi
gay kamu ya,percakapan_porno
engga lu jelaskan balapannya aja kan tidak mesti gay yang jelasin,percakapan_porno
si nisa malah ingin jadi ayam kampus di saat corona keren banget,percakapan_porno
gw baca ini pas mw minum untung airnyq belum sampai mulut klonkaga muncrat deh tp gerakan bibir pas banget banget hahaha,non_porno_non_prostitusi
ngga kok dia permanen sekarang di weki meki jadi doyeon itu dulu kan ikut produce dia lolos dan debut girl grup proyek namanya ioi di kontrak 1 tahun gitu,non_porno_non_prostitusi
mau nete dong cantik,percakapan_porno
cantik karena efek saja bangga lo itu putih karena bedak doang lo itu sudah kayak lonte ubah deh sifat lo menjijikkan percuma diet banyak yang lebih cantik dari lo blablabla dan masih banyak lg,percakapan_porno
udah dua tahun lebih kamu anjeng masih saja kayak kontol semua,percakapan_porno
masih avail semua ya yuk diisi soltnya jantung atau hati x1 x1oneit x1fanclubofficial <links>,non_porno_non_prostitusi
di masa pandemi seperti ini kota asri tenang dan sejuk ini malah banyak variabel usaha seperti sekarang ini banyak psk penjual sate keliling bermunculan bervariatif model dan caranya untuk menarik pelanggan baru ada yang diam di tempat ada yang keliling ada juga via ol,non_porno_non_prostitusi
1 tidak pernah mengepoi ih titit eh titik wajah marah dengan ucapan kasar wajah sangat marah 2 kok kamu jadi marah sih kasar gue tabok lu,percakapan_porno
gw menonton 2gether cuma lihat bright terus gue skip skip soalnya jijik gmm banyak yang gay pppppffffttttttttt <links>,percakapan_porno
bisa lah cerita dewasa,percakapan_porno
ayo pilih alin aja alin itu bawel banget semuanya diomongin melihat banci dijalanan saja aku mengomongkan tapi baik kok sedih atau cemberut,non_porno_non_prostitusi
untung kamu tidak pernah berbicara anjay melainkan sapaan kamu ke gue kntl wajah senang atau tersenyum,non_porno_non_prostitusi
gua punya masa lalu yang kelam jadi gue juga termasuk kaum ini gua cuma mau ngomong kalo mereka yang suka sesama jenis tidak ganggu kamu apa tidak kenapa apa kamu ya sudah deh tidak usah di permasalahkanwajah senang atau tersenyum lu pada yang benci lgbt tidak bakal tau apa yang mereka rasainwajah senang atau tersenyum lgbt,non_porno_non_prostitusi
opening scene apakah aku baru saja melihat bulu jembut gading marten,percakapan_porno
open bo dan vcs say menyentuh hati atau memberikan ciuman hati wajah tersenyum lebar bermata hati cobain sensasi rasa pacar pasangan dengan hati harga promo ya sayang rr dm includejogja bojogja bojogjaarea openbojogja bisyarjogja wpjogja angeljogja jogjabispak jogjabo availjogja bbwjogja <links>,penjaja_seks
lo kontol <links>,percakapan_porno
kalau kamu tidak setuju kamu tidak cocok tinggal di indonesia indonesia menganut paham pancasila yang sila pertamanya ketuhanan yang maha esa tuhan mana yang mendukung lgbt,non_porno_non_prostitusi
lo bukan lesbi yakan,percakapan_porno
anjing kesal banget gue ngentod,percakapan_porno
baca isi email itu jangan setengah pahami seluruh nya biar otak udang kamu tidak bego2x amat di suruh maju berdua tidak berani dasar takut banci kaleng dan darryl <links>,non_porno_non_prostitusi
yg tau aja maksud kamu apa kontol,percakapan_porno
ngaceng woyyyyt tertawa kencengg berguling guling di lantai sambil tertawa terbahak bahak,percakapan_porno
manusia paling kocak sih ya seenak jempolnya dia memaki orang tapi pas di bully balik pakai bacot mata mata gw ngapa pada sewot lu kontol mba,percakapan_porno
di sini avail lirik ini yuk kak mau open batch bintang jatuh,non_porno_non_prostitusi
aduuhh akun ternak pp banci pakai komen lgi pasti bawa perasaan deh payah kaleeng² mecin pejantan sayur,percakapan_porno
kamu kemana sih dari tadi tidak aktif² jadi kepikiran lah aku bacot lonte,percakapan_porno
kalo tidak mau di panggil kak di panggil ngentot saja iya ini makanannya ngentod,percakapan_porno
jadi itu ada anak yang namanya oh jisoo dia itu lugu pinter selalu ranking 1 jd selama ini dia jadi mucikari untuk mencukupi kehidupannya duit sudah kekumpul buat kuliah eh bapaknya yang kelakuan kayak dakjal malah mencuri duitnya duit hasil mucikari dibuat sekolah dan bayar les2an,non_porno_non_prostitusi
mau kamu apaan pdang ngentot,percakapan_porno
jadi kesimpulannya jangan mau di ngewe kalau tidak kenal bener2 lagian sudah tahu banyak lelaki hidung belang dijanjiin ini itu percaya aja kecuali kamu dipaksa diperkisi atau diancam akan sesuatu hal itu baru namanya sih cowoq bangsat,percakapan_porno
tau kenapa sebab komen ‘abang ngaceng dek’ akan menghantui kehidupannya hingga kehilangan rasa aman dan realita ini tak akan terjadi pada jojo atlet laki laki yang buka baju dan dapat komen ‘bikin rahim anget’,percakapan_porno
udehhh ini hidup2 gue lu tidak usah ikut campur urus saja hidup kamu sendiri haha guys kita makhluk sosial wajar dong kalau ada hal yang menyimpang kita tegor itu bukan ikut campur kalau hidup kamu tidak mau di tegor gak mau di nasehati yaudeh lu tinggal di hutan saja sono lgbt,non_porno_non_prostitusi
so kamu are some kind of mucikari pemulung pemulung apa gimana,percakapan_porno
